Month of Data Date,State On/Off ,Index,Game Name,Parent Supplier,Game Category,"Month, Year of OGPD Release Date",Casinos (Sites),Avg. Average Bet,Median Avg Bet,Avg. Games Played Index,Avg. Coin In Index,Theo Win Index,Avg. Theo Win Index Game Category,% of Total GGR
Nov '25,,1,First Person Blackjack,Evolution,Live Casino,"August, 2021",4,$99.84,$99.72,2.09,56.7,50.47,13.60,0.21%
,,2,Blackjack,Igt,Table Game,"March, 2021",22,$71.86,$55.67,4.23,65.5,43.93,17.40,1.39%
,,3,Cash Eruption,Igt,Slot,"August, 2021",33,$1.84,$1.74,56.54,38.7,43.47,47.59,2.15%
,,4,Live Vip Baccarat,Playtech,Live Casino,"March, 2024",4,$170.64,$43.00,0.59,36.5,34.13,9.20,0.16%
,,5,Huff N Even More Puff,Light & Wonder,Slot,"August, 2025",33,$2.24,$2.04,26.00,22.2,29.57,32.38,1.33%
,,6,Live Dealer Speed Baccarat,Evolution,Live Casino,"May, 2023",20,$103.86,$88.09,2.54,41.9,29.24,7.88,0.59%
,,7,Gold Blitz Fortunes,Games Global,Slot,"October, 2025",18,$1.18,$1.17,37.31,19.3,28.00,30.65,1.35%
,,8,Live Dealer Single Zero Roulette,Evolution,Live Casino,"July, 2021",2,$176.86,$176.86,0.34,29.7,27.39,7.38,0.05%
,,9,Blackjack Live,Evolution,Live Casino,"August, 2021",14,$104.42,$112.48,3.06,55.5,24.18,6.52,0.82%
,,10,American Roulette Live,Evolution,Live Casino,"June, 2023",5,$41.96,$39.42,1.07,20.5,23.51,6.33,0.15%
,,11,12 Fortune Dragons,Games Global,Slot,"October, 2025",21,$1.38,$1.34,25.00,15.6,21.79,23.86,0.96%
,,12,Premium Blackjack Pro,Playtech,Table Game,"January, 2024",2,$59.63,$59.63,4.18,46.6,21.34,8.45,0.05%
,,13,Live Dealer Lightning Roulette,Evolution,Live Casino,"March, 2021",22,$28.11,$27.60,1.94,18.9,21.29,5.74,0.90%
,,14,Live Dealer Crazy Time,Evolution,Live Casino,"December, 2023",32,$18.23,$15.35,3.28,20.4,20.66,5.57,0.93%
,,15,Kong 3 Even Bigger Bonus,White Hat Studios,Slot,"October, 2025",14,$1.00,$0.96,22.78,12.1,17.46,19.12,0.78%
,,16,Lion Link Wealth Of The Dragon,Light & Wonder,Slot,"August, 2025",19,$1.37,$1.35,22.29,13.6,17.36,19.01,0.50%
,,17,Blackjack Surrender,Igt,Table Game,"October, 2021",19,$88.46,$39.87,3.72,44.2,16.82,6.66,0.21%
,,18,Live Dealer Craps,Evolution,Live Casino,"November, 2021",20,$61.62,$13.42,4.30,32.8,16.79,4.52,0.46%
,,19,Whirl Win,Bragg Gaming Group,Slot,"October, 2025",7,$1.22,$1.30,20.40,12.1,16.77,18.36,0.34%
,,20,Live Dealer Roulette,Evolution,Live Casino,"March, 2021",32,$50.37,$36.49,1.59,14.6,16.34,4.40,0.67%
,,21,Hypernova Megaways,Reel Play,Slot,"March, 2021",33,$1.59,$1.47,23.96,15.8,15.23,16.67,0.66%
,,22,Capital Gains,Ags,Slot,"April, 2021",30,$2.27,$2.14,16.52,15.0,15.11,16.54,0.69%
,,23,Cleopatra,Igt,Slot,"March, 2021",33,$1.20,$1.11,24.64,12.3,14.98,16.40,0.78%
,,24,Megajackpots Cash Eruption,Igt,Slot,"September, 2025",14,$2.99,$2.64,6.85,7.2,14.66,16.05,0.34%
,,25,Mystery Of The Lamp Enchanted Palace,Igt,Slot,"November, 2025",30,$2.32,$2.20,9.77,9.8,14.47,15.85,0.60%
,,26,Cash Eruption High Stakes,Igt,Slot,"June, 2025",33,$65.47,$23.22,0.86,11.7,13.50,14.78,0.55%
,,27,Gold Blitz Ultimate,Games Global,Slot,"May, 2025",22,$1.89,$1.63,11.27,9.7,13.20,14.45,0.40%
,,28,88 Fortunes,Light & Wonder,Slot,"March, 2021",33,$3.43,$3.04,10.77,13.2,13.16,14.41,0.53%
,,29,Live Dealer Baccarat,Evolution,Live Casino,"June, 2021",25,$75.69,$65.50,1.36,31.5,13.05,3.52,0.63%
,,30,Chicks In Vegas,Games Global,Slot,"September, 2025",18,$1.31,$1.28,17.30,9.2,13.04,14.28,0.43%
,,31,Huff N More Puff,Light & Wonder,Slot,"January, 2025",33,$2.72,$2.36,10.58,8.6,12.77,13.98,0.53%
,,32,Mo Mummy Mighty Pyramid,Aristocrat,Slot,"February, 2025",18,$2.42,$2.34,11.58,8.6,12.48,13.66,0.33%
,,33,Wolf It Up Again,Inspired,Slot,"November, 2025",23,$1.52,$1.38,15.01,8.7,12.46,13.64,0.44%
,,34,Super Crystal 7s,Ainsworth,Slot,"March, 2021",5,$19.51,$1.67,0.05,9.2,12.44,13.62,0.16%
,,35,7s Fire Blitz Hot Stepper,White Hat Studios,Slot,"January, 2025",31,$1.72,$1.52,14.29,9.9,12.16,13.31,0.71%
,,36,Huff N Lots Of Puff,Light & Wonder,Slot,"November, 2025",26,$1.45,$1.33,8.63,8.7,11.65,12.76,0.44%
,,37,Craps,Internal,Table Game,"April, 2021",7,$7.88,$6.47,0.63,3.3,11.47,4.54,0.24%
,,38,Vip Blackjack,Playtech,Table Game,"January, 2024",2,$138.07,$138.07,0.79,12.3,11.31,4.48,0.03%
,,39,Mo Mummy Valley Of Riches,Aristocrat,Slot,"July, 2025",17,$2.30,$2.32,9.16,8.5,11.18,12.25,0.42%
,,40,Cash Eruption Slingo,Gaming Realms,Slot,"October, 2025",31,$13.31,$10.18,4.43,10.4,11.18,12.24,0.42%
,,41,3x Ultra Diamond,Ags,Slot,"May, 2024",30,$4.03,$2.06,5.46,7.9,10.74,11.76,0.37%
,,42,Heads Up Hold Em,Playtech,Slot,"January, 2024",2,$41.14,$41.14,1.01,10.5,10.45,11.44,0.02%
,,43,Adventures Beyond Wonderland Live,Playtech,Live Casino,"January, 2025",2,$10.07,$10.07,2.84,9.3,10.42,2.81,0.01%
,,44,Bao Zhu Zhao Fu Jade Celebration,Aristocrat,Slot,"October, 2025",8,$2.18,$2.13,7.95,7.2,10.18,11.15,0.11%
,,45,7s Fire Blitz Power 5 Jackpot Royale Express,White Hat Studios,Slot,"June, 2025",25,$1.72,$1.62,11.07,7.9,9.73,10.66,0.42%
,,46,Diamond Nudge,Ags,Slot,"October, 2025",28,$1.78,$1.78,8.42,6.2,9.60,10.52,0.32%
,,47,Bigger Piggy Bank,Inspired,Slot,"July, 2025",25,$1.25,$1.28,14.60,6.8,9.53,10.43,0.32%
,,48,Rakin Bacon Jackpots Bonus Board,Ags,Slot,"September, 2025",26,$1.56,$1.49,8.83,6.4,9.49,10.40,0.49%
,,49,Big Money Frenzy Jackpot Royale Express,White Hat Studios,Slot,"September, 2025",4,$1.24,$1.10,12.77,5.2,9.00,9.85,0.05%
,,50,Single Player Blackjack - 3 Hands,Internal,Table Game,"April, 2021",4,$62.64,$61.95,2.99,38.2,8.95,3.55,0.00%
,,51,Rakin Bacon Jackpots Bonus Wheel,Ags,Slot,"August, 2025",30,$1.61,$1.63,10.15,6.7,8.86,9.70,0.37%
,,52,Werewolf It Up,Inspired,Slot,"October, 2025",26,$1.29,$1.07,14.79,6.2,8.71,9.54,0.39%
,,53,Jin Ji Bao Xi Endless Treasure,Light & Wonder,Slot,"March, 2021",33,$3.14,$2.85,6.04,8.3,8.64,9.46,0.32%
,,54,Pay Pig 10k Ways,Reel Play,Slot,"November, 2025",13,$1.46,$1.35,10.87,6.5,8.59,9.41,0.31%
,,55,7s Fire Blitz Win Boost,White Hat Studios,Slot,"September, 2025",28,$1.63,$1.40,7.93,5.9,8.53,9.34,0.33%
,,56,Majestic Fury Megaways Jackpot Royale Express,White Hat Studios,Slot,"October, 2025",8,$0.89,$0.88,12.31,4.4,8.31,9.10,0.07%
,,57,Blackjack,Playtech,Table Game,"January, 2022",5,$128.11,$85.30,1.77,9.4,8.11,3.21,0.05%
,,58,7s Fire Blitz Hot Stepper Megaways,White Hat Studios,Slot,"July, 2025",32,$2.04,$1.79,7.81,6.0,8.08,8.85,0.34%
,,59,Wolf It Up,Inspired,Slot,"December, 2024",27,$1.45,$1.34,11.54,5.9,7.99,8.75,0.29%
,,60,10000 Wonders 10k Ways,Reel Play,Slot,"January, 2022",33,$1.68,$1.56,11.84,8.3,7.86,8.61,0.34%
,,61,Adventures Beyond Wonderland,Playtech,Live Casino,"December, 2023",3,$12.93,$11.88,1.99,8.8,7.86,2.12,0.02%
,,62,Cashback Blackjack,Playtech,Table Game,"April, 2023",2,$18.69,$18.69,1.09,8.1,7.82,3.10,0.02%
,,63,NFL Big Kick LuckyTap ™,Design Works Gaming,Instant Win,"September, 2022",19,$1.39,$1.35,22.70,8.1,7.73,14.39,0.58%
,,64,Baccarat,Evolution,Live Casino,"March, 2021",28,$46.88,$42.54,1.22,20.5,7.65,2.06,0.28%
,,65,Wheel Of Fortune Diamond Spins 2x Wild,Igt,Slot,"October, 2024",25,$2.69,$1.34,7.68,4.8,7.29,7.99,0.27%
,,66,Blackjack,Internal,Table Game,"July, 2021",12,$31.26,$27.79,6.65,23.5,7.28,2.88,0.13%
,,67,The Flintstones,White Hat Studios,Slot,"November, 2024",27,$0.84,$0.71,26.45,6.0,7.20,7.88,0.54%
,,68,Toymaker Magic,Light & Wonder,Slot,"November, 2025",7,$1.03,$1.13,9.56,5.2,7.19,7.88,0.07%
,,69,Gobble Gobble Gobble,Evolution,Slot,"October, 2025",13,$0.98,$1.01,11.79,5.4,7.12,7.79,0.12%
,,70,333 Boom Banks Power Combo,Games Global,Slot,"March, 2025",22,$1.30,$1.17,10.61,5.3,7.08,7.75,0.25%
,,71,3 Hot Chilli Peppers,1x2 Network,Slot,"April, 2025",5,$1.27,$1.29,9.85,6.4,7.05,7.72,0.05%
,,72,Multihand Blackjack Poker Pairs With Surrender,Igt,Table Game,"December, 2021",8,$36.48,$25.04,0.83,11.8,6.87,2.72,0.03%
,,73,Big Piggy Bank,Inspired,Slot,"March, 2024",26,$1.41,$1.10,9.94,4.9,6.73,7.37,0.25%
,,74,Energy Joker Hold And Win,Octoplay,Slot,"July, 2025",4,$1.51,$1.43,8.30,6.7,6.64,7.26,0.02%
,,75,Saint Nicked 3 Present Tense,White Hat Studios,Slot,"November, 2025",24,$1.06,$1.02,7.48,4.2,6.63,7.26,0.26%
,,76,Mayan Fusion,Games Global,Slot,"October, 2025",18,$1.52,$1.53,7.68,4.4,6.58,7.20,0.19%
,,77,Fire And Roses Joker 2 All In,Games Global,Slot,"November, 2025",21,$1.33,$1.31,6.59,4.1,6.55,7.17,0.28%
,,78,Diamond Charge Hold And Win,1x2 Network,Slot,"October, 2025",4,$1.05,$1.08,9.21,4.4,6.39,7.00,0.05%
,,79,Blackjack,Evolution,Table Game,"March, 2021",28,$56.60,$50.64,2.31,25.3,6.22,2.46,0.19%
,,80,Diamond Cash Mighty Elephant Win Ways,Greentube,Slot,"September, 2024",5,$3.28,$1.80,1.55,4.9,6.19,6.77,0.02%
,,81,Megajackpots Pixies Of The Glade,Igt,Slot,"November, 2025",12,$4.07,$1.87,1.88,3.2,6.18,6.77,0.08%
,,82,European Roulette Vip,Evolution,Live Casino,"June, 2023",12,$118.60,$86.22,0.18,7.6,6.14,1.66,0.08%
,,83,Oink Oink Oink,Playtech,Slot,"January, 2025",23,$1.09,$1.02,11.19,4.7,6.08,6.66,0.15%
,,84,Wheel Of Fortune Pink Diamond,Igt,Slot,"October, 2025",5,$3.84,$3.87,1.96,2.9,6.08,6.66,0.04%
,,85,Mystery Of The Lamp Treasure Oasis,Igt,Slot,"September, 2024",33,$2.64,$2.34,4.41,4.5,6.03,6.60,0.27%
,,86,Parthenon Quest For Immortality,Evolution,Slot,"September, 2021",32,$1.91,$1.63,5.80,4.4,6.03,6.60,0.25%
,,87,Mad Hit Mr Coin,Ruby Play,Slot,"September, 2025",6,$1.58,$1.49,6.36,4.2,5.91,6.48,0.03%
,,88,Bonanza,Evolution,Slot,"March, 2021",23,$1.87,$1.83,11.40,5.9,5.90,6.46,0.16%
,,89,Lightning Roulette,Evolution,Live Casino,"March, 2021",24,$23.45,$19.48,0.70,7.2,5.88,1.58,0.15%
,,90,Timber Wolf Triple Power,Aristocrat,Slot,"November, 2025",14,$1.70,$1.65,5.11,4.1,5.83,6.39,0.15%
,,91,Cash Volt,Evolution,Slot,"August, 2021",32,$1.13,$1.04,9.49,3.8,5.75,6.30,0.22%
,,92,Mad Hit Devil,Ruby Play,Slot,"August, 2025",6,$1.63,$1.66,5.48,4.4,5.70,6.24,0.02%
,,93,Roulette,Igt,Table Game,"April, 2021",29,$30.19,$17.92,0.50,6.9,5.69,2.25,0.30%
,,94,777 Hot Reels Supercharged,Octoplay,Slot,"June, 2025",5,$2.37,$2.61,4.81,3.9,5.68,6.22,0.04%
,,95,Extra Chilli Megaways,Evolution,Slot,"March, 2021",31,$2.26,$1.84,7.88,6.0,5.56,6.09,0.18%
,,96,Majestic Fury Win Stepper,White Hat Studios,Slot,"September, 2025",22,$1.20,$1.04,9.85,3.8,5.53,6.05,0.20%
,,97,Bullion Blitz,White Hat Studios,Slot,"October, 2025",22,$1.25,$1.20,7.72,3.6,5.52,6.05,0.18%
,,98,Cops And Robbers Bigger Big Money,Inspired,Slot,"January, 2025",5,$0.75,$0.49,27.10,3.8,5.44,5.96,0.04%
,,99,Vip Bet Stacker Blackjack,Evolution,Table Game,"September, 2025",3,$607.29,$612.66,0.04,8.0,5.41,2.14,0.02%
,,100,J Mania Lucky Pyggs,Ruby Play,Slot,"October, 2025",6,$1.83,$1.46,9.90,4.5,5.30,5.80,0.03%
,,101,Double Top Dollar,Igt,Slot,"April, 2025",33,$2.72,$2.35,5.29,4.2,5.26,5.76,0.24%
,,102,Fortune Coin,Igt,Slot,"March, 2021",33,$2.40,$1.99,4.07,3.8,5.26,5.75,0.24%
,,103,Cherry Blossoms,Light & Wonder,Slot,"March, 2021",6,$3.22,$3.12,3.30,4.8,5.23,5.73,0.01%
,,104,Piggy Payouts Bank Buster LuckyTap ™,Design Works Gaming,Instant Win,"March, 2022",19,$1.75,$1.66,6.85,5.4,5.21,9.70,0.16%
,,105,5 Hand Blackjack,Igt,Table Game,"July, 2024",19,$23.35,$18.91,1.21,15.0,5.15,2.04,0.13%
,,106,Infinite Blackjack,Evolution,Live Casino,"March, 2021",19,$28.35,$25.60,1.33,14.5,5.12,1.38,0.19%
,,107,Energy Coins Hold And Win,Playson,Slot,"July, 2025",5,$1.70,$1.45,9.65,5.0,5.09,5.57,0.04%
,,108,Bonanza Megaways,Evolution,Slot,"June, 2023",9,$2.34,$2.22,6.91,5.1,5.09,5.57,0.05%
,,109,European Roulette Vip,Evolution,Table Game,"June, 2023",9,$108.03,$86.69,0.25,6.6,5.04,2.00,0.05%
,,110,Lightning Gorilla,Light & Wonder,Slot,"August, 2022",33,$3.46,$2.52,3.25,5.2,5.04,5.52,0.21%
,,111,Turkey Burst,Aristocrat,Slot,"October, 2025",11,$1.28,$1.19,7.84,4.3,5.02,5.49,0.15%
,,112,Cats,Igt,Slot,"March, 2021",33,$1.89,$1.45,4.50,3.6,5.01,5.48,0.22%
,,113,Breaking Bad Collect Em And Link,Playtech,Slot,"September, 2024",19,$1.52,$1.44,5.08,3.3,4.98,5.46,0.16%
,,114,Mega Coins,Red Rake Gaming,Slot,"November, 2025",8,$1.21,$1.12,8.35,4.4,4.97,5.45,0.06%
,,115,Pop A Shot LuckyTap™,Design Works Gaming,Instant Win,"July, 2023",19,$1.49,$1.33,6.82,4.7,4.97,9.25,0.16%
,,116,Ducky Bucks,Gamecode,Slot,"November, 2025",15,$1.58,$1.48,5.90,4.0,4.96,5.43,0.14%
,,117,Grand Link Express Hold And Win,Octoplay,Slot,"September, 2025",4,$1.63,$1.62,4.81,2.9,4.93,5.40,0.03%
,,118,Links Of Ra 2,Games Global,Slot,"November, 2025",11,$1.45,$1.36,3.22,2.8,4.91,5.38,0.08%
,,119,King Kong Cash Even Bigger Bananas,White Hat Studios,Slot,"September, 2025",15,$0.96,$1.03,7.42,3.0,4.85,5.31,0.11%
,,120,The Racaroon,Playtech,Slot,"November, 2025",13,$1.24,$1.28,5.86,3.1,4.82,5.28,0.14%
,,121,Atlantis Megaways,Reel Play,Slot,"June, 2021",31,$1.59,$1.39,8.12,5.0,4.82,5.28,0.17%
,,122,Dragon Power,Bragg Gaming Group,Slot,"March, 2021",17,$2.39,$2.17,5.36,4.7,4.79,5.25,0.08%
,,123,Red Door Roulette,Evolution,Live Casino,"May, 2025",5,$14.03,$11.70,0.88,3.2,4.78,1.29,0.03%
,,124,Blue Wizard Collect Em And Link,Playtech,Slot,"October, 2025",19,$1.25,$1.27,5.58,3.2,4.78,5.23,0.23%
,,125,Craps,Evolution,Table Game,"August, 2022",6,$16.93,$19.47,2.38,14.9,4.73,1.87,0.02%
,,126,Money Link The Great Immortals,Light & Wonder,Slot,"August, 2023",33,$2.25,$2.08,3.79,3.2,4.68,5.12,0.21%
,,127,Wolf Strike Hold And Win Extra,1x2 Network,Slot,"July, 2025",5,$1.22,$1.20,7.21,4.6,4.67,5.12,0.03%
,,128,7s Fire Blitz Hotstepper Jackpot Royale Express,White Hat Studios,Slot,"July, 2025",23,$1.57,$1.54,4.79,3.2,4.64,5.08,0.16%
,,129,Straight Cash,Ags,Slot,"November, 2024",30,$3.60,$3.46,1.93,3.2,4.63,5.07,0.22%
,,130,Gonzos Quest 2 Return To El Dorado,Evolution,Slot,"October, 2025",25,$2.33,$2.10,3.09,3.3,4.60,5.04,0.24%
,,131,Magic Treasures Tiger,Igt,Slot,"November, 2025",26,$1.67,$1.47,4.89,3.4,4.56,4.99,0.17%
,,132,Crazy Coin Flip,Evolution,Table Game,"December, 2023",6,$2.89,$1.86,3.88,4.6,4.52,1.79,0.03%
,,133,Live Dealer Three Card Poker,Evolution,Live Casino,"March, 2021",31,$30.56,$25.14,0.64,6.2,4.49,1.21,0.13%
,,134,12 Masks Of Fire Drums,Games Global,Slot,"November, 2024",22,$1.46,$1.38,6.04,3.3,4.47,4.90,0.16%
,,135,Bankin Even More Bacon Jackpot Royale Express,White Hat Studios,Slot,"July, 2025",24,$1.24,$1.14,6.16,2.7,4.47,4.89,0.16%
,,136,Devil Cash Uncovered,Games Global,Slot,"September, 2025",19,$1.52,$1.56,5.57,2.6,4.46,4.89,0.16%
,,137,Power Keno,Igt,Bingo/Keno,"October, 2024",10,$0.93,$0.75,7.35,3.6,4.46,4.18,0.02%
,,138,Mega Diamond,Ags,Slot,"July, 2023",30,$1.74,$1.72,4.08,2.9,4.46,4.88,0.19%
,,139,Vip Blackjack,Evolution,Table Game,"June, 2023",12,$307.40,$304.36,0.57,11.8,4.45,1.76,0.06%
,,140,Charming Ladys Boom,Greentube,Slot,"March, 2023",20,$1.57,$1.39,5.97,3.6,4.44,4.86,0.11%
,,141,Ultimate Fire Link China Street,Light & Wonder,Slot,"June, 2022",33,$1.97,$1.81,5.68,4.4,4.42,4.84,0.24%
,,142,Fortune Bao Bao Jackpot Win And Spin,Inspired,Slot,"July, 2024",3,$1.37,$1.31,4.21,2.2,4.41,4.83,0.01%
,,143,Gold Cash Freespins,Inspired,Slot,"March, 2021",26,$1.78,$1.35,4.83,3.6,4.38,4.80,0.17%
,,144,5 Flaming Dollars,4theplayer,Slot,"September, 2025",24,$1.41,$1.49,4.26,3.1,4.34,4.75,0.18%
,,145,Golden Winner Grand Chance,Inspired,Slot,"September, 2025",23,$1.21,$1.09,8.00,3.1,4.33,4.74,0.10%
,,146,Cash Spree Phoenix,Games Global,Slot,"August, 2025",19,$1.82,$1.58,4.74,3.1,4.32,4.73,0.20%
,,147,Buffalo And Friends,Aristocrat,Slot,"July, 2025",16,$1.97,$1.70,4.25,2.9,4.27,4.67,0.16%
,,148,Platinum Blackjack Pro,Evolution,Table Game,"July, 2022",2,$139.47,$139.47,0.23,6.0,4.27,1.69,0.01%
,,149,Cash Machine Jackpots,Everi,Slot,"July, 2024",25,$12.59,$10.26,1.01,3.5,4.26,4.67,0.17%
,,150,Infinite Blackjack,Evolution,Table Game,"March, 2021",11,$32.59,$27.90,0.87,11.5,4.25,1.68,0.04%
,,151,Bao Zhu Zhao Fu Red Festival,Aristocrat,Slot,"January, 2025",15,$2.45,$2.33,3.94,3.5,4.23,4.63,0.10%
,,152,Wolf Prime Deluxe,Games Global,Slot,"November, 2025",18,$1.48,$1.33,3.64,2.7,4.22,4.63,0.14%
,,153,10x Cash,Ags,Slot,"September, 2025",30,$1.65,$1.46,3.77,2.8,4.18,4.58,0.15%
,,154,Big Rich Turkeys,Evolution,Slot,"November, 2025",25,$1.06,$1.04,6.77,2.9,4.14,4.53,0.11%
,,155,Side Bet Blackjack,Internal,Table Game,"June, 2023",6,$31.01,$22.50,2.35,23.8,4.10,1.62,0.02%
,,156,3 Lucky Maneki Hold And Spin,Aristocrat,Slot,"October, 2025",12,$1.30,$1.30,5.13,2.9,4.06,4.44,0.09%
,,157,Pirots,Light & Wonder,Slot,"April, 2025",11,$3.00,$2.45,2.73,2.5,3.99,4.37,0.04%
,,158,American Red Door Roulette,Evolution,Live Casino,"May, 2025",8,$15.12,$13.67,0.53,3.3,3.98,1.07,0.07%
,,159,Vip Bet Stacker Blackjack,Evolution,Live Casino,"September, 2025",4,$356.58,$306.95,0.04,4.8,3.94,1.06,0.01%
,,160,Firecracker Frenzy Empress Wealth,Greentube,Slot,"October, 2025",18,$1.33,$1.32,5.39,2.8,3.93,4.30,0.12%
,,161,Majestic Fury Megaways,White Hat Studios,Slot,"October, 2025",15,$1.22,$1.27,6.20,3.0,3.91,4.28,0.10%
,,162,88 Fortunes Jackpot Festival,Light & Wonder,Slot,"December, 2022",11,$3.87,$2.89,2.52,3.8,3.89,4.26,0.09%
,,163,Lucky Fire Blitz Hotstepper,White Hat Studios,Slot,"November, 2025",25,$1.28,$1.26,5.41,3.0,3.88,4.24,0.14%
,,164,Blood Moon Hold And Win,1x2 Network,Slot,"October, 2025",5,$1.07,$1.14,6.91,3.6,3.86,4.23,0.03%
,,165,Cash Machine,Everi,Slot,"March, 2021",32,$9.22,$8.76,0.90,3.2,3.81,4.17,0.18%
,,166,3 Wild Aliens,1x2 Network,Slot,"October, 2025",4,$1.18,$1.26,7.19,3.7,3.79,4.15,0.02%
,,167,Coin Fury,Greentube,Slot,"October, 2025",15,$1.12,$1.10,4.99,2.6,3.76,4.12,0.08%
,,168,Blackjack Poker And Pairs,Igt,Table Game,"April, 2021",23,$26.97,$21.30,1.08,8.6,3.74,1.48,0.12%
,,169,Black Diamond Deluxe,Everi,Slot,"January, 2023",25,$16.41,$5.80,1.32,3.1,3.72,4.08,0.13%
,,170,Whitney Houston,Igt,Slot,"August, 2025",33,$1.86,$1.67,3.68,2.5,3.71,4.06,0.16%
,,171,Thundering Gorilla,Light & Wonder,Slot,"February, 2024",29,$3.44,$2.82,1.76,3.0,3.66,4.01,0.13%
,,172,Buffalo,Aristocrat,Slot,"August, 2023",20,$1.96,$1.71,3.55,2.8,3.66,4.00,0.13%
,,173,Thunder Blitz,Bragg Gaming Group,Slot,"October, 2025",21,$1.58,$1.56,3.56,2.5,3.65,4.00,0.14%
,,174,3 Porky Banks Hold And Win Extra,1x2 Network,Slot,"May, 2025",5,$1.15,$1.08,5.91,3.7,3.65,3.99,0.01%
,,175,Big Catch Even Bigger Bass,White Hat Studios,Slot,"October, 2025",21,$1.11,$1.06,5.32,2.4,3.63,3.98,0.13%
,,176,Live Dealer Crazy Coin Flip,Evolution,Live Casino,"December, 2023",22,$6.69,$1.96,2.03,3.9,3.62,0.98,0.09%
,,177,Ancient Fortunes Poseidon Megaways,Games Global,Slot,"September, 2025",18,$1.17,$1.07,5.36,2.5,3.62,3.96,0.12%
,,178,Game King Video Poker,Igt,Video Poker,"March, 2021",33,$4.10,$2.41,8.24,9.9,3.60,2.53,0.17%
,,179,Atlantis 10k Ways,Reel Play,Slot,"July, 2025",25,$1.68,$1.47,3.68,2.7,3.60,3.94,0.11%
,,180,Live Dealer Baccarat,Playtech,Live Casino,"November, 2024",3,$29.81,$26.74,0.76,10.6,3.59,0.97,0.01%
,,181,Da Vinci Diamonds,Igt,Slot,"March, 2021",33,$3.46,$2.79,2.30,3.0,3.57,3.91,0.21%
,,182,War,Ags,Table Game,"March, 2024",13,$25.70,$7.57,0.30,5.8,3.57,1.41,0.06%
,,183,Tiger And Dragon,Igt,Slot,"September, 2025",18,$2.16,$2.00,2.34,2.1,3.57,3.90,0.06%
,,184,Lucky Larrys Lobstermania Slingo,Gaming Realms,Slot,"May, 2021",32,$9.87,$8.76,2.43,4.1,3.56,3.89,0.19%
,,185,Buffalo Gold Collection,Aristocrat,Slot,"November, 2023",20,$1.96,$1.90,3.30,2.5,3.54,3.88,0.14%
,,186,Red Door Roulette,Evolution,Table Game,"May, 2025",7,$15.42,$15.60,0.86,4.7,3.54,1.40,0.03%
,,187,Diamond Flash,Bragg Gaming Group,Slot,"October, 2025",10,$1.18,$1.15,4.62,2.4,3.50,3.84,0.05%
,,188,Cerberus Gold,Games Global,Slot,"November, 2024",20,$1.58,$1.53,4.56,2.5,3.49,3.82,0.13%
,,189,Coin Trio Fortune Trails,Aristocrat,Slot,"August, 2025",16,$2.34,$2.17,3.29,2.8,3.47,3.79,0.09%
,,190,Bao Zhu Zhao Fu Blue Festival,Aristocrat,Slot,"April, 2025",15,$2.53,$2.30,3.53,2.9,3.45,3.78,0.07%
,,191,Clems Gems,Ags,Slot,"November, 2025",27,$1.93,$1.81,2.68,2.2,3.41,3.74,0.10%
,,192,Le Bandit,Hacksaw Gaming,Slot,"September, 2024",18,$2.87,$2.59,2.13,2.6,3.32,3.64,0.08%
,,193,First Person Lightning Roulette,Evolution,Live Casino,"June, 2021",4,$19.38,$19.45,0.61,2.6,3.31,0.89,0.01%
,,194,Ultimate Fire Link Cash Falls Olvera Street,Light & Wonder,Slot,"March, 2024",29,$1.54,$1.44,4.22,2.7,3.29,3.60,0.15%
,,195,Craps,Evolution,Live Casino,"August, 2022",12,$12.92,$12.15,3.32,15.2,3.26,0.88,0.09%
,,196,Mega Fire Blaze Breaking Bad,Playtech,Slot,"November, 2025",17,$1.50,$1.46,3.39,2.2,3.26,3.57,0.09%
,,197,Cops N Robbers Bigger Big Money,Inspired,Slot,"November, 2024",19,$1.36,$1.17,4.37,2.5,3.26,3.57,0.08%
,,198,Triple Stones,Gamecode,Slot,"June, 2024",16,$1.82,$1.56,4.23,3.5,3.24,3.55,0.13%
,,199,The Flintstones Jackpot Royale,White Hat Studios,Slot,"July, 2025",16,$1.75,$1.60,2.43,2.2,3.23,3.54,0.10%
,,200,Cash Lamps,Evolution,Slot,"November, 2025",23,$1.14,$1.26,4.08,2.4,3.22,3.53,0.07%
,,201,Golden Halloween Winner,Inspired,Slot,"September, 2024",24,$1.44,$1.02,4.73,2.2,3.21,3.52,0.10%
,,202,Egglink Dolphin Gold,Light & Wonder,Slot,"September, 2025",23,$2.59,$2.17,2.54,2.6,3.15,3.45,0.10%
,,203,Cobra Hearts,Konami,Slot,"October, 2021",25,$1.58,$1.38,3.16,2.2,3.13,3.43,0.10%
,,204,Double Beef Up The Bonus,Games Global,Slot,"November, 2025",18,$1.30,$1.19,3.20,1.9,3.13,3.43,0.10%
,,205,Platinum 8x8x8x,Ags,Slot,"December, 2023",30,$2.13,$1.92,2.29,2.1,3.13,3.42,0.15%
,,206,Money Link Egyptian Riches,Light & Wonder,Slot,"October, 2025",23,$1.56,$1.49,3.33,2.2,3.12,3.42,0.14%
,,207,Hot Offer 2,Bang Bang Games,Slot,"September, 2025",15,$1.15,$1.10,9.78,2.2,3.12,3.42,0.08%
,,208,Divine Fortune,Evolution,Slot,"March, 2021",32,$2.16,$1.85,4.27,3.8,3.12,3.41,0.12%
,,209,Secrets Of The Phoenix Blaze,Aristocrat,Slot,"June, 2025",4,$2.72,$2.53,1.56,1.6,3.12,3.41,0.02%
,,210,Blackjack Poker And Pairs With Surrender,Igt,Table Game,"June, 2023",23,$40.93,$19.42,0.81,11.2,3.07,1.22,0.13%
,,211,Thunder Cash Sizzling Hot,Greentube,Slot,"May, 2022",18,$3.31,$1.85,1.53,2.6,3.06,3.35,0.06%
,,212,Liberty Diamond,Ags,Slot,"October, 2024",30,$2.49,$1.65,1.16,1.9,3.05,3.34,0.10%
,,213,Starburst,Evolution,Slot,"March, 2021",32,$1.05,$1.00,7.51,2.4,3.05,3.34,0.11%
,,214,Thunder Cash Dolphins Pearl,Greentube,Slot,"November, 2022",20,$3.04,$2.71,1.61,2.7,3.05,3.34,0.10%
,,215,Bonus Island,Inspired,Slot,"April, 2021",8,$4.39,$2.02,0.47,3.1,3.04,3.33,0.01%
,,216,Gold Megaways,Evolution,Slot,"November, 2022",9,$0.86,$0.56,9.11,3.5,3.01,3.30,0.04%
,,217,Three Card Poker,Light & Wonder,Table Game,"March, 2021",18,$12.44,$9.66,1.21,4.9,3.01,1.19,0.08%
,,218,Dragons Of Arcane Wild,Games Global,Slot,"August, 2025",22,$1.26,$1.19,4.68,2.1,3.01,3.29,0.12%
,,219,Zeus 2,Light & Wonder,Slot,"March, 2021",21,$6.14,$1.89,0.61,3.4,3.01,3.29,0.02%
,,220,Ultimate Fire Link Cash Falls China Street,Light & Wonder,Slot,"September, 2023",33,$1.46,$1.36,4.21,2.2,3.00,3.28,0.16%
,,221,Wheel Of Fortune Triple Extreme Spin,Igt,Slot,"March, 2021",32,$2.96,$2.71,1.77,2.0,2.99,3.28,0.15%
,,222,Egglink Chicken Fox,Light & Wonder,Slot,"August, 2024",29,$2.26,$1.72,2.37,2.6,2.99,3.27,0.11%
,,223,Triple Double Da Vinci Diamonds,High 5 Games,Slot,"March, 2021",19,$4.80,$2.71,0.96,2.6,2.94,3.22,0.08%
,,224,Diamond Reels,Ags,Slot,"January, 2025",30,$2.02,$1.63,1.90,1.8,2.92,3.20,0.07%
,,225,Secrets Of The Phoenix,Aristocrat,Slot,"November, 2023",9,$3.10,$1.51,2.79,1.8,2.88,3.15,0.03%
,,226,Divine Fortune Black,Evolution,Slot,"May, 2025",32,$2.69,$1.65,2.04,2.2,2.88,3.15,0.09%
,,227,Golden Winner,Inspired,Slot,"January, 2024",24,$1.74,$1.13,2.22,2.0,2.87,3.14,0.04%
,,228,Blackjack Players Choice,White Hat Studios,Table Game,"August, 2022",25,$17.92,$13.48,1.31,8.3,2.84,1.13,0.05%
,,229,Triple Play Draw Poker,Igt,Video Poker,"March, 2021",33,$4.83,$3.52,2.10,4.2,2.84,1.99,0.10%
,,230,Sapphire Sorceress,Aristocrat,Slot,"April, 2024",6,$11.36,$1.70,0.25,1.4,2.84,3.10,0.03%
,,231,Buffalo Of Wealth,Play N Go,Slot,"October, 2025",7,$1.03,$1.14,4.69,2.0,2.81,3.08,0.02%
,,232,Cash Eruption Red Hot Joker,Igt,Slot,"May, 2025",33,$2.38,$1.53,1.70,1.8,2.78,3.05,0.09%
,,233,Big Bucks Bandits Megaways,Reel Play,Slot,"May, 2021",30,$1.85,$1.48,4.19,3.1,2.77,3.04,0.09%
,,234,Kingfisher Rising,Games Global,Slot,"October, 2025",22,$1.49,$1.44,3.29,2.0,2.77,3.03,0.09%
,,235,Enchanted Wolf Rising Rewards,Games Global,Slot,"October, 2025",22,$1.29,$1.27,3.48,1.9,2.73,2.99,0.14%
,,236,Long Bao Bao,Ags,Slot,"September, 2025",27,$1.93,$1.80,3.28,2.3,2.70,2.96,0.08%
,,237,Piggy Riches 3 Hog Heaven,Evolution,Slot,"October, 2025",29,$2.45,$1.79,2.93,2.0,2.70,2.96,0.08%
,,238,Tiger And Dragon Cash On Reels,Igt,Slot,"September, 2025",11,$2.02,$1.79,2.95,1.9,2.70,2.95,0.04%
,,239,Gobble Gobble Gobble Megaways,Evolution,Slot,"November, 2025",13,$1.06,$0.95,4.98,1.7,2.68,2.94,0.04%
,,240,Prize Piggy Win And Spin,Inspired,Slot,"March, 2025",25,$1.10,$0.88,9.91,2.1,2.68,2.93,0.04%
,,241,First Person Roulette,Evolution,Live Casino,"June, 2021",23,$20.86,$10.76,0.18,2.3,2.67,0.72,0.04%
,,242,Triple Monkey,High 5 Games,Slot,"June, 2021",6,$3.56,$1.18,0.14,3.3,2.67,2.93,0.03%
,,243,3 Cheeky Chimps,1x2 Network,Slot,"November, 2025",5,$0.97,$1.04,3.40,2.0,2.63,2.88,0.03%
,,244,Banana Rush,Play N Go,Slot,"November, 2025",6,$0.97,$0.90,4.13,1.8,2.63,2.88,0.02%
,,245,Big City 5s,Igt,Slot,"January, 2023",22,$1.46,$1.22,2.97,2.2,2.62,2.87,0.05%
,,246,Diamond Cash Mighty Viking,Greentube,Slot,"March, 2025",3,$7.45,$1.96,0.62,2.1,2.62,2.86,0.00%
,,247,Porkin Cashpots Combo Frenzy Jackpot Royale,White Hat Studios,Slot,"April, 2025",28,$1.93,$1.65,2.66,2.0,2.61,2.85,0.14%
,,248,Dancing Drums Link,Light & Wonder,Slot,"June, 2025",30,$1.78,$1.64,2.78,1.8,2.60,2.85,0.11%
,,249,Blood Suckers,Evolution,Slot,"March, 2021",31,$2.05,$1.48,1.65,2.8,2.59,2.83,0.05%
,,250,Triple Jackpot Gems,Everi,Slot,"June, 2022",25,$4.58,$4.57,1.93,2.2,2.59,2.83,0.11%
,,251,5 Star Coins Hold And Win,Octoplay,Slot,"September, 2025",5,$1.74,$1.77,3.24,2.0,2.58,2.82,0.01%
,,252,Gold Standard Jackpots,Everi,Slot,"May, 2023",26,$10.15,$9.92,0.54,2.0,2.58,2.82,0.10%
,,253,Diamond Inferno,Games Global,Slot,"August, 2021",22,$2.34,$1.72,2.16,2.8,2.56,2.80,0.12%
,,254,Lightning Gorilla 2 Maximum Boltage Xmas,Light & Wonder,Slot,"November, 2025",21,$1.61,$1.42,2.62,1.8,2.55,2.80,0.10%
,,255,Double Cash Spinner,Inspired,Slot,"March, 2022",25,$1.29,$1.07,2.73,1.7,2.55,2.79,0.08%
,,256,Wild Turkey Megaways,Evolution,Slot,"January, 2024",15,$1.05,$0.98,2.07,1.4,2.54,2.78,0.02%
,,257,The Walking Dead Collect Em,Playtech,Slot,"September, 2024",18,$1.60,$1.40,3.02,2.1,2.52,2.75,0.07%
,,258,Five Play Draw Poker,Igt,Video Poker,"March, 2021",33,$10.13,$6.88,0.80,4.5,2.51,1.76,0.07%
,,259,Coin Strike Hold And Win,Playson,Slot,"July, 2025",5,$1.25,$1.35,5.68,2.4,2.50,2.74,0.02%
,,260,Prosperity Link Wan Shi Ru Yi,Igt,Slot,"July, 2024",27,$3.41,$2.90,1.23,1.7,2.50,2.74,0.08%
,,261,Triple Coin Treasures Shamrock Fortunes,Ags,Slot,"August, 2025",30,$1.92,$1.79,2.06,1.7,2.49,2.73,0.06%
,,262,Lightning Box Keno,Light & Wonder,Bingo/Keno,"June, 2023",24,$1.93,$2.06,2.75,2.7,2.49,2.33,0.06%
,,263,Dragon Power Super Orbs,Bragg Gaming Group,Slot,"January, 2025",22,$2.82,$1.69,0.60,2.2,2.48,2.71,0.04%
,,264,Cash Flip Medusa,Games Global,Slot,"June, 2025",19,$1.84,$1.44,2.93,1.8,2.47,2.71,0.08%
,,265,Rakin Bacon,Ags,Slot,"March, 2021",30,$1.98,$1.82,2.71,2.5,2.47,2.70,0.11%
,,266,Free Bet Blackjack,Evolution,Table Game,"August, 2022",9,$26.88,$25.06,0.51,5.3,2.45,0.97,0.02%
,,267,Ultimate X Poker Triple Play,Igt,Video Poker,"August, 2021",29,$3.04,$2.92,3.56,4.2,2.43,1.70,0.12%
,,268,Double Jackpot Gems,Everi,Slot,"November, 2021",25,$7.16,$6.25,0.78,2.3,2.41,2.64,0.10%
,,269,Splash Of Gold,Games Global,Slot,"August, 2025",19,$2.27,$1.47,3.76,2.0,2.41,2.64,0.07%
,,270,Bass Cash Deluxe,Games Global,Slot,"September, 2025",22,$1.55,$1.44,2.86,1.8,2.40,2.63,0.09%
,,271,Free Bet Blackjack,Evolution,Live Casino,"August, 2022",20,$27.42,$23.77,0.84,8.2,2.39,0.65,0.08%
,,272,Starburst Galaxy,Evolution,Slot,"February, 2025",31,$2.00,$1.69,2.55,1.8,2.39,2.62,0.10%
,,273,Prosperity Gems Hold And Win,Igt,Slot,"October, 2024",25,$2.71,$1.22,0.35,2.3,2.39,2.61,0.04%
,,274,100x Fortune,Design Works Gaming,Slot,"May, 2025",22,$1.55,$1.28,1.76,1.6,2.38,2.60,0.07%
,,275,Kitty Glitter Grand,Igt,Slot,"August, 2025",32,$2.58,$1.84,1.26,1.5,2.38,2.60,0.05%
,,276,Divine Fortune Megaways,Evolution,Slot,"March, 2021",32,$1.52,$1.26,4.39,2.5,2.36,2.58,0.07%
,,277,Bloody Murder,Evolution,Slot,"September, 2025",27,$1.45,$1.34,2.98,1.6,2.35,2.58,0.08%
,,278,Mississippi Stud,Light & Wonder,Table Game,"March, 2021",18,$15.54,$15.39,1.43,6.2,2.35,0.93,0.04%
,,279,European Roulette,Evolution,Table Game,"March, 2021",22,$28.98,$22.70,0.28,3.1,2.35,0.93,0.07%
,,280,Piggy Payouts 2 Pig Out Luckytap ™,Design Works Gaming,Instant Win,"November, 2025",16,$1.88,$1.81,2.03,1.5,2.34,4.36,0.06%
,,281,Blazin Bank Run,Ags,Slot,"September, 2025",30,$1.19,$1.05,3.93,1.9,2.34,2.56,0.08%
,,282,Immortal Romance Vein Of Gold,Games Global,Slot,"October, 2025",19,$1.50,$1.31,2.91,1.6,2.32,2.54,0.07%
,,283,Rick And Morty Strike Back Jackpot Royale Express,White Hat Studios,Slot,"March, 2025",19,$1.20,$1.10,3.91,1.7,2.32,2.54,0.04%
,,284,Mad Mad Monkey,Light & Wonder,Slot,"March, 2021",28,$1.39,$1.09,2.48,2.1,2.32,2.54,0.05%
,,285,Live Dealer Ultimate Texas Hold Em,Evolution,Live Casino,"March, 2021",32,$35.90,$31.36,0.59,5.7,2.32,0.62,0.08%
,,286,Ez Baccarat,Evolution,Table Game,"October, 2025",4,$62.85,$66.86,0.25,5.9,2.30,0.91,0.01%
,,287,Amazing Catch Power Combo,Games Global,Slot,"May, 2025",8,$1.64,$1.43,2.85,1.7,2.30,2.52,0.04%
,,288,Ryze,Light & Wonder,Slot,"August, 2025",10,$9.59,$3.43,0.34,1.6,2.28,2.50,0.04%
,,289,Gold Blitz,Games Global,Slot,"February, 2023",22,$1.83,$1.33,2.50,1.6,2.27,2.48,0.09%
,,290,Baccarat,Aristocrat,Table Game,"December, 2024",3,$48.81,$11.59,0.57,8.0,2.26,0.90,0.01%
,,291,Blazing Bison Gold Blitz,Games Global,Slot,"October, 2023",22,$1.65,$1.45,2.49,1.6,2.24,2.45,0.09%
,,292,Almighty Buffalo Megaways,White Hat Studios,Slot,"July, 2022",26,$2.14,$1.47,3.61,2.5,2.23,2.44,0.10%
,,293,Money Blast Quick Strike,Konami,Slot,"June, 2025",19,$1.17,$1.03,1.58,1.7,2.23,2.44,0.01%
,,294,Quick Hit Ultra Pays Sun Dragon,Light & Wonder,Slot,"March, 2021",18,$4.44,$2.82,1.12,2.2,2.21,2.42,0.04%
,,295,Burn In Hell Hold And Win,1x2 Network,Slot,"October, 2025",5,$1.13,$1.28,4.19,1.9,2.21,2.42,0.02%
,,296,Megajackpots Fortune Coin,Igt,Slot,"September, 2024",13,$3.45,$1.83,1.08,1.1,2.21,2.42,0.06%
,,297,Assassin Moon,Games Global,Slot,"August, 2021",22,$1.54,$1.36,3.30,2.0,2.20,2.41,0.07%
,,298,Slingo Da Vinci Diamonds,Gaming Realms,Slot,"June, 2022",29,$9.84,$9.13,1.77,2.5,2.19,2.40,0.11%
,,299,9 Masks Of Fire,Games Global,Slot,"August, 2021",22,$2.83,$1.80,1.56,2.4,2.18,2.39,0.07%
,,300,Vip Studio Blackjack,Evolution,Live Casino,"May, 2025",5,$259.80,$240.75,0.97,12.3,2.18,0.59,0.01%
,,301,Temple Tumble,Relax Gaming,Slot,"February, 2024",12,$1.52,$0.87,2.47,2.2,2.18,2.38,0.06%
,,302,Santa Surprise,Playtech,Slot,"August, 2021",7,$1.40,$1.01,3.31,1.5,2.17,2.37,0.02%
,,303,The Goonies,White Hat Studios,Slot,"December, 2022",29,$5.62,$1.50,1.26,2.4,2.16,2.37,0.06%
,,304,Slingo Rakin Bacon,Gaming Realms,Slot,"January, 2023",24,$13.58,$11.73,1.07,2.1,2.16,2.36,0.09%
,,305,Magnificent Power Gold,Games Global,Slot,"September, 2025",19,$1.26,$1.30,2.93,1.6,2.16,2.36,0.09%
,,306,All Aboard Dynamite Dash,Konami,Slot,"August, 2021",25,$3.07,$2.36,1.79,1.9,2.15,2.36,0.09%
,,307,Classic Bet Stacker Blackjack,Evolution,Live Casino,"September, 2025",6,$82.67,$61.18,0.58,9.7,2.15,0.58,0.01%
,,308,Triple Double Patriot,Everi,Slot,"September, 2023",25,$15.43,$4.77,0.61,2.0,2.14,2.35,0.09%
,,309,Multihand Blackjack,Igt,Table Game,"March, 2021",18,$61.63,$23.29,0.58,11.4,2.14,0.85,0.04%
,,310,Buffalo Gold Revolution,Aristocrat,Slot,"October, 2024",14,$2.25,$2.11,1.99,1.7,2.14,2.34,0.04%
,,311,Almighty Buffalo Megaways Jackpot Royale,White Hat Studios,Slot,"January, 2023",31,$2.14,$2.01,2.70,2.6,2.13,2.33,0.13%
,,312,Prosperity Link Cai Yun Heng Tong,Igt,Slot,"January, 2025",28,$2.60,$2.28,1.26,1.5,2.12,2.32,0.10%
,,313,Triple Treasure,Ags,Slot,"September, 2024",30,$1.51,$1.51,1.75,1.4,2.12,2.32,0.12%
,,314,Easy Blackjack,Evolution,Table Game,"May, 2025",5,$18.43,$19.35,0.17,1.2,2.11,0.84,0.01%
,,315,Ultimate Fire Link Cash Falls By The Bay,Light & Wonder,Slot,"July, 2025",29,$1.53,$1.49,2.27,1.5,2.11,2.31,0.09%
,,316,Mines,Hacksaw Gaming,Lottery,"September, 2023",11,$6.87,$7.02,0.70,1.8,2.11,1.50,0.02%
,,317,Triple Jackpot Gems Deluxe,Everi,Slot,"July, 2025",17,$36.91,$28.16,0.13,2.2,2.11,2.31,0.07%
,,318,Finn And The Swirly Spin,Evolution,Slot,"March, 2021",32,$1.49,$1.13,4.19,2.4,2.11,2.31,0.09%
,,319,Medusa Megaways,Light & Wonder,Slot,"March, 2021",14,$3.05,$2.53,2.91,2.1,2.11,2.31,0.02%
,,320,12 Coins Grand Gold Edition,Wazdan,Slot,"November, 2025",2,$1.31,$1.31,3.34,2.2,2.10,2.30,0.01%
,,321,Jumanji,Evolution,Slot,"March, 2021",32,$1.41,$1.17,4.37,2.2,2.10,2.30,0.07%
,,322,Dragon Power Triple Gold,Bragg Gaming Group,Slot,"March, 2025",23,$2.06,$1.83,1.87,1.5,2.10,2.30,0.08%
,,323,Thundering Shenlong,Light & Wonder,Slot,"February, 2024",29,$2.70,$2.40,1.53,1.8,2.08,2.27,0.07%
,,324,The Walking Dead,Playtech,Slot,"August, 2025",18,$1.20,$1.23,2.91,1.6,2.07,2.27,0.08%
,,325,Thundering Box Keno,Light & Wonder,Bingo/Keno,"June, 2025",17,$2.53,$2.10,1.35,1.8,2.06,1.93,0.04%
,,326,Cash Express Luxury Line Buffalo,Aristocrat,Slot,"June, 2025",9,$2.09,$2.05,1.90,1.4,2.06,2.25,0.03%
,,327,Crystal Star Deluxe,Everi,Slot,"March, 2024",23,$19.21,$10.07,0.37,1.6,2.06,2.25,0.07%
,,328,Black Diamond Platinum,Everi,Slot,"April, 2023",23,$6.21,$6.28,0.70,1.6,2.05,2.25,0.06%
,,329,Piggy Winner,Inspired,Slot,"May, 2025",23,$1.27,$1.09,2.76,1.5,2.05,2.24,0.06%
,,330,Big Money Frenzy,White Hat Studios,Slot,"December, 2022",28,$1.94,$1.62,2.13,1.7,2.03,2.22,0.12%
,,331,Double Jackpot Gems Grand Wheel,Everi,Slot,"April, 2025",25,$8.40,$7.82,0.47,1.4,2.02,2.22,0.10%
,,332,Azteca Collect Em,Playtech,Slot,"September, 2024",20,$2.45,$1.38,1.04,2.8,2.02,2.22,0.01%
,,333,Wheel Of Fortune Gold Spin Triple Red Hot 7s,Igt,Slot,"February, 2024",9,$3.38,$4.03,0.72,1.0,2.02,2.21,0.02%
,,334,Christmas Prize Pooch,Inspired,Slot,"October, 2025",22,$1.31,$1.07,2.34,1.3,2.02,2.21,0.07%
,,335,Lucky 88,Aristocrat,Slot,"September, 2024",5,$4.40,$2.03,1.06,1.7,2.01,2.20,0.01%
,,336,Doctor Love On Vacation,Light & Wonder,Slot,"March, 2021",3,$1.37,$1.02,1.90,1.6,2.01,2.20,0.00%
,,337,Ultra Blazing Fire Link India,Light & Wonder,Slot,"April, 2022",7,$1.56,$1.56,2.92,2.1,2.00,2.19,0.02%
,,338,Thunder Cash Charming Lady,Greentube,Slot,"July, 2022",15,$2.94,$2.24,1.12,1.7,2.00,2.19,0.02%
,,339,Jackpot Carnival The Power Of 88,Aristocrat,Slot,"September, 2025",10,$1.87,$1.76,2.03,1.4,1.99,2.18,0.02%
,,340,Cash Eruption Hephaestus,Igt,Slot,"August, 2024",33,$1.72,$1.43,2.08,1.4,1.99,2.17,0.09%
,,341,Triple Jelly,Ags,Slot,"April, 2025",30,$1.06,$0.77,2.60,1.4,1.98,2.17,0.10%
,,342,Slingo Extreme,Gaming Realms,Slot,"March, 2021",27,$10.78,$6.35,0.83,1.7,1.98,2.16,0.04%
,,343,Jekyllz Wild Ultranudge,Bang Bang Games,Slot,"October, 2025",14,$1.51,$1.31,2.20,1.4,1.97,2.16,0.05%
,,344,Lightning Shenlong,Light & Wonder,Slot,"October, 2021",33,$3.09,$2.74,1.44,2.1,1.97,2.16,0.09%
,,345,Zeus Gold Blitz Fortune Tower,Games Global,Slot,"September, 2025",22,$1.39,$1.32,2.74,1.5,1.97,2.16,0.08%
,,346,3 Sparkling Pearls,Rising Digital,Slot,"August, 2025",2,$1.78,$1.78,3.55,1.9,1.97,2.16,0.01%
,,347,Monopoly Megaways,Light & Wonder,Slot,"March, 2021",21,$1.31,$1.15,3.54,2.2,1.95,2.13,0.04%
,,348,Greek Lightning,Bragg Gaming Group,Slot,"November, 2025",14,$1.30,$1.27,2.47,1.3,1.95,2.13,0.06%
,,349,Live Dealer Blackjack,Evolution,Live Casino,"March, 2021",26,$56.22,$55.70,1.85,8.6,1.95,0.52,0.06%
,,350,Let It Ride,Light & Wonder,Table Game,"March, 2021",24,$14.44,$13.94,0.48,2.2,1.95,0.77,0.09%
,,351,First Person Lightning Dice,Evolution,Table Game,"September, 2023",7,$22.04,$14.39,0.32,2.0,1.94,0.77,0.01%
,,352,Gold Blitz Extreme,Games Global,Slot,"February, 2024",22,$1.35,$1.23,2.77,1.4,1.94,2.13,0.08%
,,353,Irish Eyes 2,Light & Wonder,Slot,"March, 2021",7,$2.65,$2.37,0.88,1.6,1.94,2.12,0.01%
,,354,Genie Wild,Light & Wonder,Slot,"March, 2021",7,$3.68,$1.71,1.40,1.6,1.93,2.11,0.01%
,,355,Four Card Poker,Light & Wonder,Table Game,"March, 2021",18,$13.90,$11.98,0.86,3.7,1.93,0.76,0.04%
,,356,Mighty Black Knight,Light & Wonder,Slot,"March, 2021",21,$5.90,$4.91,0.82,1.3,1.92,2.10,0.04%
,,357,Blackjack,Light & Wonder,Table Game,"March, 2021",13,$30.39,$10.15,0.91,12.0,1.91,0.76,0.01%
,,358,10x Minimum Top Multiplier,Spinberry,Slot,"October, 2025",2,$1.43,$1.43,2.37,1.1,1.91,2.09,0.00%
,,359,Triple Wild Thanksgiving,Everi,Slot,"November, 2023",23,$3.48,$2.90,0.70,1.4,1.91,2.09,0.04%
,,360,12 Loaded Pots Drums,Games Global,Slot,"August, 2025",22,$1.30,$1.35,2.63,1.4,1.90,2.08,0.07%
,,361,Flippin Rich Luckytap™,Design Works Gaming,Instant Win,"December, 2021",22,$2.06,$1.67,2.20,1.8,1.90,3.53,0.05%
,,362,Dragon Diamond,Ags,Slot,"May, 2025",29,$1.81,$1.53,2.02,1.4,1.89,2.07,0.07%
,,363,Smokin Hot Gems,Everi,Slot,"March, 2021",16,$7.83,$6.74,0.40,1.5,1.88,2.06,0.02%
,,364,Rich Little Piggies World Class Halloween Edition,Light & Wonder,Slot,"September, 2025",27,$1.08,$1.08,3.66,1.4,1.87,2.05,0.07%
,,365,Big Catch Bass Fishing,White Hat Studios,Slot,"November, 2023",28,$1.83,$1.33,2.43,1.5,1.87,2.05,0.08%
,,366,Ultimate X Poker Ten Play,Igt,Video Poker,"August, 2021",29,$6.67,$5.08,1.24,3.2,1.87,1.31,0.09%
,,367,Thundering Leopard,Light & Wonder,Slot,"September, 2025",27,$3.36,$2.26,0.95,1.5,1.86,2.04,0.08%
,,368,Vip Blackjack,Evolution,Live Casino,"June, 2023",9,$209.46,$211.09,0.65,10.0,1.86,0.50,0.02%
,,369,Fruit Shop,Evolution,Slot,"March, 2021",24,$2.43,$1.40,1.55,1.3,1.85,2.03,0.03%
,,370,Ashoka Eternal,Light & Wonder,Slot,"October, 2025",10,$3.42,$1.84,1.23,1.2,1.85,2.02,0.02%
,,371,Red Hot Slingo,Gaming Realms,Slot,"September, 2021",26,$10.09,$5.98,0.59,1.9,1.85,2.02,0.04%
,,372,Piggy Riches Begins,Evolution,Slot,"November, 2025",24,$1.20,$1.13,2.71,1.3,1.84,2.02,0.05%
,,373,24k Gold Spartan,Reel Play,Slot,"October, 2025",14,$1.35,$1.30,2.47,1.3,1.84,2.01,0.03%
,,374,Blazin Gems Deluxe,Everi,Slot,"March, 2024",18,$16.24,$7.00,0.42,1.4,1.84,2.01,0.05%
,,375,Triple Blitz 7s,Aristocrat,Slot,"September, 2025",14,$1.39,$1.26,2.23,1.2,1.83,2.01,0.05%
,,376,Wolves Collect Em And Link,Playtech,Slot,"May, 2025",18,$1.51,$1.38,2.46,1.3,1.83,2.00,0.03%
,,377,Snow Slingers,Hacksaw Gaming,Slot,"November, 2025",2,$0.93,$0.93,3.28,1.2,1.83,2.00,0.00%
,,378,Big Win Cat Pawsperity,Play N Go,Slot,"November, 2025",7,$0.80,$0.82,3.57,1.3,1.82,2.00,0.02%
,,379,Pompeii,Aristocrat,Slot,"October, 2025",16,$1.57,$1.38,2.21,1.4,1.82,1.99,0.05%
,,380,Capital Reels,Ags,Slot,"June, 2025",29,$1.45,$1.39,2.09,1.4,1.82,1.99,0.07%
,,381,88 Fortunes Megaways,Light & Wonder,Slot,"March, 2021",24,$2.05,$1.59,4.24,1.9,1.81,1.99,0.04%
,,382,Triple Double Gems,Everi,Slot,"November, 2023",20,$7.25,$4.32,0.73,1.5,1.81,1.98,0.05%
,,383,First Person Craps,Evolution,Table Game,"November, 2021",21,$7.39,$6.50,1.76,5.1,1.81,0.72,0.05%
,,384,Lady Of Fortune Destiny Spins,Play N Go,Slot,"October, 2025",16,$1.09,$1.07,3.02,1.3,1.81,1.98,0.03%
,,385,Fu Gui Hao Men Glorious Fortunes,Igt,Slot,"November, 2025",24,$1.88,$1.86,1.45,1.1,1.81,1.98,0.09%
,,386,Scorchin Hot Spins Wicked Wheel,Everi,Slot,"August, 2025",25,$1.62,$1.69,1.66,1.2,1.79,1.96,0.08%
,,387,Big Bucks Deluxe,Evolution,Slot,"May, 2025",29,$1.42,$1.25,2.93,1.3,1.79,1.96,0.07%
,,388,Secrets Of The Phoenix Elements,Aristocrat,Slot,"June, 2024",6,$1.88,$1.76,1.34,1.1,1.79,1.95,0.01%
,,389,Megajackpots Cleopatra,Igt,Slot,"March, 2021",15,$3.21,$2.88,0.76,1.1,1.78,1.95,0.06%
,,390,Golden Catch Megaways,Evolution,Slot,"June, 2023",9,$11.98,$5.10,0.84,2.0,1.78,1.95,0.02%
,,391,Ultimate Fire Link Olvera Street,Light & Wonder,Slot,"March, 2023",30,$2.51,$2.17,1.54,1.4,1.78,1.95,0.08%
,,392,Ultimate X Poker Five Play,Igt,Video Poker,"August, 2021",28,$5.32,$4.10,1.87,3.5,1.77,1.24,0.07%
,,393,3 Crazy Tikis,1x2 Network,Slot,"March, 2025",5,$1.24,$1.46,2.59,1.7,1.77,1.94,0.01%
,,394,Pixies Of The Forest,Igt,Slot,"March, 2021",31,$2.18,$1.75,1.31,1.4,1.76,1.93,0.06%
,,395,Cops N Robbers Big Money,Inspired,Slot,"May, 2023",22,$2.10,$1.37,2.50,1.4,1.76,1.92,0.04%
,,396,Double Ruby,Everi,Slot,"March, 2021",32,$4.45,$3.30,0.56,1.2,1.72,1.89,0.07%
,,397,Shamrock Money Pot 10k Ways,Reel Play,Slot,"March, 2023",30,$1.52,$1.24,2.93,1.9,1.72,1.88,0.06%
,,398,Fortune Coin Charm,Igt,Slot,"November, 2025",29,$1.62,$1.50,1.30,1.1,1.71,1.87,0.07%
,,399,Three Card Poker,Igt,Table Game,"March, 2021",2,$20.59,$20.59,0.81,1.9,1.70,0.67,0.00%
,,400,Slingo Deal Or No Deal,Gaming Realms,Slot,"March, 2021",32,$18.92,$13.41,0.43,1.2,1.69,1.85,0.06%
,,401,Atlantic City Blackjack,Aristocrat,Table Game,"December, 2024",2,$23.85,$23.85,1.30,10.0,1.69,0.67,0.00%
,,402,Knight Fight,Light & Wonder,Slot,"November, 2025",10,$1.81,$1.79,1.36,1.0,1.68,1.84,0.01%
,,403,Golden Money,Ags,Slot,"May, 2025",29,$3.21,$2.60,0.68,1.1,1.67,1.83,0.05%
,,404,Ultimate Slot Of America,Hacksaw Gaming,Slot,"August, 2025",15,$1.76,$1.44,1.78,1.3,1.67,1.83,0.04%
,,405,Triple Turducken,High 5 Games,Slot,"November, 2024",25,$2.80,$1.36,0.73,2.0,1.67,1.83,0.02%
,,406,Megajackpots Wheel Of Fortune On Air,Igt,Slot,"March, 2021",13,$5.66,$3.44,0.58,0.8,1.67,1.82,0.03%
,,407,Vip,King Show Games,Slot,"November, 2025",12,$1.49,$1.19,1.86,1.2,1.66,1.82,0.03%
,,408,Bull Blitz Fortunes Of The Orient,Konami,Slot,"March, 2023",24,$3.68,$2.77,0.81,1.3,1.66,1.81,0.04%
,,409,American Roulette,Internal,Table Game,"July, 2021",11,$12.54,$11.98,0.22,1.6,1.65,0.65,0.03%
,,410,Witches Collect Em,Playtech,Slot,"September, 2024",13,$2.27,$1.21,3.17,1.2,1.64,1.80,0.02%
,,411,Magic Treasures Dragon,Igt,Slot,"June, 2025",28,$1.85,$1.54,1.63,1.1,1.64,1.80,0.09%
,,412,Slingshot Roulette,Evolution,Live Casino,"March, 2021",4,$29.14,$26.14,0.10,1.4,1.64,0.44,0.00%
,,413,Flaming Reels,Ags,Slot,"April, 2025",29,$1.71,$1.56,1.20,1.0,1.64,1.79,0.05%
,,414,Mermaids Jackpot Win And Spin,Inspired,Slot,"July, 2024",5,$2.10,$1.91,1.34,0.9,1.64,1.79,0.00%
,,415,Pinball Double Gold,Igt,Slot,"June, 2025",31,$4.01,$2.39,1.48,1.2,1.63,1.79,0.08%
,,416,Live Dealer Blackjack Vip,Evolution,Live Casino,"February, 2023",2,$556.27,$556.27,0.24,12.3,1.63,0.44,0.00%
,,417,Piggy Riches 2 Megaways,Evolution,Slot,"August, 2025",32,$1.14,$0.87,1.30,0.9,1.63,1.79,0.03%
,,418,Classic Bet Stacker Blackjack,Evolution,Table Game,"September, 2025",5,$106.12,$91.35,0.09,3.2,1.63,0.65,0.01%
,,419,Blazing 777 2x3x5x Cashways,Bang Bang Games,Slot,"November, 2025",13,$1.29,$1.22,2.07,1.1,1.63,1.78,0.05%
,,420,Bonanza Falls Megaways,Evolution,Slot,"March, 2024",5,$1.53,$1.02,2.40,1.7,1.62,1.78,0.01%
,,421,Big Money Frenzy Golden Magnet,White Hat Studios,Slot,"August, 2025",30,$8.28,$3.69,1.04,1.3,1.62,1.78,0.09%
,,422,Apex Strike Lucky Cache,1x2 Network,Slot,"September, 2025",4,$1.50,$1.59,1.97,1.3,1.62,1.78,0.01%
,,423,Dragon Power 10k Ways,Bragg Gaming Group,Slot,"September, 2025",23,$2.33,$2.02,1.21,1.3,1.62,1.77,0.05%
,,424,Live Dealer Infinite Blackjack,Evolution,Live Casino,"June, 2021",2,$26.94,$26.94,1.33,8.1,1.61,0.43,0.00%
,,425,Egglink Silver Pride,Light & Wonder,Slot,"April, 2025",26,$3.13,$1.79,0.88,1.2,1.61,1.76,0.07%
,,426,Mega Fire Blaze Big Circus,Playtech,Slot,"August, 2023",24,$1.41,$1.25,2.39,1.3,1.60,1.75,0.05%
,,427,Vip Blackjack En Espanol,Evolution,Live Casino,"June, 2024",5,$288.68,$294.28,0.07,8.6,1.60,0.43,0.00%
,,428,Fu Bao Meow LuckyTap ™,Design Works Gaming,Instant Win,"February, 2023",16,$1.99,$1.40,0.72,1.0,1.60,2.97,0.01%
,,429,Jade Dragon,Ags,Slot,"March, 2021",27,$2.00,$1.70,1.81,1.7,1.59,1.74,0.06%
,,430,Fire Blaze Blue Wizard,Playtech,Slot,"January, 2023",20,$1.52,$1.19,2.99,1.8,1.59,1.74,0.03%
,,431,Wolf Legend Gold Megaways,White Hat Studios,Slot,"September, 2025",27,$1.79,$1.58,1.65,1.1,1.59,1.74,0.06%
,,432,Sahara Riches Megaways Collect Em,Playtech,Slot,"November, 2024",20,$1.76,$1.28,1.21,1.1,1.59,1.74,0.02%
,,433,Premium Blackjack,Playtech,Table Game,"January, 2024",2,$14.06,$14.06,1.76,4.8,1.58,0.63,0.01%
,,434,Blackjack Surrender,Evolution,Table Game,"August, 2021",5,$40.22,$36.74,0.82,18.2,1.58,0.63,0.01%
,,435,Dancing Drums Explosion,Light & Wonder,Slot,"September, 2021",33,$2.25,$2.00,1.63,1.6,1.57,1.72,0.07%
,,436,Easy Blackjack,Evolution,Live Casino,"May, 2025",6,$60.37,$14.20,0.20,1.6,1.56,0.42,0.01%
,,437,Diamond Cash Mighty Cleopatra,Greentube,Slot,"July, 2025",12,$3.15,$1.76,1.50,1.3,1.56,1.71,0.03%
,,438,Piggy Prizes Coins O Plenty,Greentube,Slot,"September, 2025",16,$1.56,$1.34,1.90,1.1,1.55,1.70,0.04%
,,439,Hyper Gold,Games Global,Slot,"September, 2021",21,$1.36,$1.14,2.01,1.1,1.55,1.70,0.06%
,,440,Cleopatra Gold,Igt,Slot,"March, 2021",33,$3.10,$2.73,0.99,1.3,1.55,1.70,0.08%
,,441,Infinite Fun Fun 21 Blackjack,Evolution,Table Game,"October, 2024",7,$26.23,$19.87,0.44,4.7,1.55,0.61,0.01%
,,442,Starmania,Light & Wonder,Slot,"March, 2021",27,$1.51,$1.22,2.29,2.0,1.54,1.69,0.04%
,,443,Blackjack,Play N Go,Table Game,"February, 2025",4,$29.26,$25.81,0.66,7.4,1.53,0.61,0.00%
,,444,10000 Wolves 10k Ways,Reel Play,Slot,"April, 2024",30,$1.55,$1.21,2.34,1.2,1.53,1.68,0.06%
,,445,Da Vinci Diamonds Dual Play,Igt,Slot,"March, 2021",31,$5.39,$3.72,0.58,1.1,1.53,1.67,0.05%
,,446,Adorned Peacock,Konami,Slot,"March, 2021",25,$1.37,$1.35,1.69,1.1,1.53,1.67,0.04%
,,447,Cops N Robbers Trick Or Treat,Inspired,Slot,"October, 2023",12,$1.31,$1.31,3.72,1.3,1.51,1.66,0.01%
,,448,Caichen Triple Blossom,Greentube,Slot,"November, 2025",10,$1.27,$1.19,2.22,1.0,1.51,1.65,0.02%
,,449,Centurion Bigger Big Money,Inspired,Slot,"September, 2025",15,$1.98,$1.74,1.86,1.1,1.51,1.65,0.02%
,,450,Fly X Party,Games Global,Crash,"August, 2025",22,$6.53,$5.60,0.73,2.0,1.50,0.96,0.05%
,,451,Queens Of Ra Coin Collect,Games Global,Slot,"August, 2025",19,$1.38,$1.13,1.93,1.0,1.50,1.64,0.05%
,,452,Baking Bonanza,Gaming Realms,Instant Win,"March, 2021",33,$13.52,$13.54,0.74,1.5,1.50,2.79,0.07%
,,453,7s Fire Blitz,White Hat Studios,Slot,"August, 2024",31,$1.09,$0.95,2.17,1.1,1.49,1.63,0.08%
,,454,Wheel Of Fortune Triple Gold Gold Spin,Igt,Slot,"December, 2022",12,$3.05,$2.71,0.92,1.0,1.49,1.63,0.02%
,,455,Ultra Blazing Fire Link,Light & Wonder,Slot,"November, 2021",25,$2.02,$1.86,2.23,1.6,1.48,1.62,0.06%
,,456,Cash Eruption Hoggin Cash,Igt,Slot,"March, 2025",33,$1.31,$1.24,1.82,1.0,1.48,1.62,0.09%
,,457,Lucky Larry Lobstermania 2,Igt,Slot,"April, 2021",33,$2.26,$1.93,1.58,1.1,1.48,1.62,0.08%
,,458,3 Card Stud,Igt,Table Game,"May, 2021",28,$14.51,$8.95,0.18,1.0,1.48,0.58,0.05%
,,459,4 Fantastic Fish Amazon Adventure,4theplayer,Slot,"September, 2025",9,$1.68,$1.65,1.39,1.0,1.47,1.61,0.03%
,,460,10x Fortune,Design Works Gaming,Slot,"May, 2022",22,$4.33,$2.06,1.18,1.1,1.47,1.61,0.05%
,,461,Piggy Prizes Wand Of Riches 2,Greentube,Slot,"April, 2025",18,$1.43,$1.34,1.66,1.0,1.47,1.61,0.06%
,,462,Crazy Chilli,White Hat Studios,Slot,"April, 2024",25,$0.90,$0.85,3.26,1.2,1.47,1.61,0.06%
,,463,Crazy Tiki Hold And Win,1x2 Network,Slot,"October, 2025",4,$0.97,$0.91,2.60,1.2,1.47,1.61,0.01%
,,464,Dancing Drums Explosion Mega Drop,Light & Wonder,Slot,"October, 2021",5,$2.86,$2.30,1.64,1.5,1.47,1.60,0.01%
,,465,Fire And Roses Joker,Games Global,Slot,"July, 2023",22,$1.49,$1.29,1.53,1.0,1.46,1.60,0.07%
,,466,Diamond Hearts,Everi,Slot,"March, 2021",31,$3.82,$3.04,0.83,1.3,1.46,1.60,0.08%
,,467,3 Glittery Diamonds,Games Global,Slot,"July, 2025",23,$1.49,$1.26,1.69,1.0,1.46,1.60,0.06%
,,468,Cygnus,Light & Wonder,Slot,"March, 2024",11,$3.47,$1.06,1.47,1.2,1.46,1.60,0.02%
,,469,Age Of The Gods Collect Em,Playtech,Slot,"October, 2025",10,$1.49,$1.45,1.35,1.0,1.46,1.59,0.03%
,,470,Slingo Gold Cash Freespin,Gaming Realms,Slot,"August, 2024",28,$19.34,$12.93,0.23,1.0,1.45,1.59,0.05%
,,471,Immortal Ways 88 Charms,Ruby Play,Slot,"January, 2025",5,$1.52,$1.56,1.93,1.1,1.45,1.59,0.01%
,,472,Demons Gold,Inspired,Slot,"August, 2024",24,$1.68,$1.14,2.17,1.0,1.45,1.59,0.05%
,,473,Dark Waters Power Combo,Games Global,Slot,"May, 2024",22,$1.17,$1.22,2.11,1.0,1.45,1.58,0.06%
,,474,Flaming Hot Chili Pot Jackpot Royale Express,White Hat Studios,Slot,"August, 2025",24,$1.38,$1.28,1.87,0.9,1.44,1.58,0.06%
,,475,Penny Roulette,Playtech,Slot,"April, 2023",3,$7.25,$3.25,1.94,1.6,1.44,1.58,0.00%
,,476,Megajackpots Wolf Run,Igt,Slot,"August, 2022",14,$2.77,$2.13,0.63,0.6,1.44,1.57,0.01%
,,477,Triple Gold Bars,Igt,Slot,"December, 2023",22,$0.97,$0.74,2.35,0.8,1.44,1.57,0.05%
,,478,Almighty 777 Deluxe Jackpot Royale Express,White Hat Studios,Slot,"March, 2025",26,$2.82,$1.34,1.73,1.1,1.43,1.57,0.06%
,,479,Triple Supreme Xtreme Grand Prosperity,Aristocrat,Slot,"July, 2025",14,$1.89,$1.61,1.41,1.2,1.42,1.56,0.04%
,,480,Amazing Catch,Games Global,Slot,"October, 2023",18,$1.20,$1.22,1.85,1.0,1.42,1.56,0.07%
,,481,Wanted Dead Or A Wild,Hacksaw Gaming,Slot,"August, 2023",22,$2.67,$2.19,1.11,1.1,1.42,1.56,0.06%
,,482,Lucky Tree,Light & Wonder,Slot,"March, 2021",9,$9.75,$1.36,0.12,1.6,1.40,1.53,0.00%
,,483,Chili Poppers,Inspired,Slot,"November, 2025",22,$1.38,$1.30,1.85,1.0,1.40,1.53,0.05%
,,484,Lightning Gold 2,White Hat Studios,Slot,"August, 2025",16,$1.29,$1.05,1.43,1.0,1.40,1.53,0.03%
,,485,White Orchid,Igt,Slot,"March, 2021",32,$2.26,$1.92,1.04,1.2,1.40,1.53,0.09%
,,486,Triple Diamond,Igt,Slot,"March, 2021",33,$2.77,$2.07,1.05,1.1,1.39,1.53,0.07%
,,487,Mega Fire Blaze Legacy Of The Tiger,Playtech,Slot,"February, 2025",2,$0.85,$0.85,1.61,0.9,1.39,1.53,0.00%
,,488,Thundering Tiger,Light & Wonder,Slot,"February, 2025",28,$2.88,$2.18,0.94,1.2,1.39,1.52,0.05%
,,489,Lightning Gorilla 2 Max Boltage,Light & Wonder,Slot,"June, 2025",31,$2.13,$1.87,1.36,1.0,1.39,1.52,0.05%
,,490,Gold Inferno,Ags,Slot,"November, 2023",30,$1.63,$1.41,1.42,1.0,1.39,1.52,0.06%
,,491,Thunder Cash Senorita Suerte,Greentube,Slot,"September, 2023",7,$4.30,$2.96,0.67,1.2,1.39,1.52,0.01%
,,492,Golden Catch,Evolution,Slot,"July, 2023",15,$25.02,$5.92,0.23,1.0,1.39,1.52,0.02%
,,493,Hercules High And Mighty,Light & Wonder,Slot,"March, 2021",23,$6.47,$6.05,0.74,1.5,1.39,1.52,0.04%
,,494,Fly X,Games Global,Crash,"March, 2024",10,$5.33,$4.93,1.40,1.9,1.38,0.88,0.05%
,,495,Queen Of Shadows,Spinomenal,Slot,"May, 2025",2,$6.50,$6.50,0.21,0.9,1.38,1.51,0.00%
,,496,Cash Falls Add Em Up Rome,Light & Wonder,Slot,"February, 2025",2,$4.88,$4.88,0.67,1.4,1.37,1.50,0.00%
,,497,Get The Coins,Red Rake Gaming,Slot,"October, 2025",10,$1.57,$1.19,2.21,1.1,1.37,1.50,0.02%
,,498,Pool Pong LuckyTap ™,Design Works Gaming,Instant Win,"May, 2023",17,$1.60,$1.36,1.87,1.1,1.37,2.54,0.03%
,,499,Coin Trio Piggy Burst,Aristocrat,Slot,"September, 2025",17,$2.11,$1.74,1.33,1.1,1.36,1.49,0.05%
,,500,Cash Summit Jackpot Royale,White Hat Studios,Slot,"September, 2024",31,$2.06,$1.86,0.91,1.1,1.36,1.49,0.05%
,,501,Pinata Explosivo,Games Global,Slot,"August, 2025",19,$1.79,$1.48,1.50,0.9,1.35,1.47,0.04%
,,502,Double Black Diamond,Everi,Slot,"October, 2023",23,$17.80,$5.51,0.57,1.1,1.34,1.46,0.05%
,,503,Dragon Duo,Evolution,Slot,"October, 2025",18,$1.12,$1.14,2.15,1.1,1.33,1.46,0.03%
,,504,Double Diamond,Igt,Slot,"March, 2021",33,$1.72,$1.49,1.75,1.2,1.33,1.46,0.05%
,,505,Reactoonz 100,Play N Go,Slot,"October, 2025",16,$2.15,$1.39,1.33,0.9,1.33,1.46,0.03%
,,506,777 Strike,Evolution,Slot,"August, 2021",32,$1.62,$1.02,1.78,0.9,1.33,1.45,0.05%
,,507,Gritty Kitty Of Nitropolis,Light & Wonder,Slot,"April, 2025",6,$3.23,$1.79,0.41,0.9,1.32,1.45,0.01%
,,508,Wolf Legend Megaways,White Hat Studios,Slot,"August, 2022",27,$0.95,$0.84,3.69,1.4,1.32,1.44,0.07%
,,509,The Wild Life Extreme,Igt,Slot,"December, 2023",30,$1.09,$0.63,0.86,1.0,1.32,1.44,0.03%
,,510,American Roulette Live,Playtech,Live Casino,"December, 2023",5,$87.07,$32.94,0.07,1.1,1.32,0.35,0.01%
,,511,My Slot Studio,High 5 Games,Slot,"October, 2025",7,$1.21,$1.08,2.33,1.1,1.31,1.44,0.02%
,,512,Ice Opals,Everi,Slot,"March, 2021",25,$5.63,$1.81,0.12,1.0,1.31,1.44,0.02%
,,513,Slingo Cleopatra,Gaming Realms,Slot,"April, 2023",31,$9.38,$9.47,0.61,0.9,1.31,1.44,0.07%
,,514,China Shores Quick Strike,Konami,Slot,"March, 2021",25,$1.16,$1.05,2.71,1.1,1.31,1.44,0.05%
,,515,Buffalo Chief,Aristocrat,Slot,"February, 2024",18,$2.22,$2.04,1.02,0.9,1.31,1.43,0.04%
,,516,Ba Fang Jin Bao Abundant Fortune,Konami,Slot,"October, 2025",14,$2.01,$1.95,1.07,0.8,1.30,1.43,0.02%
,,517,Deal Or No Deal Bankers Boost Jackpot Royale,White Hat Studios,Slot,"August, 2025",25,$1.75,$1.43,1.25,0.8,1.30,1.42,0.05%
,,518,Diamond Explosion Sweet Love,Ruby Play,Slot,"May, 2025",3,$2.16,$2.44,1.47,1.0,1.30,1.42,0.00%
,,519,Catch Of The Day,Inspired,Slot,"June, 2022",11,$0.93,$1.02,1.90,1.1,1.30,1.42,0.01%
,,520,Panda Pots,Bragg Gaming Group,Slot,"July, 2025",21,$2.11,$2.09,0.92,0.9,1.30,1.42,0.05%
,,521,Live Dealer Football Studio,Evolution,Live Casino,"December, 2022",12,$23.53,$16.25,0.14,1.3,1.29,0.35,0.02%
,,522,Gold Stacks 88 Royal Monkey,Aristocrat,Slot,"November, 2024",10,$3.30,$2.14,0.78,1.0,1.29,1.42,0.01%
,,523,Break The Bounty LuckyTap ™,Design Works Gaming,Instant Win,"January, 2022",19,$1.72,$1.47,2.52,1.4,1.29,2.41,0.04%
,,524,Thundering Horseman,Light & Wonder,Slot,"October, 2024",29,$2.88,$2.04,0.79,1.1,1.29,1.42,0.05%
,,525,Quadruple Da Vinci Diamonds Jackpot,High 5 Games,Slot,"January, 2025",6,$1.53,$1.33,2.20,1.1,1.28,1.40,0.01%
,,526,Megajackpots Siberian Storm,Igt,Slot,"March, 2021",14,$2.90,$2.54,0.52,0.6,1.28,1.40,0.03%
,,527,Fire Stampede,Bragg Gaming Group,Slot,"October, 2024",22,$2.37,$2.08,1.42,1.0,1.28,1.40,0.05%
,,528,Deal Or No Deal The Big Hit Megaways Jackpot Royale,White Hat Studios,Slot,"November, 2024",25,$1.73,$1.50,0.96,0.8,1.28,1.40,0.05%
,,529,Grand Buzzer Beater Megaways,Evolution,Slot,"October, 2025",20,$1.09,$0.93,2.15,0.9,1.28,1.40,0.03%
,,530,House Of Spins,Games Global,Slot,"June, 2025",23,$1.49,$1.52,1.46,1.0,1.28,1.40,0.06%
,,531,Buffalo Blitz Live Slots,Playtech,Live Casino,"March, 2024",6,$1.58,$1.40,2.49,1.1,1.27,0.34,0.01%
,,532,Ted Cash Lock Jackpot Royale,White Hat Studios,Slot,"April, 2024",25,$2.70,$2.16,1.42,1.2,1.27,1.39,0.04%
,,533,Times Machine Extra,Boom Entertainment,Slot,"July, 2024",14,$5.10,$4.02,0.48,1.1,1.26,1.38,0.04%
,,534,Mad Hit Diamonds,Ruby Play,Slot,"April, 2025",5,$1.51,$1.12,1.45,0.9,1.26,1.38,0.01%
,,535,All Aboard Go West,Konami,Slot,"December, 2024",25,$2.86,$2.49,0.81,0.9,1.26,1.38,0.04%
,,536,Super Boom Boom Boom,Gamecode,Slot,"June, 2024",16,$2.17,$1.56,1.23,1.3,1.26,1.38,0.04%
,,537,777 Super Strike,Evolution,Slot,"July, 2024",31,$1.75,$1.23,2.35,0.9,1.26,1.38,0.05%
,,538,Wolf Legend Megaways Jackpot Royale,White Hat Studios,Slot,"July, 2023",31,$1.83,$1.66,1.76,1.3,1.26,1.38,0.07%
,,539,Truckers Vs Aliens,Bragg Gaming Group,Slot,"October, 2025",18,$1.58,$1.59,1.22,0.8,1.26,1.38,0.04%
,,540,25 Red Hot 7 Clover Link,Greentube,Slot,"January, 2024",5,$1.62,$1.39,1.16,0.9,1.25,1.37,0.01%
,,541,Triple Gold,Igt,Slot,"December, 2021",32,$0.75,$0.59,3.80,1.1,1.25,1.37,0.06%
,,542,Klowns,Hacksaw Gaming,Slot,"October, 2025",15,$1.73,$1.47,1.41,0.9,1.25,1.37,0.03%
,,543,Beast Of Wealth,Play N Go,Slot,"December, 2023",7,$1.21,$1.09,0.91,0.9,1.25,1.37,0.01%
,,544,Goons Gone Wild,Games Global,Slot,"April, 2025",22,$1.56,$1.47,1.29,0.9,1.25,1.37,0.06%
,,545,Fire And Roses Jolly Joker,Games Global,Slot,"October, 2024",20,$1.37,$1.03,1.47,0.8,1.25,1.37,0.05%
,,546,Thunder Cash Golden Voodoo Magic,Greentube,Slot,"October, 2023",11,$3.08,$1.84,0.66,1.1,1.25,1.37,0.01%
,,547,Wild West,Evolution,Slot,"March, 2021",7,$2.21,$1.56,0.69,1.1,1.24,1.36,0.01%
,,548,Fire Blaze Green Wizard,Playtech,Slot,"December, 2024",16,$1.28,$1.20,1.70,0.9,1.23,1.35,0.03%
,,549,Jackpot Carnival Buffalo,Aristocrat,Slot,"July, 2025",13,$1.71,$1.93,1.23,0.8,1.22,1.34,0.03%
,,550,Blackjack Single Deck,Ags,Table Game,"April, 2025",9,$62.91,$42.03,0.52,10.8,1.22,0.48,0.01%
,,551,Race Track,Evolution,Live Casino,"March, 2025",29,$28.78,$9.28,0.26,1.1,1.22,0.33,0.04%
,,552,Empire Of Wilds,Design Works Gaming,Slot,"December, 2022",22,$1.39,$1.15,0.66,0.8,1.22,1.33,0.01%
,,553,Cash Express Luxury Line Timber Wolf,Aristocrat,Slot,"March, 2025",12,$2.15,$1.96,0.96,0.9,1.22,1.33,0.03%
,,554,Cash Flip Devils Coin,Games Global,Slot,"January, 2025",22,$2.26,$1.38,1.42,0.9,1.21,1.33,0.05%
,,555,Wild Winner,Inspired,Slot,"September, 2023",15,$2.66,$1.73,0.96,0.9,1.21,1.32,0.03%
,,556,8x Crystal Bells,Ags,Slot,"October, 2023",30,$1.59,$1.49,1.15,0.9,1.20,1.32,0.04%
,,557,Money Raid Wapiti,Light & Wonder,Slot,"October, 2025",27,$1.28,$1.23,1.56,0.9,1.20,1.32,0.04%
,,558,Bankin More Bacon,White Hat Studios,Slot,"September, 2024",31,$1.00,$0.92,3.03,0.9,1.20,1.31,0.04%
,,559,Quick Hit Super Wheel Wild Red,Light & Wonder,Slot,"March, 2021",18,$3.08,$2.47,1.07,1.2,1.20,1.31,0.02%
,,560,Olympus Raging Megaways,Igt,Slot,"May, 2024",5,$13.12,$3.22,0.11,1.3,1.20,1.31,0.00%
,,561,Thor 10k Ways,Reel Play,Slot,"August, 2023",26,$1.76,$1.38,1.57,1.2,1.20,1.31,0.03%
,,562,Piggy Bank Fortune Pusher,Spinberry,Slot,"September, 2025",9,$1.39,$1.41,1.44,0.7,1.19,1.31,0.02%
,,563,Black Diamond,Everi,Slot,"March, 2021",23,$6.91,$4.91,0.39,0.9,1.19,1.30,0.03%
,,564,All Aboard Piggy Pennies,Konami,Slot,"September, 2023",25,$2.92,$2.16,0.88,1.0,1.19,1.30,0.04%
,,565,European Roulette,Internal,Table Game,"July, 2021",11,$12.10,$7.73,0.29,1.6,1.18,0.47,0.03%
,,566,Stinkin Rich Skunks Gone Wild,Igt,Slot,"May, 2024",20,$4.21,$2.24,0.60,1.0,1.18,1.29,0.05%
,,567,Slice Of Midnight,Evolution,Slot,"September, 2025",18,$0.88,$0.85,2.79,0.9,1.17,1.28,0.02%
,,568,Mercy Of The Gods,Evolution,Slot,"March, 2021",32,$2.43,$1.99,1.50,1.4,1.17,1.28,0.05%
,,569,Saint Nicked 2,White Hat Studios,Slot,"November, 2024",31,$0.99,$0.86,1.86,0.8,1.16,1.27,0.06%
,,570,Buffalo Blitz,Playtech,Slot,"August, 2021",15,$2.04,$1.42,1.09,1.0,1.16,1.27,0.03%
,,571,Triple Cash Wheel,Light & Wonder,Slot,"April, 2021",14,$5.04,$3.74,0.61,1.0,1.16,1.27,0.01%
,,572,Big Money Frenzy Megaways,White Hat Studios,Slot,"October, 2024",30,$1.30,$1.11,1.81,1.0,1.16,1.27,0.06%
,,573,Super Jackpot Wild Gems,Everi,Slot,"April, 2022",25,$7.83,$7.64,0.30,0.9,1.15,1.26,0.05%
,,574,Wolf Riches,Aristocrat,Slot,"January, 2022",17,$3.61,$1.78,0.58,1.2,1.15,1.26,0.04%
,,575,The Rise Of The Tycoon,Betixon,Slot,"October, 2025",2,$1.08,$1.08,1.91,1.0,1.15,1.26,0.01%
,,576,Stock Market Live,Evolution,Live Casino,"October, 2024",20,$16.61,$14.31,0.42,3.1,1.14,0.31,0.03%
,,577,Big Fishing Fortune,Inspired,Slot,"January, 2022",24,$1.56,$1.48,1.23,0.9,1.14,1.25,0.05%
,,578,Fruit Shop Megaways,Evolution,Slot,"May, 2021",27,$1.41,$1.20,1.34,0.8,1.14,1.24,0.05%
,,579,Slingo Stinkin Rich,Gaming Realms,Slot,"August, 2022",27,$10.29,$11.91,0.69,1.1,1.14,1.24,0.05%
,,580,Flames Of Fortune,Gamecode,Slot,"November, 2025",7,$1.32,$1.26,1.71,1.0,1.14,1.24,0.02%
,,581,Pumpkins Ultraup,Light & Wonder,Slot,"September, 2024",28,$1.68,$1.41,1.20,0.9,1.14,1.24,0.03%
,,582,Long And Happy Life,Ainsworth,Slot,"March, 2021",12,$3.07,$2.15,0.51,0.9,1.13,1.24,0.01%
,,583,Cleopatra Keno,Igt,Bingo/Keno,"November, 2025",23,$0.91,$0.86,1.63,0.8,1.13,1.06,0.03%
,,584,Starlight Jackpots Odds Of The God 2,Greentube,Slot,"June, 2025",16,$1.46,$1.27,1.14,0.8,1.13,1.24,0.05%
,,585,Blackjack Classic,Evolution,Table Game,"June, 2021",5,$38.91,$40.45,0.37,5.2,1.13,0.45,0.01%
,,586,3 Dancing Monkeys,Bragg Gaming Group,Slot,"April, 2025",21,$1.99,$1.99,0.95,0.9,1.12,1.23,0.05%
,,587,Silver Lux Big Win Spinner,Greentube,Slot,"June, 2024",17,$2.31,$1.21,1.37,0.9,1.12,1.23,0.03%
,,588,Wildwood Buffalo,Aristocrat,Slot,"February, 2023",17,$2.98,$1.53,0.12,0.8,1.12,1.23,0.03%
,,589,Monopoly Money In Hand,Light & Wonder,Slot,"March, 2021",6,$2.17,$2.12,1.52,1.2,1.12,1.23,0.00%
,,590,Ze Zeus,Hacksaw Gaming,Slot,"September, 2024",15,$2.20,$1.99,0.87,0.8,1.12,1.23,0.03%
,,591,Thunder Cash Senor Muerte,Greentube,Slot,"September, 2023",11,$2.98,$1.75,0.62,0.9,1.11,1.22,0.01%
,,592,Finns Golden Tavern,Evolution,Slot,"March, 2021",20,$1.20,$1.11,3.07,1.2,1.11,1.22,0.01%
,,593,Wolf Run,Igt,Slot,"March, 2021",33,$1.18,$1.07,1.55,0.8,1.11,1.22,0.05%
,,594,Kingfisher,Games Global,Slot,"August, 2025",23,$2.17,$1.29,1.09,0.8,1.11,1.22,0.03%
,,595,Fire Blaze Golden Macaque,Playtech,Slot,"June, 2023",11,$1.25,$1.33,1.32,0.8,1.11,1.22,0.01%
,,596,Almighty Buffalo Reloaded Megaways,White Hat Studios,Slot,"March, 2024",29,$1.45,$1.07,1.48,0.7,1.11,1.21,0.05%
,,597,Slingo Candy Machine Bl4st,Gaming Realms,Slot,"October, 2025",25,$6.29,$5.79,1.11,0.9,1.10,1.21,0.04%
,,598,Blazing Bison Gold Blitz Extreme,Games Global,Slot,"May, 2025",22,$1.57,$1.47,1.17,0.8,1.10,1.21,0.06%
,,599,Owl Eyes,Light & Wonder,Slot,"March, 2021",6,$2.43,$2.36,0.97,1.0,1.10,1.21,0.01%
,,600,Rodeo Grand,Inspired,Slot,"September, 2025",22,$1.55,$1.08,1.38,0.7,1.10,1.21,0.03%
,,601,Raging Rhino,Light & Wonder,Slot,"March, 2021",25,$2.14,$1.54,0.98,1.2,1.10,1.21,0.02%
,,602,Blazin Grand,Everi,Slot,"May, 2025",30,$7.89,$7.25,0.23,0.8,1.10,1.20,0.04%
,,603,The Goonies Megaways,White Hat Studios,Slot,"December, 2024",30,$1.17,$1.16,1.91,0.9,1.10,1.20,0.04%
,,604,Wheel Of Fortune Ruby Riches,Igt,Slot,"July, 2021",33,$2.11,$1.78,0.90,0.9,1.10,1.20,0.06%
,,605,"The 100,000 Pyramid",Igt,Slot,"March, 2021",32,$1.30,$1.07,1.33,0.7,1.10,1.20,0.04%
,,606,Gobbler Gone Wild,High 5 Games,Slot,"November, 2021",25,$1.90,$1.62,1.58,1.1,1.10,1.20,0.05%
,,607,Thundering Eclipse,Light & Wonder,Slot,"May, 2025",25,$2.03,$1.74,1.05,0.9,1.10,1.20,0.04%
,,608,Almighty Buffalo Lightning Gold,White Hat Studios,Slot,"November, 2024",28,$1.41,$1.37,1.20,0.7,1.10,1.20,0.03%
,,609,Slingo Capital Gains,Gaming Realms,Slot,"May, 2024",20,$11.07,$6.33,0.22,0.8,1.09,1.20,0.02%
,,610,Flaming Hot Devil,Spinberry,Slot,"October, 2025",7,$1.07,$0.97,1.53,0.7,1.09,1.20,0.01%
,,611,Boom Boom Boom,Gamecode,Slot,"December, 2023",14,$1.99,$1.50,1.31,1.1,1.09,1.20,0.03%
,,612,Dancing Drums,Light & Wonder,Slot,"March, 2021",28,$3.19,$2.66,1.05,1.1,1.09,1.19,0.04%
,,613,Ace Ventura Pet Detective,Light & Wonder,Slot,"June, 2024",7,$1.28,$1.31,1.43,0.8,1.09,1.19,0.02%
,,614,Triple Hoot,High 5 Games,Slot,"March, 2021",3,$2.44,$3.11,0.63,0.8,1.09,1.19,0.00%
,,615,Ted Jackpot Royale,White Hat Studios,Slot,"December, 2022",24,$3.26,$2.02,0.70,0.7,1.09,1.19,0.02%
,,616,Quick Hit Platinum,Light & Wonder,Slot,"March, 2021",10,$3.39,$3.12,0.64,0.8,1.09,1.19,0.01%
,,617,Cash Eruption Vegas,Igt,Slot,"December, 2023",33,$1.43,$1.33,1.34,0.8,1.09,1.19,0.05%
,,618,The Jetsons Jackpot Royale,White Hat Studios,Slot,"August, 2025",26,$2.05,$1.83,0.99,0.7,1.09,1.19,0.05%
,,619,Baccarat,Igt,Table Game,"March, 2021",28,$45.32,$34.58,0.14,2.9,1.08,0.43,0.06%
,,620,Peaky Blinders 2 The Shelby Empire,White Hat Studios,Slot,"November, 2024",27,$1.35,$1.17,1.06,0.8,1.08,1.18,0.04%
,,621,Rise Of Olympus 100,Play N Go,Slot,"July, 2023",14,$1.14,$0.95,2.89,0.8,1.08,1.18,0.01%
,,622,Multihand Blackjack Surrender,Igt,Table Game,"September, 2021",28,$49.69,$36.10,0.59,10.0,1.08,0.43,0.05%
,,623,Buildin Bucks,Play N Go,Slot,"November, 2024",24,$2.00,$1.25,0.98,0.7,1.08,1.18,0.05%
,,624,Slick Riches LuckyTap ™,Design Works Gaming,Instant Win,"August, 2022",19,$2.55,$1.30,1.01,0.9,1.08,2.00,0.02%
,,625,Bigger Catch Bass Fishing Jackpot Royale Express,White Hat Studios,Slot,"May, 2025",19,$1.30,$1.13,1.63,0.8,1.08,1.18,0.03%
,,626,Diamond Arrow,Design Works Gaming,Slot,"July, 2022",13,$4.94,$1.31,0.59,0.8,1.07,1.18,0.01%
,,627,Djinnis Arabian Riches,Games Global,Slot,"July, 2024",22,$1.69,$1.50,0.99,0.8,1.07,1.18,0.06%
,,628,Luck It Up,Inspired,Slot,"August, 2025",25,$1.50,$1.12,1.43,0.8,1.07,1.17,0.03%
,,629,Triple Dragons Strike,Gamecode,Slot,"April, 2025",16,$2.46,$1.83,1.27,1.1,1.07,1.17,0.04%
,,630,Underworld Kingdom 3 Wonders,Boomerang Studios,Slot,"September, 2025",9,$1.57,$1.60,1.31,0.8,1.07,1.17,0.01%
,,631,Slingo Deadliest Catch,Gaming Realms,Slot,"December, 2022",28,$12.34,$10.53,0.44,1.0,1.07,1.17,0.04%
,,632,Vegas No Limit Wins,Ruby Play,Slot,"May, 2025",3,$2.19,$2.40,0.85,0.7,1.07,1.17,0.00%
,,633,Multihand Blackjack,Aristocrat,Table Game,"December, 2024",2,$20.80,$20.80,0.17,1.1,1.07,0.42,0.00%
,,634,12 Coins Grand Platinum Edition Santas Jackpot,Wazdan,Slot,"November, 2025",8,$2.17,$1.72,1.50,1.1,1.07,1.17,0.01%
,,635,Slingo Big Spin Booster,Gaming Realms,Slot,"June, 2025",30,$7.00,$6.73,0.64,1.0,1.07,1.17,0.06%
,,636,Crown Of Egypt,Igt,Slot,"March, 2021",29,$3.08,$1.68,0.69,0.9,1.06,1.16,0.05%
,,637,Almighty Beast Big Money Jackpot Royale,White Hat Studios,Slot,"June, 2025",27,$2.31,$2.02,0.82,0.8,1.06,1.16,0.04%
,,638,Big Money Frenzy Jackpot Royale,White Hat Studios,Slot,"February, 2024",31,$2.32,$2.02,0.78,0.7,1.06,1.16,0.05%
,,639,The Crypt,Evolution,Slot,"September, 2025",21,$1.63,$1.22,1.29,0.7,1.06,1.16,0.02%
,,640,Gold Cash Freespins Megaways,Inspired,Slot,"December, 2023",10,$1.90,$1.23,0.99,0.8,1.06,1.16,0.01%
,,641,Paddys Golden Fortune,Spinberry,Slot,"May, 2025",7,$1.29,$1.27,1.67,0.6,1.05,1.15,0.01%
,,642,Party Animals,916 Gaming,Slot,"November, 2025",5,$1.32,$1.35,1.79,0.9,1.05,1.15,0.01%
,,643,Piggy Blitz,Play N Go,Slot,"December, 2023",24,$1.10,$0.96,0.98,0.7,1.05,1.15,0.01%
,,644,Cashpile,Gamecode,Slot,"April, 2024",16,$1.79,$1.73,1.53,1.1,1.05,1.15,0.03%
,,645,Fire Blaze Sky Queen,Playtech,Slot,"June, 2023",10,$1.88,$1.17,1.47,1.2,1.05,1.15,0.01%
,,646,Jimi Hendrix,Evolution,Slot,"March, 2021",29,$2.91,$2.57,1.07,1.4,1.04,1.14,0.03%
,,647,Piggy Riches Megaways,Evolution,Slot,"August, 2021",25,$1.11,$0.97,1.48,0.6,1.04,1.14,0.03%
,,648,5x A Winner,Design Works Gaming,Slot,"November, 2022",22,$1.43,$1.24,1.26,0.8,1.04,1.14,0.03%
,,649,Thunderstruck Stormchaser,Games Global,Slot,"July, 2023",14,$2.21,$1.78,0.77,0.7,1.04,1.14,0.02%
,,650,Bull Blitz Roses And Riches,Konami,Slot,"December, 2023",23,$3.27,$2.37,0.59,0.8,1.04,1.13,0.02%
,,651,Wild Worlds,Evolution,Slot,"March, 2021",26,$2.70,$1.58,1.77,1.1,1.03,1.13,0.04%
,,652,J Mania Turkey Chef,Ruby Play,Slot,"May, 2025",3,$3.02,$2.32,0.88,0.8,1.03,1.13,0.00%
,,653,Blazin Gems,Everi,Slot,"July, 2022",25,$12.10,$7.28,0.32,0.9,1.03,1.13,0.04%
,,654,Honey Money,Oddsworks,Slot,"November, 2025",6,$1.24,$1.22,1.27,0.8,1.02,1.11,0.01%
,,655,Twin Spin Megaways,Evolution,Slot,"March, 2021",24,$1.03,$0.75,2.93,1.0,1.02,1.11,0.04%
,,656,Coin Combo Explosion Jackpot Festival,Light & Wonder,Slot,"May, 2024",10,$2.43,$2.01,0.79,1.0,1.01,1.11,0.02%
,,657,Ancient Tumble,Relax Gaming,Slot,"January, 2025",6,$3.53,$2.83,1.18,1.0,1.01,1.11,0.01%
,,658,Slingo Advance,Gaming Realms,Slot,"March, 2021",12,$13.16,$8.61,0.26,0.8,1.01,1.10,0.01%
,,659,Roulette,Playtech,Table Game,"July, 2024",3,$31.10,$15.52,0.13,1.1,1.01,0.40,0.00%
,,660,Slingo Day Of The Dab,Gaming Realms,Slot,"September, 2024",28,$6.78,$5.35,0.66,0.8,1.00,1.10,0.04%
,,661,Dragons Luck,Evolution,Slot,"July, 2022",19,$6.92,$7.40,0.28,0.9,1.00,1.09,0.03%
,,662,Stinkin Rich,Igt,Slot,"June, 2022",27,$1.45,$1.42,1.16,0.7,1.00,1.09,0.03%
,,663,Chicken Fox Jr,Light & Wonder,Slot,"June, 2022",32,$1.79,$1.36,1.09,0.9,1.00,1.09,0.05%
,,664,13th Trial Hercules Abyssways,Play N Go,Slot,"October, 2025",19,$0.96,$0.95,1.80,0.7,0.99,1.09,0.03%
,,665,Pop And Win,High 5 Games,Slot,"November, 2025",12,$1.53,$1.58,1.49,1.0,0.99,1.08,0.02%
,,666,Happy Fortune Dragon,Inspired,Slot,"November, 2024",25,$1.31,$1.29,1.25,0.8,0.99,1.08,0.03%
,,667,Lil Demon Mega Collect Em,Playtech,Slot,"September, 2025",15,$1.19,$1.07,1.59,0.7,0.99,1.08,0.01%
,,668,Billionaires Bank,High 5 Games,Slot,"October, 2024",24,$2.15,$1.64,0.86,0.9,0.98,1.08,0.04%
,,669,Egypt Clusterbuster,Evolution,Slot,"July, 2025",15,$1.01,$0.76,1.05,0.5,0.98,1.08,0.00%
,,670,Blackjack Diamond Vip,Everi,Slot,"July, 2025",13,$20.55,$21.30,0.12,1.0,0.98,1.07,0.03%
,,671,Diamond Desire Flame,Bragg Gaming Group,Slot,"September, 2025",12,$1.95,$1.19,1.22,0.7,0.98,1.07,0.01%
,,672,Fire Joker Blitz,Play N Go,Slot,"October, 2025",17,$1.15,$1.16,1.55,0.7,0.98,1.07,0.03%
,,673,Cleos Jackpot Win And Spin,Inspired,Slot,"July, 2024",5,$1.83,$1.64,0.65,0.5,0.98,1.07,0.00%
,,674,Slingo Hot Roll,Gaming Realms,Slot,"December, 2023",29,$10.99,$8.90,0.44,0.8,0.97,1.07,0.04%
,,675,Monopoly Money Grab,Light & Wonder,Slot,"September, 2023",26,$1.63,$1.36,1.07,0.6,0.97,1.07,0.03%
,,676,Fortune Freespins,Inspired,Slot,"August, 2022",10,$2.59,$1.15,1.13,0.9,0.97,1.06,0.01%
,,677,Sticky Stacked Fire 7s,Inspired,Slot,"February, 2025",26,$1.59,$1.44,1.16,0.7,0.97,1.06,0.03%
,,678,Live Dealer Super Sic Bo,Evolution,Live Casino,"December, 2023",22,$26.50,$18.24,0.14,1.3,0.97,0.26,0.05%
,,679,2x Spin Cycle,Ags,Slot,"January, 2025",28,$1.39,$0.95,0.60,0.6,0.97,1.06,0.02%
,,680,Slingo Gold Fish,Gaming Realms,Slot,"November, 2025",22,$8.96,$8.76,0.54,0.9,0.96,1.06,0.03%
,,681,5 Dragons,Aristocrat,Slot,"July, 2023",13,$1.35,$1.37,1.46,0.8,0.96,1.05,0.01%
,,682,Ultimate Pong Luckytap ™,Design Works Gaming,Instant Win,"May, 2025",18,$1.75,$1.16,0.87,0.6,0.96,1.79,0.04%
,,683,Deal Or No Deal Golden Case Megaways,White Hat Studios,Slot,"October, 2022",29,$2.06,$1.93,0.85,1.0,0.96,1.05,0.05%
,,684,Lucky Larrys Lobstermania High Stakes,Igt,Slot,"October, 2025",31,$18.63,$2.58,0.53,0.7,0.96,1.05,0.06%
,,685,A While On The Nile,Light & Wonder,Slot,"March, 2021",7,$8.32,$2.68,0.19,0.8,0.96,1.05,0.01%
,,686,Fishin Bigger Loaded Pots,Games Global,Slot,"January, 2023",20,$1.92,$1.18,1.03,0.7,0.96,1.05,0.04%
,,687,Ultimate Fire Link River Walk,Light & Wonder,Slot,"June, 2023",24,$2.60,$1.69,0.82,0.7,0.95,1.04,0.02%
,,688,Drakes Treasure,Igt,Slot,"March, 2025",22,$2.34,$1.85,1.06,0.6,0.95,1.04,0.03%
,,689,Diamond Boost,Ags,Slot,"November, 2024",30,$1.58,$1.38,0.84,0.6,0.95,1.04,0.02%
,,690,Gridiron Goal,Design Works Gaming,Slot,"July, 2025",17,$1.06,$0.91,0.98,0.6,0.95,1.04,0.02%
,,691,Gold Cash Big Spins,Inspired,Slot,"June, 2022",15,$2.19,$1.12,0.88,0.8,0.95,1.04,0.01%
,,692,Creepy Candy,Greentube,Slot,"October, 2025",13,$2.02,$1.61,0.92,0.7,0.95,1.04,0.02%
,,693,Platinum Goddess,High 5 Games,Slot,"March, 2021",20,$1.52,$1.53,1.29,1.0,0.94,1.03,0.05%
,,694,Lightning Leopard,Light & Wonder,Slot,"April, 2021",29,$2.27,$1.84,0.90,0.8,0.94,1.03,0.04%
,,695,Quadruple Da Vinci Diamonds,High 5 Games,Slot,"April, 2021",11,$1.77,$1.47,1.77,1.2,0.94,1.03,0.01%
,,696,Power Blackjack,Evolution,Table Game,"October, 2023",8,$33.17,$22.78,0.19,2.6,0.94,0.37,0.00%
,,697,5 Dragons Gold,Aristocrat,Slot,"July, 2025",15,$1.64,$1.36,1.17,0.7,0.94,1.02,0.03%
,,698,Land O Loot LuckyTap™,Design Works Gaming,Instant Win,"March, 2023",12,$2.58,$2.22,0.94,0.9,0.93,1.74,0.02%
,,699,The Goonies Hey You Guys,White Hat Studios,Slot,"April, 2024",31,$1.33,$1.18,1.37,0.8,0.93,1.02,0.04%
,,700,Winfall Wishes,Aristocrat,Slot,"June, 2024",6,$1.51,$1.37,1.05,0.6,0.93,1.02,0.01%
,,701,Gorilla Kingdom,Evolution,Slot,"March, 2021",31,$0.92,$0.80,2.59,0.9,0.93,1.02,0.04%
,,702,Fire Blaze Golden Amazing Factory,Playtech,Slot,"June, 2023",17,$1.77,$1.43,1.65,1.0,0.93,1.02,0.02%
,,703,Jack O Lantern Jackpots,Everi,Slot,"September, 2024",25,$6.40,$6.57,0.20,0.7,0.93,1.02,0.03%
,,704,King Maker,Everi,Slot,"February, 2023",19,$7.59,$7.94,0.15,0.8,0.93,1.02,0.03%
,,705,Firebird Spirit,Bragg Gaming Group,Slot,"April, 2024",16,$1.79,$1.49,0.50,0.6,0.93,1.02,0.01%
,,706,Dam Beavers,Light & Wonder,Slot,"February, 2025",10,$3.84,$2.47,0.50,0.6,0.92,1.01,0.01%
,,707,Megajackpots Elephant King,Igt,Slot,"January, 2023",13,$2.43,$2.10,0.35,0.4,0.92,1.01,0.02%
,,708,Mask Of Amun Gold Blitz Ultimate,Games Global,Slot,"July, 2025",22,$1.61,$1.45,0.89,0.7,0.92,1.01,0.04%
,,709,Big Gains,Evolution,Slot,"July, 2025",27,$1.25,$0.81,1.17,0.6,0.92,1.01,0.03%
,,710,Bear Money,Inspired,Slot,"March, 2021",11,$2.29,$1.76,2.64,1.1,0.92,1.01,0.01%
,,711,Triple Big Kick Luckytap ™,Design Works Gaming,Instant Win,"October, 2025",18,$1.15,$1.19,1.24,0.6,0.92,1.71,0.03%
,,712,Crabbys Gold,Play N Go,Slot,"July, 2025",16,$0.94,$0.93,1.90,0.6,0.92,1.01,0.01%
,,713,The Great Pigsby Megaways,Relax Gaming,Slot,"February, 2024",7,$0.88,$0.81,2.47,1.0,0.92,1.00,0.01%
,,714,Ten Play Video Poker,Igt,Video Poker,"March, 2021",28,$10.64,$7.68,0.46,2.0,0.92,0.64,0.05%
,,715,Double Stacks,Evolution,Slot,"March, 2021",29,$1.93,$1.41,1.07,1.0,0.92,1.00,0.03%
,,716,Guan Yu,Ainsworth,Slot,"November, 2021",9,$2.44,$1.35,0.45,0.8,0.92,1.00,0.01%
,,717,Halloween Wins 3,Red Rake Gaming,Slot,"October, 2025",12,$1.88,$1.33,1.45,0.8,0.91,1.00,0.01%
,,718,Jin Chan Cash,Inspired,Slot,"March, 2021",16,$1.67,$1.25,1.50,0.9,0.91,1.00,0.01%
,,719,Donny Dough,Hacksaw Gaming,Slot,"February, 2025",16,$2.79,$1.40,0.68,0.8,0.91,1.00,0.04%
,,720,Cygnus 4,Light & Wonder,Slot,"September, 2025",9,$3.78,$1.65,0.72,0.6,0.91,1.00,0.01%
,,721,Underworld Treasure,Spinberry,Slot,"October, 2025",5,$0.91,$1.05,1.54,0.5,0.91,0.99,0.01%
,,722,3 Plucky Hens,1x2 Network,Slot,"May, 2025",5,$1.42,$1.24,1.28,0.9,0.91,0.99,0.01%
,,723,3 Porky Banks Hold And Win,1x2 Network,Slot,"September, 2024",5,$1.29,$1.37,1.09,0.8,0.91,0.99,0.01%
,,724,Mega Fire Blaze Pigies And The Bank,Playtech,Slot,"June, 2024",19,$1.06,$1.02,1.42,0.6,0.90,0.99,0.02%
,,725,Gold Hit Dragon Bonanza,Playtech,Slot,"March, 2024",12,$2.09,$1.06,1.89,0.8,0.90,0.99,0.01%
,,726,Quick Hit Ultra Pays Eagles Peak,Light & Wonder,Slot,"July, 2021",29,$1.49,$1.57,1.77,1.2,0.90,0.99,0.03%
,,727,Live Dealer Lightning Dice,Evolution,Live Casino,"July, 2023",12,$11.85,$11.06,0.26,1.0,0.90,0.24,0.02%
,,728,Slingo Xxxtreme,Gaming Realms,Slot,"March, 2021",33,$6.72,$3.91,0.69,0.8,0.90,0.99,0.05%
,,729,Gimme Gold Megaways Bonus Buy,Evolution,Slot,"May, 2021",18,$1.14,$0.75,2.82,1.0,0.90,0.99,0.02%
,,730,Hyper Strike Diamond Drums,Games Global,Slot,"May, 2025",22,$1.44,$1.41,1.16,0.6,0.90,0.98,0.04%
,,731,Cleopatra Plus,Igt,Slot,"March, 2021",13,$1.56,$1.14,0.93,0.9,0.89,0.98,0.01%
,,732,Eternal Dawn,Slotmill,Slot,"July, 2025",5,$2.51,$2.39,0.99,0.6,0.89,0.98,0.01%
,,733,Egglink Astro Cat,Light & Wonder,Slot,"January, 2025",28,$3.21,$1.84,0.64,0.7,0.89,0.98,0.03%
,,734,Plinko,Hacksaw Gaming,Instant Win,"February, 2024",5,$0.81,$0.71,3.30,0.6,0.89,1.66,0.01%
,,735,Chicken Fox 5x Skillstar,Light & Wonder,Slot,"March, 2021",33,$1.37,$1.13,1.75,0.8,0.89,0.98,0.04%
,,736,Catch Of The Day Reeling Em In,Inspired,Slot,"August, 2023",21,$1.28,$1.06,1.38,0.7,0.89,0.98,0.03%
,,737,Last Man Standing,Slotmill,Slot,"October, 2025",2,$1.52,$1.52,0.95,0.6,0.89,0.98,0.00%
,,738,Invaders Megaways,Light & Wonder,Slot,"October, 2021",2,$1.61,$1.61,1.06,1.0,0.89,0.98,0.00%
,,739,Mad Hit Hidden Cities,Ruby Play,Slot,"February, 2025",5,$1.57,$1.64,1.31,0.7,0.89,0.98,0.01%
,,740,Silent Samurai Mega Collect Em,Playtech,Slot,"December, 2024",21,$1.27,$1.04,1.08,0.6,0.89,0.97,0.02%
,,741,Fire In The Hole Xbomb,Evolution,Slot,"February, 2025",13,$1.23,$1.31,1.64,0.6,0.89,0.97,0.01%
,,742,1 Million Megaways Bc,1x2 Network,Slot,"April, 2024",5,$1.56,$1.76,1.70,0.9,0.89,0.97,0.01%
,,743,Kitty Glitter,Igt,Slot,"September, 2021",31,$1.66,$1.33,0.96,0.7,0.88,0.97,0.03%
,,744,Golden Fire Link Dragon Song,Light & Wonder,Slot,"August, 2024",29,$2.67,$2.17,0.58,0.6,0.88,0.97,0.04%
,,745,Jingle Winner,Inspired,Slot,"November, 2024",21,$1.11,$0.82,1.60,0.6,0.88,0.97,0.03%
,,746,Oxygen,Light & Wonder,Slot,"March, 2025",10,$4.52,$2.25,0.28,0.5,0.88,0.97,0.01%
,,747,Black Hawk Deluxe,Wazdan,Slot,"June, 2023",8,$1.93,$1.73,0.69,1.0,0.88,0.96,0.00%
,,748,Game King Video Poker Jackpot,Igt,Video Poker,"July, 2024",17,$1.61,$1.64,1.74,1.0,0.88,0.62,0.02%
,,749,Cloud Princess,Hacksaw Gaming,Slot,"June, 2025",8,$3.23,$1.67,0.54,0.7,0.88,0.96,0.01%
,,750,Lightning Horseman,Light & Wonder,Slot,"March, 2021",33,$2.19,$1.90,0.87,0.8,0.88,0.96,0.04%
,,751,Baba Yaga Tales,Spinomenal,Slot,"May, 2025",2,$3.64,$3.64,0.23,0.5,0.88,0.96,0.00%
,,752,Fire Blaze Golden Tundra Wolf,Playtech,Slot,"August, 2023",4,$1.46,$1.16,1.25,0.4,0.88,0.96,0.00%
,,753,Treasures Of Troy,Igt,Slot,"March, 2021",26,$2.30,$2.08,0.71,0.7,0.87,0.96,0.03%
,,754,Casino Hold Em,Evolution,Table Game,"March, 2021",14,$10.86,$9.99,0.85,2.2,0.87,0.35,0.01%
,,755,Trophy Fish,Evolution,Slot,"May, 2025",24,$1.48,$0.96,0.79,0.8,0.87,0.95,0.02%
,,756,Lucky Vegas Nights,Internal,Slot,"April, 2021",4,$21.61,$20.62,0.10,1.0,0.87,0.95,0.00%
,,757,Red Alert,Everi,Slot,"March, 2021",31,$3.60,$2.11,0.43,0.7,0.87,0.95,0.02%
,,758,Mr Pigg E Bank,Games Global,Slot,"June, 2024",8,$2.10,$1.32,0.67,0.7,0.87,0.95,0.00%
,,759,Queen Of The Pyramids Mega Collect Em,Playtech,Slot,"May, 2025",21,$1.43,$1.35,0.96,0.5,0.86,0.94,0.02%
,,760,Siberian Storm,Igt,Slot,"March, 2021",28,$2.08,$1.76,0.73,0.7,0.86,0.94,0.03%
,,761,Magic Spins,Wazdan,Slot,"June, 2023",21,$2.14,$1.10,1.34,0.9,0.86,0.94,0.03%
,,762,Xmas Drop,Hacksaw Gaming,Slot,"January, 2025",5,$1.60,$1.75,1.07,0.6,0.86,0.94,0.00%
,,763,Blazing 777 2x3x5x,Light & Wonder,Slot,"October, 2023",18,$1.76,$1.61,1.27,0.8,0.86,0.94,0.02%
,,764,Jade Wins,Ags,Slot,"March, 2021",28,$2.47,$2.32,0.75,0.9,0.86,0.94,0.04%
,,765,Nitropolis 5,Light & Wonder,Slot,"September, 2025",10,$1.63,$1.48,1.08,0.5,0.86,0.94,0.01%
,,766,Battle Bucks 10k Ways,Reel Play,Slot,"September, 2025",19,$1.29,$1.30,1.46,0.7,0.86,0.94,0.02%
,,767,Da Vinci Ways,High 5 Games,Slot,"March, 2021",8,$2.29,$1.67,1.40,1.1,0.85,0.94,0.00%
,,768,Almighty Buffalo King Jackpot Royale,White Hat Studios,Slot,"September, 2024",26,$2.33,$1.87,0.51,0.7,0.85,0.93,0.02%
,,769,Mustang Money Triple Shot,Ainsworth,Slot,"August, 2025",7,$2.18,$2.19,0.72,0.6,0.85,0.93,0.01%
,,770,Triple Threat,Everi,Slot,"March, 2021",30,$4.06,$3.18,0.61,0.7,0.85,0.93,0.05%
,,771,Win Escalator,Evolution,Slot,"June, 2025",3,$0.68,$0.50,2.19,0.8,0.85,0.93,0.00%
,,772,Ultimate Texas Hold Em,Light & Wonder,Table Game,"March, 2021",19,$15.71,$11.63,0.78,3.7,0.85,0.34,0.02%
,,773,Money Galaxy Radiant Witch,Konami,Slot,"March, 2021",21,$2.62,$2.06,0.57,0.8,0.85,0.93,0.03%
,,774,Wolf Stacks Megaways,Evolution,Slot,"October, 2025",21,$1.17,$1.09,1.11,0.6,0.85,0.93,0.02%
,,775,Coconut Climb LuckyTap ™,Design Works Gaming,Instant Win,"May, 2023",13,$1.85,$1.08,1.19,0.8,0.85,1.58,0.01%
,,776,Premium European Roulette,Playtech,Table Game,"January, 2024",3,$19.66,$6.50,0.06,1.0,0.84,0.33,0.00%
,,777,Santa Stacked Freespins,Inspired,Slot,"March, 2021",16,$2.48,$1.34,0.93,0.7,0.84,0.92,0.02%
,,778,Cake And Ice Cream,Evolution,Slot,"March, 2024",24,$0.75,$0.64,1.96,0.4,0.84,0.92,0.01%
,,779,Immortal Ways Gallina Harvest,Ruby Play,Slot,"September, 2025",2,$1.28,$1.28,1.24,0.6,0.84,0.92,0.00%
,,780,All Aboard Charms Of The Orient,Konami,Slot,"March, 2024",25,$3.34,$2.31,0.47,0.7,0.84,0.92,0.02%
,,781,Hotline,Evolution,Slot,"March, 2021",17,$5.25,$2.55,0.27,1.0,0.83,0.91,0.01%
,,782,Prosperity Deluxe Ways,High 5 Games,Slot,"November, 2025",9,$1.44,$1.40,1.27,0.9,0.83,0.91,0.01%
,,783,Turkey Fortune,Spinberry,Slot,"November, 2025",3,$1.06,$1.03,1.20,0.5,0.83,0.91,0.00%
,,784,Dazzle Me,Evolution,Slot,"March, 2021",21,$2.13,$1.67,0.25,0.6,0.83,0.91,0.01%
,,785,Triple Power Peppers,Gamecode,Slot,"April, 2025",16,$2.23,$1.46,1.17,0.9,0.83,0.91,0.03%
,,786,Sweet Alchemy 100,Play N Go,Slot,"November, 2023",10,$1.54,$1.12,0.83,0.6,0.83,0.91,0.01%
,,787,Le Pharaoh,Hacksaw Gaming,Slot,"March, 2025",15,$1.78,$1.55,0.97,0.6,0.83,0.91,0.02%
,,788,Puff Puff Puffer,Bragg Gaming Group,Slot,"August, 2025",21,$2.26,$1.64,0.79,0.6,0.83,0.91,0.03%
,,789,Grand Royale,Ags,Slot,"March, 2021",28,$1.65,$1.61,0.98,0.9,0.83,0.90,0.04%
,,790,Sizzling Eggs,Wazdan,Slot,"June, 2023",15,$0.94,$0.73,3.51,0.9,0.83,0.90,0.01%
,,791,Blackjack,Aristocrat,Table Game,"December, 2024",3,$76.33,$5.42,0.15,8.9,0.83,0.33,0.00%
,,792,Megajackpots Jungle Tower,Igt,Slot,"February, 2024",14,$3.14,$2.48,0.34,0.4,0.82,0.90,0.01%
,,793,Crazy Money Double Deluxe,Incredible Technologies,Slot,"September, 2025",18,$1.54,$1.55,0.90,0.6,0.82,0.90,0.02%
,,794,The Goonies Jackpot Royale,White Hat Studios,Slot,"March, 2023",18,$2.28,$1.96,0.48,0.6,0.82,0.90,0.03%
,,795,Mega Money Catch Multipliers Jackpots Extra Picks,Incredible Technologies,Slot,"June, 2025",11,$1.99,$2.13,0.53,0.5,0.82,0.90,0.01%
,,796,Tiger Shrine,Relax Gaming,Slot,"September, 2025",2,$1.38,$1.38,1.34,0.6,0.82,0.90,0.00%
,,797,Golden Wins,Ags,Slot,"March, 2021",28,$3.48,$2.51,0.50,0.8,0.82,0.89,0.02%
,,798,Almighty Buffalo King,White Hat Studios,Slot,"June, 2024",29,$1.26,$0.99,1.02,0.7,0.82,0.89,0.03%
,,799,Blackjack (Nhl),Evolution,Table Game,"September, 2022",8,$42.07,$41.70,0.33,5.7,0.82,0.32,0.02%
,,800,Lucky Luchadoras,Greentube,Slot,"October, 2025",12,$1.49,$1.36,0.89,0.6,0.82,0.89,0.02%
,,801,12 Coins Grand Platinum Edition,Wazdan,Slot,"February, 2025",10,$2.68,$1.24,0.71,0.8,0.81,0.89,0.01%
,,802,3 Lucky Hippos,Games Global,Slot,"September, 2024",9,$3.08,$2.01,0.55,0.6,0.81,0.89,0.00%
,,803,Double Shamrock,Ags,Slot,"October, 2023",29,$2.63,$1.13,0.51,0.6,0.81,0.89,0.04%
,,804,Cops N Robbers Big Money Christmas,Inspired,Slot,"November, 2023",21,$1.58,$1.29,1.17,0.7,0.81,0.88,0.03%
,,805,Scarab Link,Igt,Slot,"August, 2021",9,$1.93,$1.58,0.75,0.9,0.81,0.88,0.01%
,,806,Big Bucks Canyon 10k Ways,Reel Play,Slot,"August, 2025",29,$1.31,$1.23,1.32,0.7,0.80,0.88,0.03%
,,807,Wheel Of Fortune Elegant Emeralds,Igt,Slot,"December, 2022",24,$1.73,$1.62,0.83,0.6,0.80,0.88,0.03%
,,808,Chaos Crew 2,Hacksaw Gaming,Slot,"September, 2024",22,$1.99,$1.62,0.72,0.5,0.80,0.88,0.03%
,,809,777 Diamond Strike,Evolution,Slot,"June, 2025",30,$1.56,$1.11,1.16,0.6,0.80,0.88,0.03%
,,810,Hypercharged Temple Of Atlantis,Light & Wonder,Slot,"September, 2025",24,$1.74,$1.61,1.02,0.6,0.80,0.88,0.02%
,,811,Cash Eruption Power Surge,Igt,Slot,"June, 2025",32,$1.39,$1.22,0.91,0.5,0.80,0.87,0.04%
,,812,French Roulette,Evolution,Table Game,"March, 2021",17,$46.30,$20.30,0.06,1.0,0.80,0.32,0.01%
,,813,Fire Blaze Tsai Shens Gift,Playtech,Slot,"June, 2023",9,$1.45,$1.49,1.39,0.9,0.80,0.87,0.01%
,,814,Cowboy Showdown,1x2 Network,Slot,"October, 2025",5,$1.06,$0.96,1.31,0.7,0.79,0.87,0.05%
,,815,Gold Cash Free Spins Megaways,Inspired,Slot,"November, 2023",12,$2.14,$1.27,0.74,0.6,0.79,0.87,0.01%
,,816,Casino Hold Em,Playtech,Table Game,"January, 2024",2,$10.90,$10.90,0.61,1.4,0.79,0.31,0.00%
,,817,Shadow Of The Panther Power Bet,High 5 Games,Slot,"March, 2021",9,$1.95,$1.31,0.46,0.9,0.79,0.87,0.00%
,,818,Megajackpots Ocean Spirit,Igt,Slot,"February, 2025",16,$1.93,$1.57,0.75,0.4,0.79,0.87,0.02%
,,819,Rick And Morty Wubba Lubba Dub Dub Jackpot Royale,White Hat Studios,Slot,"July, 2023",20,$1.82,$1.83,0.98,0.8,0.79,0.86,0.03%
,,820,Slingo Shark Week,Gaming Realms,Slot,"June, 2022",21,$10.07,$8.61,0.36,0.7,0.79,0.86,0.02%
,,821,Classic Keno,Aristocrat,Bingo/Keno,"December, 2024",3,$1.66,$1.81,1.24,0.6,0.79,0.74,0.00%
,,822,Lightning Blaze,Light & Wonder,Slot,"October, 2022",32,$2.50,$1.91,0.50,0.5,0.79,0.86,0.03%
,,823,Lucky Larry Lobstermania,Igt,Slot,"July, 2023",6,$8.12,$7.26,1.64,0.5,0.78,0.86,0.00%
,,824,Holiday Hits Collection,High 5 Games,Slot,"November, 2025",5,$1.12,$1.06,1.05,0.7,0.78,0.86,0.01%
,,825,Hot Slot 777 Crown,Wazdan,Slot,"June, 2023",21,$1.71,$0.84,0.77,0.9,0.78,0.86,0.04%
,,826,Triple Wild Dragon,Everi,Slot,"August, 2023",20,$5.33,$4.23,0.38,0.7,0.78,0.86,0.03%
,,827,10c Roulette,Aristocrat,Table Game,"December, 2024",3,$15.02,$15.32,0.26,0.9,0.78,0.31,0.00%
,,828,Dancing Drums Prosperity,Light & Wonder,Slot,"August, 2022",33,$2.99,$2.34,0.74,0.8,0.78,0.85,0.04%
,,829,Peaky Blinders,White Hat Studios,Slot,"April, 2023",29,$2.46,$1.84,0.54,0.8,0.77,0.85,0.02%
,,830,Paddy O Plunder 2,Bragg Gaming Group,Slot,"October, 2025",11,$1.45,$1.40,0.97,0.5,0.77,0.84,0.01%
,,831,Wolfpack Pays,Light & Wonder,Slot,"March, 2021",4,$1.63,$1.75,1.79,1.6,0.77,0.84,0.00%
,,832,Cash Money,Everi,Slot,"May, 2022",26,$2.36,$2.12,0.63,0.6,0.77,0.84,0.02%
,,833,Pug Life,Hacksaw Gaming,Slot,"May, 2025",16,$1.55,$1.47,1.01,0.6,0.77,0.84,0.02%
,,834,Double Jackpot,Everi,Slot,"March, 2021",28,$2.73,$1.84,0.45,0.6,0.77,0.84,0.02%
,,835,Crabbin For Cash Extra Big Splash Jackpot Royale,White Hat Studios,Slot,"August, 2024",19,$1.67,$1.49,0.57,0.5,0.77,0.84,0.03%
,,836,Big Horsey Fortune,Inspired,Slot,"June, 2023",3,$3.39,$2.48,0.45,0.6,0.77,0.84,0.00%
,,837,10000 Lions 10k Ways,Reel Play,Slot,"November, 2024",24,$1.56,$1.42,0.94,0.6,0.77,0.84,0.02%
,,838,Bankin Bacon,White Hat Studios,Slot,"October, 2022",30,$1.01,$0.96,1.52,0.6,0.77,0.84,0.05%
,,839,Golden Ram,Ags,Slot,"May, 2021",23,$1.78,$1.69,1.10,0.8,0.77,0.84,0.02%
,,840,Christmas Cash Pots,Inspired,Slot,"November, 2021",13,$1.76,$1.23,1.16,0.7,0.76,0.83,0.02%
,,841,Green Machine Deluxe,High 5 Games,Slot,"March, 2021",25,$6.89,$6.59,0.22,0.6,0.76,0.83,0.03%
,,842,Lit Christmas LuckyTap ™,Design Works Gaming,Instant Win,"November, 2023",16,$1.72,$1.00,1.18,0.7,0.76,1.41,0.02%
,,843,Doctor Reactive Mega Drop Low,Light & Wonder,Slot,"June, 2021",7,$8.67,$2.71,0.16,0.8,0.76,0.83,0.01%
,,844,The Goonies Return Jackpot Royale,White Hat Studios,Slot,"August, 2023",29,$2.29,$1.92,0.55,0.5,0.76,0.83,0.03%
,,845,3 Dragon Pots,1x2 Network,Slot,"April, 2025",4,$1.60,$1.09,1.04,0.7,0.75,0.83,0.01%
,,846,Tiki Totems,Aristocrat,Slot,"May, 2024",6,$1.46,$1.29,1.15,0.5,0.75,0.82,0.01%
,,847,Atomic Meltdown,Everi,Slot,"March, 2021",30,$2.48,$1.88,0.58,0.6,0.75,0.82,0.03%
,,848,Live Dealer Blackjack En Espanol,Evolution,Live Casino,"April, 2024",4,$100.03,$83.11,0.14,4.9,0.75,0.20,0.00%
,,849,Eagles Flight,High 5 Games,Slot,"March, 2021",21,$2.32,$1.76,0.55,0.8,0.75,0.82,0.02%
,,850,Buffalo Canyon,High 5 Games,Slot,"October, 2022",19,$1.67,$1.51,1.04,0.7,0.75,0.82,0.03%
,,851,Spin Vention,High 5 Games,Slot,"March, 2021",4,$0.97,$0.77,1.95,0.7,0.75,0.82,0.00%
,,852,Blazing 777 Triple Double Jackpot Wild,Light & Wonder,Slot,"February, 2024",18,$1.89,$1.73,0.78,0.6,0.75,0.82,0.03%
,,853,Lil Demon Luckytap™,Playtech,Instant Win,"September, 2025",4,$0.60,$0.60,1.38,0.5,0.75,1.39,0.01%
,,854,Ten Play Draw Poker,Igt,Video Poker,"July, 2023",6,$19.91,$15.43,0.33,1.7,0.74,0.52,0.00%
,,855,Spartacus Gladiator Of Rome,Light & Wonder,Slot,"March, 2021",22,$2.18,$1.62,0.69,0.7,0.74,0.81,0.03%
,,856,Big Bars Fortune Wheel Jackpot Royale,White Hat Studios,Slot,"October, 2022",20,$2.01,$1.75,0.51,0.4,0.74,0.81,0.02%
,,857,Shadow Of The Panther,High 5 Games,Slot,"April, 2021",14,$2.48,$1.57,1.12,0.8,0.74,0.81,0.01%
,,858,4 Fantastic Fish Amazon Adventure,Gaming Realms,Slot,"October, 2025",12,$1.52,$1.50,0.84,0.5,0.74,0.81,0.01%
,,859,Giga Match Phantasmal,Ruby Play,Slot,"October, 2025",6,$3.68,$3.69,1.12,0.6,0.74,0.81,0.01%
,,860,Tiki Island,Aristocrat,Slot,"June, 2024",7,$1.92,$2.03,0.75,0.5,0.74,0.80,0.00%
,,861,Bonanza Falls,Evolution,Slot,"December, 2023",19,$1.60,$1.40,2.12,0.8,0.73,0.80,0.02%
,,862,Mighty Symbols Jokers Santas Jackpots,Wazdan,Slot,"November, 2025",5,$2.24,$1.41,1.25,0.7,0.73,0.80,0.00%
,,863,Vip Blackjack En Espanol,Evolution,Table Game,"June, 2024",4,$567.94,$572.29,0.02,3.9,0.73,0.29,0.00%
,,864,Fish Fest Ultratap,Ags,Instant Win,"June, 2025",26,$0.92,$0.68,1.36,0.6,0.73,1.36,0.02%
,,865,Triple Red Hot 7s Free Games,Igt,Slot,"March, 2021",30,$1.58,$1.34,0.93,0.6,0.73,0.80,0.03%
,,866,Little Cluckers,Greentube,Slot,"March, 2025",12,$1.43,$1.28,0.86,0.6,0.73,0.80,0.01%
,,867,Dessert Kingdom,Greentube,Slot,"May, 2025",9,$6.43,$5.75,0.15,0.5,0.73,0.80,0.01%
,,868,Buffalo Gold Max Power,Aristocrat,Slot,"December, 2024",14,$1.49,$1.42,0.84,0.5,0.73,0.80,0.01%
,,869,Test Your Strength LuckyTap ™,Design Works Gaming,Instant Win,"December, 2021",18,$1.56,$1.14,0.89,0.7,0.73,1.36,0.01%
,,870,Stacked Valentine Hearts,Inspired,Slot,"February, 2022",7,$1.94,$1.53,1.03,0.6,0.73,0.80,0.00%
,,871,Blazing Ice,Everi,Slot,"September, 2024",25,$6.99,$7.36,0.18,0.6,0.73,0.80,0.04%
,,872,Mega Fire Blaze Wild Pistolero,Playtech,Slot,"June, 2023",17,$1.32,$1.06,1.21,0.6,0.73,0.79,0.01%
,,873,Secrets Of The Phoenix Megaways,Aristocrat,Slot,"July, 2024",6,$1.02,$1.12,1.30,0.6,0.72,0.79,0.00%
,,874,Vault Cracker,Evolution,Slot,"September, 2021",27,$1.65,$1.19,0.62,0.4,0.72,0.79,0.02%
,,875,Gladiator Ways,Evolution,Slot,"March, 2025",25,$1.26,$1.04,1.32,0.5,0.72,0.79,0.02%
,,876,Call Of The Wild,Inspired,Slot,"March, 2023",25,$2.13,$1.50,0.75,0.5,0.72,0.79,0.02%
,,877,Toss Boss LuckyTap ™,Design Works Gaming,Instant Win,"April, 2025",16,$1.77,$1.47,0.64,0.5,0.72,1.35,0.03%
,,878,Bubbly Wild,Aristocrat,Slot,"November, 2023",5,$2.16,$1.29,0.43,0.8,0.72,0.79,0.00%
,,879,10x Minimum,Spinberry,Slot,"August, 2023",7,$1.71,$1.70,0.62,0.4,0.72,0.79,0.02%
,,880,Super Hammer 2x3x4x5x Super3,Gamecode,Slot,"October, 2024",14,$1.58,$1.49,0.97,0.8,0.72,0.79,0.02%
,,881,Gold Fishy Freespins,Inspired,Slot,"March, 2024",19,$2.45,$1.48,0.83,0.5,0.72,0.79,0.03%
,,882,Super Jackpot Double Lion,Everi,Slot,"May, 2023",21,$10.12,$7.67,0.15,0.6,0.72,0.79,0.03%
,,883,Tome Of Insanity,Play N Go,Slot,"September, 2024",3,$2.38,$2.22,0.49,0.5,0.72,0.79,0.00%
,,884,Rip City,Hacksaw Gaming,Slot,"August, 2024",22,$1.95,$1.81,0.62,0.6,0.72,0.79,0.03%
,,885,Marvelous Mouse Coin Combo,Light & Wonder,Slot,"August, 2021",32,$2.46,$1.68,1.07,0.8,0.72,0.79,0.04%
,,886,Wicked Winnings Ii,Aristocrat,Slot,"October, 2022",10,$1.38,$1.42,1.13,0.6,0.72,0.78,0.01%
,,887,Thundering Blaze,Light & Wonder,Slot,"June, 2024",29,$2.18,$2.15,0.56,0.6,0.72,0.78,0.03%
,,888,88 Drums,High 5 Games,Slot,"January, 2024",26,$2.46,$2.33,0.72,0.7,0.72,0.78,0.03%
,,889,Almighty Pegasus Connect And Collect,Bragg Gaming Group,Slot,"May, 2025",19,$2.00,$1.59,0.66,0.5,0.71,0.78,0.02%
,,890,Jars Of Power LuckyTap ™,Design Works Gaming,Instant Win,"January, 2025",19,$1.52,$1.12,0.78,0.4,0.71,1.33,0.02%
,,891,Santas Winning Wishlist,Inspired,Slot,"November, 2022",11,$1.37,$1.13,0.69,0.6,0.71,0.78,0.00%
,,892,3x 2x Fire And Roses Joker,Games Global,Slot,"June, 2025",19,$1.52,$1.55,0.79,0.5,0.71,0.78,0.03%
,,893,Fu Dai Lian Lian Panda,Aristocrat,Slot,"August, 2024",7,$1.92,$1.80,0.83,0.6,0.71,0.78,0.01%
,,894,Megajackpots Lucky Larrys Lobstermania,Igt,Slot,"July, 2025",13,$1.80,$1.69,0.45,0.4,0.71,0.77,0.02%
,,895,Cleopatra Christmas,Igt,Slot,"November, 2023",30,$0.73,$0.60,2.19,0.6,0.71,0.77,0.02%
,,896,Gonzos Quest,Evolution,Slot,"March, 2021",32,$1.29,$1.12,1.72,0.7,0.71,0.77,0.03%
,,897,Big Jungle Bonanza Jackpot Royale Express,White Hat Studios,Slot,"March, 2025",26,$2.44,$0.86,0.76,0.5,0.70,0.77,0.02%
,,898,Lucky Seven Spin,Octoplay,Slot,"August, 2025",5,$1.94,$1.90,0.76,0.5,0.70,0.77,0.00%
,,899,Midnight Princess 100,Play N Go,Slot,"October, 2024",17,$1.02,$0.77,1.52,0.5,0.70,0.77,0.01%
,,900,Turn Your Fortune,Evolution,Slot,"March, 2021",32,$3.32,$1.85,0.72,0.8,0.70,0.77,0.03%
,,901,Live Dealer Speed Blackjack,Evolution,Live Casino,"January, 2023",15,$86.33,$72.46,0.14,3.1,0.70,0.19,0.01%
,,902,Blackjack Xchange,Gaming Realms,Table Game,"March, 2021",21,$31.10,$18.86,0.71,5.9,0.70,0.28,0.02%
,,903,Fu Dai Lian Lian Dragon,Aristocrat,Slot,"September, 2024",9,$1.88,$1.98,0.67,0.5,0.70,0.77,0.01%
,,904,Chicken Fox,Light & Wonder,Slot,"March, 2021",33,$1.40,$1.35,0.85,0.7,0.70,0.77,0.03%
,,905,Buffalo Mania Megaways,Evolution,Slot,"July, 2023",28,$1.22,$1.01,1.16,0.5,0.70,0.76,0.03%
,,906,He He Yang,Ruby Play,Slot,"January, 2025",5,$2.09,$2.05,1.27,0.9,0.70,0.76,0.01%
,,907,Super Sun Mayan Heat,Aruze,Slot,"June, 2024",6,$2.03,$1.59,0.59,0.8,0.70,0.76,0.00%
,,908,2 Wild 2 Die,Hacksaw Gaming,Slot,"October, 2024",21,$2.45,$1.59,0.43,0.6,0.70,0.76,0.02%
,,909,10000 Bc Jurassic 10k Ways,Reel Play,Slot,"September, 2025",31,$1.60,$1.37,0.91,0.5,0.70,0.76,0.03%
,,910,Lion Festival Boosted Celebration,Konami,Slot,"March, 2021",23,$1.33,$1.04,1.34,0.7,0.69,0.76,0.03%
,,911,Big Bonus Booster,Inspired,Slot,"April, 2024",23,$2.04,$1.75,0.72,0.5,0.69,0.76,0.02%
,,912,Vault Cracker Megaways,Evolution,Slot,"August, 2025",29,$1.31,$1.16,1.04,0.5,0.69,0.76,0.02%
,,913,Sahara Riches Collect Em,Playtech,Slot,"September, 2024",19,$1.23,$1.22,0.90,0.5,0.69,0.75,0.01%
,,914,Rich Wilde And The Tome Of Dead,Play N Go,Slot,"June, 2025",14,$1.52,$1.45,0.56,0.5,0.69,0.75,0.01%
,,915,Greenback Attack,Igt,Slot,"November, 2024",33,$0.84,$0.70,2.19,0.4,0.69,0.75,0.01%
,,916,Red Hot Tamales,Igt,Slot,"March, 2021",26,$1.59,$1.24,0.45,0.5,0.69,0.75,0.03%
,,917,Fire Joker 100,Play N Go,Slot,"July, 2025",17,$0.74,$0.64,1.29,0.5,0.69,0.75,0.01%
,,918,Balloon Bash LuckyTap ™,Design Works Gaming,Instant Win,"February, 2022",19,$1.27,$1.03,1.20,0.6,0.69,1.28,0.02%
,,919,Fire Blaze Blue Wizard Megaways,Playtech,Slot,"September, 2023",13,$1.20,$1.10,1.88,0.6,0.68,0.75,0.01%
,,920,Da Vinci Diamonds Masterworks,Igt,Slot,"March, 2021",17,$2.66,$1.50,0.42,0.5,0.68,0.75,0.01%
,,921,Stock Market,Evolution,Crash,"October, 2024",10,$39.90,$13.95,0.41,2.7,0.68,0.44,0.01%
,,922,Stacked Fire 7s,Inspired,Slot,"March, 2021",17,$1.58,$1.09,0.55,0.5,0.68,0.75,0.02%
,,923,Hurricane Horse Coin Combo,Light & Wonder,Slot,"April, 2022",33,$1.73,$1.64,0.92,0.8,0.68,0.75,0.03%
,,924,Platinum Goddess Power Bet,High 5 Games,Slot,"May, 2023",21,$2.05,$1.76,0.55,0.6,0.68,0.75,0.01%
,,925,Fortunes Of The Dead,Light & Wonder,Slot,"March, 2021",4,$1.79,$1.85,0.77,0.8,0.68,0.74,0.00%
,,926,Wicked Wheel Panda,Everi,Slot,"April, 2024",25,$1.94,$1.71,0.52,0.5,0.68,0.74,0.02%
,,927,Crazy Wizard Classic,Igt,Slot,"August, 2021",8,$1.17,$0.92,0.54,0.4,0.68,0.74,0.00%
,,928,Ted Afterparty,White Hat Studios,Slot,"March, 2025",28,$1.39,$1.42,0.92,0.6,0.68,0.74,0.04%
,,929,Cleopatra Megaways,Igt,Slot,"July, 2024",22,$1.60,$1.36,0.78,0.5,0.68,0.74,0.02%
,,930,Diamond Cash Mighty Buffalo,Greentube,Slot,"October, 2023",20,$2.34,$1.54,0.58,0.6,0.68,0.74,0.02%
,,931,Double Wolf,Everi,Slot,"March, 2021",25,$4.49,$2.17,0.11,0.5,0.68,0.74,0.01%
,,932,Smokin 777,Everi,Slot,"March, 2021",32,$2.38,$2.00,0.51,0.6,0.68,0.74,0.03%
,,933,Cash Can Ultratap,Ags,Instant Win,"March, 2025",24,$1.73,$0.78,0.96,0.5,0.67,1.26,0.02%
,,934,Cash Goddess,Evolution,Slot,"June, 2025",31,$1.30,$1.21,1.10,0.5,0.67,0.74,0.02%
,,935,Zillard King Megaways,Evolution,Slot,"August, 2025",30,$1.32,$1.28,0.84,0.4,0.67,0.74,0.04%
,,936,Wild Wild West The Great Train Heist,Evolution,Slot,"March, 2021",11,$3.08,$1.27,1.17,0.9,0.67,0.74,0.00%
,,937,Tiger Woman,Konami,Slot,"November, 2025",12,$1.52,$1.31,0.78,0.4,0.67,0.74,0.01%
,,938,Diamond Explosion 7s,Ruby Play,Slot,"April, 2025",6,$1.82,$1.77,0.88,0.5,0.67,0.73,0.00%
,,939,5 Amazon Jewels,Bragg Gaming Group,Slot,"September, 2025",13,$1.47,$1.49,0.80,0.4,0.67,0.73,0.01%
,,940,Panda Pow,Light & Wonder,Slot,"March, 2021",7,$5.64,$1.24,0.33,0.5,0.67,0.73,0.00%
,,941,Megajackpots Da Vinci Diamonds,Igt,Slot,"May, 2025",13,$2.07,$1.54,0.46,0.3,0.67,0.73,0.02%
,,942,Dragon Palace,Light & Wonder,Slot,"March, 2021",27,$2.21,$1.62,0.48,0.6,0.66,0.73,0.02%
,,943,Deadliest Catch,Playtech,Slot,"April, 2025",18,$2.16,$1.36,0.50,0.5,0.66,0.73,0.01%
,,944,Buffalo Wilds,Spinberry,Slot,"June, 2024",9,$1.35,$1.34,0.89,0.4,0.66,0.73,0.01%
,,945,Magic Maid Cafe,Evolution,Slot,"March, 2021",9,$3.42,$3.95,0.51,0.7,0.66,0.73,0.00%
,,946,Win Eruption,Oddsworks,Slot,"November, 2025",3,$2.06,$1.74,0.83,0.5,0.66,0.72,0.00%
,,947,More Turkey Megaways,Evolution,Slot,"January, 2024",9,$1.24,$1.23,1.45,0.7,0.66,0.72,0.01%
,,948,Molten Hot 7s,Design Works Gaming,Slot,"May, 2022",21,$1.49,$1.08,1.06,0.6,0.66,0.72,0.02%
,,949,Infinite Fun Fun 21 Blackjack,Evolution,Live Casino,"October, 2024",12,$21.76,$22.34,0.50,3.7,0.66,0.18,0.01%
,,950,Masters Of Atlantis,White Hat Studios,Slot,"July, 2023",22,$2.44,$1.74,0.56,0.5,0.66,0.72,0.05%
,,951,Cash Spin,Light & Wonder,Slot,"March, 2021",7,$3.35,$2.88,0.41,0.5,0.65,0.72,0.00%
,,952,Majestic Sea 2,High 5 Games,Slot,"March, 2021",18,$5.67,$1.54,0.24,0.7,0.65,0.72,0.01%
,,953,300 Shields Extreme,Light & Wonder,Slot,"March, 2021",11,$8.05,$1.20,0.45,0.9,0.65,0.72,0.00%
,,954,Americash 10k Ways,Reel Play,Slot,"May, 2024",29,$1.42,$1.04,1.01,0.5,0.65,0.72,0.02%
,,955,Rakin Bacon Odyssey,Ags,Slot,"April, 2024",30,$1.80,$1.60,0.59,0.5,0.65,0.71,0.03%
,,956,9 Coins Grand Gold Edition,Wazdan,Slot,"June, 2023",21,$1.34,$1.12,1.05,0.7,0.65,0.71,0.03%
,,957,Bankin Bacon Jackpot Royale,White Hat Studios,Slot,"August, 2023",28,$1.87,$1.75,0.84,0.6,0.65,0.71,0.03%
,,958,Squid Game Gganbu,Light & Wonder,Slot,"January, 2025",13,$1.37,$1.25,0.72,0.5,0.65,0.71,0.01%
,,959,3 Pyramids Of Gold Hold And Win,Octoplay,Slot,"September, 2025",5,$1.52,$1.57,0.96,0.5,0.65,0.71,0.00%
,,960,Mayan Chief Empowered Reel Of Itzamna,Konami,Slot,"March, 2024",19,$1.17,$1.03,0.99,0.5,0.65,0.71,0.02%
,,961,Tutans Treasure,Gaming Realms,Instant Win,"March, 2021",12,$16.85,$9.39,0.22,0.6,0.65,1.20,0.01%
,,962,Megajackpots Mistress Of Egypt,Igt,Slot,"February, 2023",13,$1.89,$1.78,0.37,0.3,0.65,0.71,0.01%
,,963,Live Dealer Infinite Bet Stacker Blackjack,Evolution,Live Casino,"July, 2025",7,$94.52,$33.70,0.21,3.2,0.64,0.17,0.01%
,,964,Double Patriot,Everi,Slot,"March, 2021",27,$5.72,$2.03,0.24,0.5,0.64,0.70,0.01%
,,965,Adventures Of Doubloon Island,Games Global,Slot,"August, 2021",18,$1.40,$1.24,0.87,0.5,0.64,0.70,0.03%
,,966,Lucky Fire Blitz,White Hat Studios,Slot,"August, 2025",24,$1.31,$1.20,0.77,0.4,0.64,0.70,0.02%
,,967,Rabid Randy Dark Trails,Evolution,Slot,"September, 2025",28,$1.54,$1.18,2.56,0.5,0.64,0.70,0.02%
,,968,Book Of Slingo,Gaming Realms,Slot,"August, 2021",23,$7.63,$6.85,0.42,0.6,0.63,0.69,0.02%
,,969,Devilish Fortunes,Games Global,Slot,"December, 2023",22,$1.40,$1.16,0.75,0.4,0.63,0.69,0.03%
,,970,Gold Gobblers,Bragg Gaming Group,Slot,"July, 2025",18,$1.82,$1.58,0.49,0.4,0.63,0.69,0.02%
,,971,Tricks And Treats,Evolution,Slot,"September, 2023",22,$1.01,$0.82,0.95,0.4,0.63,0.69,0.01%
,,972,Invaders From The Planet Moolah,Light & Wonder,Slot,"March, 2021",9,$2.64,$1.81,1.14,0.8,0.63,0.69,0.00%
,,973,Fruit Shop Christmas Edition,Evolution,Slot,"March, 2021",28,$2.20,$1.43,0.90,0.7,0.63,0.69,0.02%
,,974,Immortal Ways Spooktacular,Ruby Play,Slot,"May, 2025",3,$1.31,$1.01,1.87,0.6,0.63,0.69,0.00%
,,975,Emperor Of India,Evolution,Slot,"September, 2025",24,$1.10,$0.82,1.03,0.5,0.63,0.69,0.02%
,,976,Temple Tumble 2 Dream Drop,Relax Gaming,Slot,"February, 2024",12,$1.28,$1.00,1.31,0.7,0.63,0.69,0.02%
,,977,San Fa Coins,Ainsworth,Slot,"December, 2024",7,$4.07,$2.01,0.13,0.5,0.62,0.68,0.02%
,,978,China Shores,Konami,Slot,"March, 2021",9,$1.24,$1.12,1.18,0.5,0.62,0.68,0.01%
,,979,Big Catch Bass Fishing Megaways Jackpot Royale,White Hat Studios,Slot,"July, 2024",22,$1.65,$1.59,0.50,0.4,0.62,0.68,0.02%
,,980,25 Red Hot Burning Clover Link,Greentube,Slot,"November, 2021",8,$1.51,$1.55,0.73,0.4,0.62,0.68,0.01%
,,981,Tiger 7s,Everi,Slot,"March, 2021",26,$4.00,$1.31,0.15,0.4,0.61,0.67,0.01%
,,982,Ted Megaways,White Hat Studios,Slot,"July, 2022",14,$6.20,$2.48,0.39,0.7,0.61,0.67,0.02%
,,983,Wolf Run Eclipse,Igt,Slot,"April, 2024",29,$1.87,$1.66,0.56,0.5,0.61,0.67,0.02%
,,984,Christmas Bonanza Megaways,Evolution,Slot,"June, 2023",9,$2.45,$1.63,0.76,0.6,0.61,0.67,0.01%
,,985,Robocop Collect Em,Playtech,Slot,"January, 2025",18,$1.41,$1.04,0.61,0.4,0.61,0.67,0.01%
,,986,Double Play Superbet Hq,Light & Wonder,Slot,"March, 2021",4,$1.33,$1.34,1.34,0.7,0.61,0.67,0.00%
,,987,Butterfly Staxx,Evolution,Slot,"March, 2021",25,$1.67,$1.32,1.06,0.4,0.61,0.67,0.01%
,,988,Monopoly Mega Movers,Light & Wonder,Slot,"March, 2021",13,$4.33,$2.70,0.31,0.6,0.61,0.67,0.01%
,,989,3 Top Dogs,1x2 Network,Slot,"July, 2025",5,$1.04,$0.81,0.70,0.5,0.61,0.67,0.01%
,,990,Multihand Blackjack,Light & Wonder,Table Game,"May, 2023",9,$21.94,$12.32,0.39,3.0,0.61,0.24,0.00%
,,991,A Fistful Of Wilds,Greentube,Slot,"February, 2023",14,$2.65,$1.49,0.51,0.5,0.61,0.67,0.02%
,,992,Gift Explosion,Spinberry,Slot,"December, 2024",2,$1.01,$1.01,0.74,0.4,0.61,0.67,0.01%
,,993,Halloween Jack,Evolution,Slot,"March, 2021",17,$1.58,$1.23,0.60,0.7,0.61,0.67,0.00%
,,994,Double Bonus Spin Roulette,Igt,Table Game,"June, 2021",16,$29.92,$11.17,0.09,1.0,0.61,0.24,0.01%
,,995,Slingo Fire And Ice,Gaming Realms,Slot,"February, 2022",24,$20.18,$12.19,0.31,0.6,0.61,0.67,0.02%
,,996,Ashoka,Light & Wonder,Slot,"July, 2024",10,$4.03,$2.15,0.36,0.4,0.61,0.66,0.01%
,,997,Silver Lux Coin Stacks,Greentube,Slot,"November, 2024",13,$2.29,$1.48,0.40,0.6,0.61,0.66,0.01%
,,998,Legend Of The Pharaoh,Light & Wonder,Slot,"March, 2021",7,$6.10,$2.75,1.08,0.8,0.60,0.66,0.00%
,,999,Saint Nicked Jackpot Royale,White Hat Studios,Slot,"November, 2023",31,$1.69,$1.63,0.67,0.5,0.60,0.66,0.02%
,,"1,000",Megajackpots Ocean Belles,Igt,Slot,"July, 2021",14,$3.87,$2.06,0.12,0.2,0.60,0.66,0.01%
,,"1,001",Slingo Maximus Soldier Of Rome,Gaming Realms,Slot,"March, 2021",16,$10.71,$9.84,0.27,0.5,0.60,0.66,0.01%
,,"1,002",Slingshot Blast Ultratap,Ags,Instant Win,"June, 2025",26,$1.20,$0.88,0.72,0.5,0.60,1.12,0.02%
,,"1,003",Mega Fire Blaze Dwarves And Goblins,Playtech,Slot,"July, 2025",19,$1.53,$1.11,0.89,0.4,0.60,0.66,0.02%
,,"1,004",Hot Dog Heist,Play N Go,Slot,"February, 2025",16,$1.13,$1.08,0.12,0.4,0.60,0.66,0.02%
,,"1,005",Press Your Luck Whammy Wilds,Everi,Slot,"March, 2025",25,$4.56,$3.39,0.36,0.4,0.60,0.66,0.02%
,,"1,006",Diamond Cash Cops And Robbers,Greentube,Slot,"June, 2024",15,$2.03,$1.65,0.52,0.5,0.60,0.66,0.01%
,,"1,007",Squealin Riches,Games Global,Slot,"December, 2022",21,$1.58,$1.44,0.64,0.4,0.60,0.66,0.03%
,,"1,008",Cyberslot Megaclusters,Light & Wonder,Slot,"August, 2021",13,$1.34,$1.39,0.89,0.5,0.60,0.66,0.01%
,,"1,009",Super Sallys Shrimpmania,Bragg Gaming Group,Slot,"July, 2025",15,$1.65,$1.42,0.52,0.4,0.60,0.65,0.02%
,,"1,010",Fire Blaze Fire Fighter,Playtech,Slot,"July, 2024",10,$1.27,$1.15,0.84,0.4,0.60,0.65,0.01%
,,"1,011",Lucky Money Tree,Boom Entertainment,Instant Win,"June, 2023",12,$1.31,$1.25,0.60,0.5,0.60,1.11,0.01%
,,"1,012",Live Dealer Infinite Bet Stacker Blackjack,Evolution,Table Game,"July, 2025",5,$33.53,$28.16,0.19,2.5,0.60,0.24,0.00%
,,"1,013",Sweet Success,White Hat Studios,Slot,"August, 2023",5,$2.76,$0.68,0.18,0.6,0.60,0.65,0.02%
,,"1,014",Clue Cash Mystery,Light & Wonder,Slot,"March, 2021",7,$1.73,$1.63,0.98,0.8,0.60,0.65,0.01%
,,"1,015",Blazin Ice,Everi,Slot,"July, 2025",17,$26.63,$31.03,0.05,0.6,0.59,0.65,0.03%
,,"1,016",Hoot Loot,High 5 Games,Slot,"March, 2021",14,$3.50,$1.81,0.26,0.5,0.59,0.65,0.01%
,,"1,017",Farmtastic,Evolution,Slot,"June, 2025",19,$1.16,$0.98,1.51,0.4,0.59,0.65,0.01%
,,"1,018",Progressive Blackjack,Bragg Gaming Group,Table Game,"March, 2025",2,$18.96,$18.96,0.08,0.6,0.59,0.23,0.00%
,,"1,019",Action Jack,Igt,Slot,"March, 2021",33,$2.41,$1.70,0.44,0.4,0.59,0.65,0.02%
,,"1,020",Pinata Go Go,1x2 Network,Slot,"June, 2025",4,$2.13,$1.41,0.34,0.5,0.59,0.65,0.00%
,,"1,021",Diamond Spins Cats,Igt,Slot,"March, 2024",13,$1.83,$1.39,0.74,0.7,0.59,0.65,0.00%
,,"1,022",Asgardian Stones,Evolution,Slot,"March, 2021",28,$3.34,$2.16,0.49,0.6,0.59,0.65,0.02%
,,"1,023",Big Wolf Bonus Booster,Inspired,Slot,"May, 2025",23,$2.00,$1.87,0.66,0.4,0.59,0.65,0.02%
,,"1,024",Spirit Of Mustang,Aristocrat,Slot,"March, 2022",12,$2.74,$1.84,0.47,0.7,0.59,0.65,0.01%
,,"1,025",Cash Eruption Fa Cai Shu,Igt,Slot,"April, 2023",32,$1.70,$1.55,0.61,0.4,0.59,0.64,0.03%
,,"1,026",Duel At Dawn,Hacksaw Gaming,Slot,"February, 2025",13,$1.75,$1.27,0.77,0.4,0.59,0.64,0.01%
,,"1,027",More Turkey,Evolution,Slot,"November, 2023",11,$1.37,$1.36,1.26,0.7,0.59,0.64,0.01%
,,"1,028",Narcos,Evolution,Slot,"March, 2021",28,$4.72,$2.07,0.40,0.6,0.59,0.64,0.01%
,,"1,029",Cash Zap Ultratap,Ags,Instant Win,"May, 2024",30,$1.10,$0.93,0.90,0.4,0.58,1.09,0.02%
,,"1,030",Cleopatra Megaways Hold And Win,Igt,Slot,"May, 2024",3,$1.53,$1.52,0.51,0.3,0.58,0.64,0.00%
,,"1,031",Big Santa Fortune,Inspired,Slot,"December, 2022",22,$1.77,$1.51,0.51,0.5,0.58,0.64,0.02%
,,"1,032",Wheel Of Fortune Hawaiian Getaway,Igt,Slot,"March, 2021",29,$8.86,$2.05,0.15,0.5,0.58,0.63,0.02%
,,"1,033",Crystal Treasure,Ags,Slot,"April, 2025",28,$1.33,$1.17,0.59,0.4,0.58,0.63,0.02%
,,"1,034",Big Catch Bass Fishing Christmas Jackpot Royale,White Hat Studios,Slot,"December, 2024",20,$1.88,$1.78,0.48,0.4,0.58,0.63,0.02%
,,"1,035",Roulette Deluxe,Playtech,Table Game,"January, 2024",3,$10.05,$12.11,0.16,0.7,0.58,0.23,0.00%
,,"1,036",Fishin Pots Of Gold Gold Blitz,Games Global,Slot,"November, 2023",10,$1.57,$1.48,0.85,0.4,0.58,0.63,0.01%
,,"1,037",Thunderstruck Wild Lightning,Games Global,Slot,"January, 2022",21,$1.88,$1.74,0.43,0.4,0.58,0.63,0.03%
,,"1,038",Ultimate Fire Link Rue Royale,Light & Wonder,Slot,"November, 2023",28,$1.83,$1.67,0.59,0.4,0.58,0.63,0.03%
,,"1,039",Play With The Devil Megaways,Evolution,Slot,"September, 2025",29,$1.48,$1.23,0.66,0.4,0.57,0.63,0.01%
,,"1,040",Rome Fight For Gold Eternal Empire,Games Global,Slot,"September, 2025",19,$1.52,$1.24,0.65,0.4,0.57,0.63,0.03%
,,"1,041",Diamond Sands,Games Global,Slot,"June, 2023",17,$1.86,$1.25,0.27,0.4,0.57,0.63,0.02%
,,"1,042",Rising Rewards,Games Global,Slot,"January, 2024",21,$1.33,$0.99,0.75,0.4,0.57,0.63,0.03%
,,"1,043",Fu Gui Hao Men Splendid Fortune,Igt,Slot,"May, 2025",24,$1.91,$1.68,0.40,0.3,0.57,0.62,0.02%
,,"1,044",5 Treasures,Light & Wonder,Slot,"May, 2021",32,$1.59,$1.36,0.98,0.6,0.57,0.62,0.02%
,,"1,045",Slingo Fowl Play,Gaming Realms,Slot,"March, 2025",31,$11.24,$8.55,0.27,0.5,0.57,0.62,0.03%
,,"1,046",Might Of Olympus,Igt,Slot,"October, 2025",28,$1.24,$1.21,0.86,0.4,0.57,0.62,0.02%
,,"1,047",Double Jackpot Bullseye,Everi,Slot,"March, 2021",29,$2.83,$2.33,0.26,0.4,0.57,0.62,0.02%
,,"1,048",Super Jackpot Seven Seas,Everi,Slot,"May, 2023",21,$9.91,$7.84,0.13,0.5,0.57,0.62,0.02%
,,"1,049",Dynamite Fishing,Inspired,Slot,"April, 2025",22,$2.00,$1.43,0.46,0.4,0.57,0.62,0.01%
,,"1,050",Colossal Diamonds,Ags,Slot,"March, 2024",30,$1.58,$1.45,0.57,0.4,0.57,0.62,0.04%
,,"1,051",3 Mad Frogs,1x2 Network,Slot,"September, 2025",5,$1.14,$0.96,1.13,0.5,0.57,0.62,0.01%
,,"1,052",Galactic Streak,Playtech,Slot,"November, 2021",3,$1.14,$0.80,0.42,0.4,0.56,0.62,0.00%
,,"1,053",888 Panda,Bragg Gaming Group,Slot,"June, 2025",18,$1.84,$1.72,0.48,0.4,0.56,0.62,0.01%
,,"1,054",Ultimate Fire Link Country Lights,Light & Wonder,Slot,"August, 2023",27,$2.07,$1.79,0.65,0.5,0.56,0.62,0.02%
,,"1,055",Frozen Gems,Play N Go,Slot,"December, 2022",16,$3.56,$1.25,0.21,0.6,0.56,0.62,0.02%
,,"1,056",333 Fat Frogs Power Combo,Games Global,Slot,"August, 2024",22,$1.12,$0.99,0.86,0.4,0.56,0.62,0.03%
,,"1,057",Fu Shen Zhu Fu,Inspired,Slot,"July, 2025",23,$1.52,$1.46,0.77,0.4,0.56,0.61,0.02%
,,"1,058",Ghosts N Gold,Igt,Slot,"October, 2025",8,$1.48,$1.27,0.58,0.3,0.56,0.61,0.01%
,,"1,059",Fire Blaze Red Wizard,Playtech,Slot,"May, 2023",19,$1.45,$1.23,1.02,0.5,0.56,0.61,0.01%
,,"1,060",Red Hot Joker Cascade High Stakes,Igt,Slot,"September, 2025",32,$12.60,$3.63,0.25,0.4,0.56,0.61,0.02%
,,"1,061",Mega Fire Blaze Khonsu God Of Moon,Playtech,Slot,"December, 2024",21,$1.42,$1.36,0.83,0.3,0.56,0.61,0.02%
,,"1,062",Finn And The Dragon Tales,Evolution,Slot,"July, 2025",31,$2.50,$1.77,0.38,0.4,0.56,0.61,0.02%
,,"1,063",Silver Bullet Bandit Collect Em,Playtech,Slot,"July, 2025",19,$1.31,$1.39,0.84,0.3,0.56,0.61,0.01%
,,"1,064",Spartacus Lightning Blitz,Reel Play,Slot,"September, 2025",21,$1.49,$1.20,0.70,0.4,0.55,0.61,0.01%
,,"1,065",Chicken Burst,Aristocrat,Slot,"April, 2025",13,$1.35,$1.13,0.62,0.4,0.55,0.61,0.01%
,,"1,066",50 Red Hot Burning Clover Link,Greentube,Slot,"January, 2022",8,$1.81,$1.75,0.46,0.4,0.55,0.60,0.00%
,,"1,067",Year Of The LuckyTap™,Design Works Gaming,Instant Win,"August, 2023",17,$2.04,$1.37,0.52,0.5,0.55,1.03,0.02%
,,"1,068",A Girls Best Friends,Internal,Slot,"April, 2021",4,$1.93,$1.61,0.72,0.6,0.55,0.60,0.00%
,,"1,069",Devils Lock,Bragg Gaming Group,Slot,"June, 2023",24,$2.18,$2.00,0.45,0.4,0.55,0.60,0.02%
,,"1,070",Professor Clanks 10k Ways,Reel Play,Slot,"August, 2025",26,$1.05,$1.04,0.84,0.4,0.55,0.60,0.03%
,,"1,071",Golden Harvest,Bragg Gaming Group,Slot,"November, 2025",9,$1.78,$1.57,0.53,0.4,0.55,0.60,0.01%
,,"1,072",Steam Tower,Evolution,Slot,"March, 2021",8,$3.26,$2.02,0.45,0.3,0.55,0.60,0.00%
,,"1,073",Wild Touchdown Megaways,Evolution,Slot,"January, 2025",23,$0.67,$0.48,0.87,0.3,0.55,0.60,0.00%
,,"1,074",Diamond Rose,Ags,Slot,"April, 2025",29,$1.96,$1.34,0.62,0.4,0.55,0.60,0.02%
,,"1,075",Manic Potions,Greentube,Slot,"June, 2023",5,$1.35,$1.37,0.67,0.4,0.55,0.60,0.01%
,,"1,076",Jacks Or Better Double Up,Evolution,Video Poker,"May, 2021",7,$7.48,$5.06,0.64,4.6,0.55,0.38,0.01%
,,"1,077",Vegas Jackpots Deluxe,Gamecode,Slot,"May, 2025",15,$2.28,$1.42,0.20,0.4,0.55,0.60,0.02%
,,"1,078",Mermaid Pays,Bragg Gaming Group,Slot,"January, 2023",11,$2.67,$1.91,0.22,0.4,0.55,0.60,0.01%
,,"1,079",Egglink 100x Ra,Light & Wonder,Slot,"October, 2024",27,$1.96,$1.90,0.56,0.5,0.54,0.59,0.02%
,,"1,080",A Visit From St Nick,High 5 Games,Slot,"March, 2021",24,$2.14,$1.86,0.43,0.6,0.54,0.59,0.03%
,,"1,081",Da Vinci Deluxe Ways,High 5 Games,Slot,"May, 2023",24,$2.02,$1.87,0.50,0.6,0.54,0.59,0.03%
,,"1,082",Imperial Wealth Quick Strike,Konami,Slot,"March, 2021",23,$1.55,$1.46,0.57,0.4,0.54,0.59,0.02%
,,"1,083",Follow The Honey,Inspired,Slot,"July, 2022",11,$1.27,$1.25,0.54,0.4,0.54,0.59,0.01%
,,"1,084",Diamond Cash Mighty Elephant,Greentube,Slot,"September, 2021",17,$1.59,$1.42,0.66,0.5,0.54,0.59,0.01%
,,"1,085",Tiki Goddess,Red Rake Gaming,Slot,"July, 2025",2,$0.89,$0.89,0.97,0.5,0.54,0.59,0.00%
,,"1,086",Green Machine Deluxe Racking Up Riches,High 5 Games,Slot,"March, 2021",16,$1.68,$1.54,0.75,0.6,0.54,0.59,0.01%
,,"1,087",Thunder Cash Voodoo Magic,Greentube,Slot,"October, 2022",18,$3.12,$1.64,0.40,0.5,0.54,0.59,0.01%
,,"1,088",Premium French Roulette,Playtech,Table Game,"January, 2024",2,$6.32,$6.32,0.28,1.2,0.54,0.21,0.00%
,,"1,089",Secrets Of The Phoenix Hold And Gold,Aristocrat,Slot,"December, 2024",5,$1.60,$1.62,0.77,0.3,0.54,0.59,0.00%
,,"1,090",Halloween Cashpots,Inspired,Slot,"March, 2021",14,$1.35,$1.22,1.27,0.6,0.54,0.59,0.01%
,,"1,091",3 Cherry Frenzy,Games Global,Slot,"October, 2024",9,$2.77,$2.61,0.44,0.4,0.54,0.59,0.00%
,,"1,092",Zeus 3,Light & Wonder,Slot,"March, 2021",17,$2.64,$1.57,0.47,0.5,0.54,0.59,0.02%
,,"1,093",Twice The Diamonds,Ainsworth,Slot,"March, 2021",8,$1.85,$1.75,0.56,0.6,0.54,0.59,0.00%
,,"1,094",Boom Pirates Fight For Gold,Games Global,Slot,"February, 2025",18,$2.00,$1.70,0.46,0.4,0.54,0.59,0.02%
,,"1,095",Crystal Star,Everi,Slot,"October, 2022",21,$7.35,$7.99,0.17,0.5,0.54,0.59,0.02%
,,"1,096",Gold Stacks 88 Turtle Kingdom,Aristocrat,Slot,"February, 2025",15,$2.37,$2.19,0.38,0.4,0.54,0.59,0.01%
,,"1,097",Thunderstruck Gold Blitz Extreme,Games Global,Slot,"January, 2025",22,$1.76,$1.50,0.50,0.4,0.54,0.59,0.02%
,,"1,098",Super Safari,Light & Wonder,Slot,"March, 2021",4,$3.33,$1.16,0.29,0.5,0.54,0.59,0.00%
,,"1,099",Fortune Coin Fever Spins,Igt,Slot,"May, 2025",30,$1.25,$0.92,0.64,0.3,0.53,0.59,0.03%
,,"1,100",Fortune House,Evolution,Slot,"October, 2021",19,$3.01,$1.19,0.30,0.4,0.53,0.59,0.01%
,,"1,101",Silverback Gold,Evolution,Slot,"August, 2022",26,$6.56,$3.38,0.62,0.5,0.53,0.59,0.02%
,,"1,102",Pork Knox,Evolution,Slot,"August, 2021",21,$1.38,$1.09,0.52,0.3,0.53,0.59,0.01%
,,"1,103",Flash Pays Blast Off LuckyTap ™,Design Works Gaming,Instant Win,"September, 2022",12,$1.38,$1.24,0.79,0.7,0.53,0.99,0.01%
,,"1,104",Euphoria Megaways,Igt,Slot,"January, 2024",3,$1.07,$0.98,1.47,0.4,0.53,0.58,0.00%
,,"1,105",Temple Of Fire,Igt,Slot,"April, 2021",29,$1.79,$1.68,0.58,0.4,0.53,0.58,0.02%
,,"1,106",Jack Hammer 4 Chasing The Dragon,Evolution,Slot,"July, 2025",32,$1.82,$1.22,0.80,0.4,0.53,0.58,0.01%
,,"1,107",Hut With Chicken Legs,Spinomenal,Slot,"September, 2025",2,$1.77,$1.77,1.29,0.5,0.53,0.58,0.00%
,,"1,108",Lucha Kitty,Light & Wonder,Slot,"May, 2025",9,$0.93,$0.87,0.95,0.4,0.53,0.58,0.02%
,,"1,109",Wonder Whirl,Gamecode,Slot,"December, 2024",16,$1.68,$1.38,0.89,0.6,0.53,0.58,0.02%
,,"1,110",Bass Boss Megaways,Evolution,Slot,"June, 2025",28,$1.93,$1.35,0.24,0.3,0.53,0.58,0.01%
,,"1,111",Dangerous Beauty,High 5 Games,Slot,"March, 2021",18,$1.44,$1.39,0.90,0.5,0.53,0.58,0.02%
,,"1,112",Templar Tumble,Relax Gaming,Slot,"January, 2024",11,$3.39,$1.57,0.74,0.6,0.53,0.58,0.01%
,,"1,113",Trick Of The Dead Wild Candies Megaways,Evolution,Slot,"October, 2024",28,$0.96,$0.78,1.02,0.3,0.52,0.57,0.02%
,,"1,114",Pure Puck LuckyTap ™,Design Works Gaming,Instant Win,"April, 2024",18,$1.62,$1.16,0.38,0.3,0.52,0.97,0.01%
,,"1,115",Buckin Bucks,Konami,Slot,"September, 2021",21,$2.36,$1.30,0.22,0.3,0.52,0.57,0.04%
,,"1,116",Deal Or No Deal Roulette,White Hat Studios,Table Game,"June, 2023",6,$31.14,$18.46,0.02,0.4,0.52,0.21,0.01%
,,"1,117",3 Hat Riches Burst,Aristocrat,Slot,"May, 2025",11,$1.03,$0.97,0.78,0.4,0.52,0.57,0.01%
,,"1,118",Book Of Dead,Play N Go,Slot,"December, 2022",15,$1.96,$0.91,0.69,0.5,0.52,0.57,0.01%
,,"1,119",Ramesses Gold Megaways,Reel Play,Slot,"July, 2025",31,$1.26,$1.07,0.76,0.4,0.52,0.57,0.03%
,,"1,120",Fishin Loaded Pots Gold Blitz,Games Global,Slot,"January, 2024",11,$2.07,$1.64,0.35,0.3,0.52,0.57,0.01%
,,"1,121",Crazy Chilli Jackpot Royale,White Hat Studios,Slot,"July, 2025",11,$1.49,$1.42,0.76,0.4,0.52,0.57,0.01%
,,"1,122",Leprechauns Luck Collect Em,Playtech,Slot,"September, 2024",17,$2.14,$1.38,0.40,0.3,0.52,0.57,0.01%
,,"1,123",Jinfu Long,Playtech,Slot,"February, 2024",13,$1.22,$0.93,0.41,0.4,0.52,0.57,0.00%
,,"1,124",Thor Infinity Reels,Reel Play,Slot,"November, 2022",19,$15.77,$1.42,0.26,0.6,0.52,0.57,0.01%
,,"1,125",Eagle Storm Jackpot Royal Express,White Hat Studios,Slot,"April, 2025",26,$1.34,$1.23,0.85,0.4,0.52,0.57,0.02%
,,"1,126",The Green Knight Oath Of Thorns,Play N Go,Slot,"September, 2025",15,$1.31,$1.12,0.62,0.4,0.52,0.57,0.01%
,,"1,127",Armageddon Megaways,Reel Play,Slot,"December, 2024",28,$1.35,$1.05,0.95,0.5,0.52,0.56,0.02%
,,"1,128",Masai Mara Megaways,White Hat Studios,Slot,"April, 2023",5,$2.00,$2.02,0.78,0.5,0.52,0.56,0.00%
,,"1,129",Rumble Roo Ko,Light & Wonder,Slot,"September, 2025",22,$1.33,$1.26,0.58,0.4,0.52,0.56,0.01%
,,"1,130",Buffalo Collector,Evolution,Slot,"January, 2025",27,$1.21,$1.11,0.83,0.4,0.51,0.56,0.02%
,,"1,131",China Mystery Quick Strike,Konami,Slot,"May, 2021",22,$0.98,$0.83,1.46,0.5,0.51,0.56,0.02%
,,"1,132",Deuces Wild,Internal,Video Poker,"April, 2021",8,$4.00,$2.70,0.89,1.4,0.51,0.36,0.00%
,,"1,133",Gems Inferno Megaways,Evolution,Slot,"May, 2024",25,$1.85,$1.04,0.14,0.3,0.51,0.56,0.00%
,,"1,134",Triple Buffalo,High 5 Games,Slot,"April, 2022",3,$1.68,$1.36,0.45,0.4,0.51,0.56,0.01%
,,"1,135",Texas Tea,Igt,Slot,"July, 2023",31,$0.99,$0.84,0.89,0.5,0.51,0.56,0.02%
,,"1,136",Big Piggy Bonus,Inspired,Slot,"November, 2021",14,$1.82,$1.83,0.60,0.4,0.51,0.56,0.01%
,,"1,137",Blackjack En Espanol,Evolution,Table Game,"March, 2024",5,$81.94,$80.38,0.08,1.8,0.51,0.20,0.00%
,,"1,138",Tsai Shens Gift,Playtech,Slot,"June, 2023",10,$1.85,$1.41,0.79,0.5,0.51,0.56,0.00%
,,"1,139",Ted Cash Lock,White Hat Studios,Slot,"June, 2023",12,$1.71,$1.72,0.39,0.3,0.51,0.56,0.01%
,,"1,140",Cash Explorer,Evolution,Slot,"September, 2025",17,$1.17,$1.06,0.73,0.3,0.51,0.56,0.01%
,,"1,141",Beef Lightning,Evolution,Slot,"December, 2021",11,$3.35,$1.74,0.65,0.5,0.51,0.56,0.00%
,,"1,142",Gonzos Quest Megaways,Evolution,Slot,"August, 2021",22,$0.88,$0.87,1.07,0.3,0.51,0.56,0.02%
,,"1,143",Big Spin Bonus,Inspired,Slot,"October, 2021",24,$1.56,$1.25,0.73,0.4,0.51,0.56,0.03%
,,"1,144",Legacy Of Gods,White Hat Studios,Slot,"July, 2025",26,$4.53,$2.31,0.15,0.4,0.51,0.56,0.01%
,,"1,145",Hot Gems,Playtech,Slot,"August, 2021",3,$5.14,$2.56,0.15,0.8,0.51,0.55,0.00%
,,"1,146",Gold Party,Bragg Gaming Group,Slot,"February, 2024",15,$1.76,$1.29,0.49,0.4,0.51,0.55,0.01%
,,"1,147",Brilliant Diamonds Hold And Win With Bonus Buy,Igt,Slot,"August, 2023",22,$1.88,$1.58,0.71,0.5,0.50,0.55,0.01%
,,"1,148",Touchdown Cash,Evolution,Slot,"October, 2025",29,$1.24,$0.96,0.87,0.3,0.50,0.55,0.01%
,,"1,149",Stellar Gold,Games Global,Slot,"September, 2025",19,$1.19,$1.15,0.88,0.4,0.50,0.55,0.01%
,,"1,150",Chronos Joker,Play N Go,Slot,"July, 2022",7,$5.98,$1.50,0.29,0.6,0.50,0.55,0.01%
,,"1,151",Bloomin Bunnies,Light & Wonder,Slot,"June, 2025",7,$1.39,$1.10,0.53,0.3,0.50,0.55,0.00%
,,"1,152",Cashin Joker,Play N Go,Slot,"September, 2025",22,$0.95,$0.91,0.92,0.4,0.50,0.55,0.01%
,,"1,153",Cops N Robbers Big Money Trick Or Treat,Inspired,Slot,"September, 2024",6,$1.03,$1.01,1.17,0.3,0.50,0.55,0.00%
,,"1,154",Catch Of The Christmas Day Respin Em In,Inspired,Slot,"December, 2024",6,$0.89,$0.83,0.67,0.2,0.50,0.55,0.00%
,,"1,155",Diamond Cash Almighty Kraken,Greentube,Slot,"February, 2024",13,$1.92,$1.28,0.31,0.4,0.50,0.55,0.01%
,,"1,156",Zeus God Of Thunder,Light & Wonder,Slot,"March, 2021",17,$2.79,$1.92,0.37,0.5,0.50,0.55,0.01%
,,"1,157",Slingo Pop,Gaming Realms,Slot,"January, 2025",23,$11.21,$7.59,0.30,0.5,0.50,0.55,0.02%
,,"1,158",Fire Blaze Eternal Lady,Playtech,Slot,"June, 2023",9,$1.72,$0.97,0.65,0.6,0.50,0.55,0.00%
,,"1,159",Lotus Land,Konami,Slot,"March, 2021",9,$1.80,$1.10,0.23,0.3,0.50,0.55,0.00%
,,"1,160",Double Cherry,Everi,Slot,"March, 2021",28,$3.29,$2.30,0.25,0.4,0.50,0.55,0.02%
,,"1,161",Elevating Riches Ocean,Sega Sammy,Slot,"May, 2024",22,$2.06,$1.73,0.51,0.4,0.50,0.54,0.01%
,,"1,162",Flash Pays Magician LuckyTap ™,Design Works Gaming,Instant Win,"September, 2022",12,$1.09,$0.94,1.00,0.5,0.50,0.93,0.00%
,,"1,163",Leprechauns Luck Collect Em Megaways,Playtech,Slot,"January, 2025",15,$1.61,$1.24,0.67,0.4,0.50,0.54,0.01%
,,"1,164",Big Bad Buffalo Thunderstruck,High 5 Games,Slot,"January, 2025",24,$2.27,$1.97,0.66,0.5,0.50,0.54,0.02%
,,"1,165",Gold Rush Collect Em,Playtech,Slot,"November, 2024",11,$1.25,$1.15,0.55,0.3,0.50,0.54,0.01%
,,"1,166",Fire Blaze Tundra Wolf,Playtech,Slot,"May, 2023",5,$2.04,$2.01,0.92,0.6,0.50,0.54,0.00%
,,"1,167",Blood Suckers 2,Evolution,Slot,"March, 2021",27,$2.37,$1.94,0.68,0.6,0.50,0.54,0.01%
,,"1,168",Gypsy Fire,Konami,Slot,"March, 2021",9,$1.11,$1.20,0.64,0.4,0.49,0.54,0.01%
,,"1,169",Wish Upon A Star,Greentube,Slot,"November, 2022",10,$1.24,$1.21,0.79,0.4,0.49,0.54,0.01%
,,"1,170",Crabbin For Cash Extra Big Catch Jackpot Royale,White Hat Studios,Slot,"October, 2023",24,$1.61,$1.43,0.45,0.3,0.49,0.54,0.02%
,,"1,171",Cherrylicious,Greentube,Slot,"December, 2022",5,$10.01,$0.95,0.08,0.4,0.49,0.54,0.00%
,,"1,172",Merlins Millions Super Bet,Light & Wonder,Slot,"March, 2021",15,$3.90,$2.50,0.24,0.5,0.49,0.54,0.00%
,,"1,173",Blazing Luck,Ags,Slot,"June, 2022",26,$3.10,$1.62,0.41,0.5,0.49,0.54,0.02%
,,"1,174",Sun And Moon,Aristocrat,Slot,"April, 2023",11,$1.39,$1.25,0.63,0.4,0.49,0.54,0.01%
,,"1,175",Pharaohs Daughter,Playtech,Slot,"June, 2023",4,$1.67,$1.68,1.12,0.5,0.49,0.54,0.00%
,,"1,176",Diamond Cash Mighty Sevens,Greentube,Slot,"September, 2021",16,$1.93,$1.22,0.55,0.4,0.49,0.54,0.02%
,,"1,177",American Roulette,Igt,Table Game,"November, 2023",18,$17.47,$9.47,0.09,0.4,0.49,0.19,0.01%
,,"1,178",Bon Bomb Luxpots Megaways Jackpot Royale,White Hat Studios,Slot,"July, 2024",19,$1.65,$1.33,0.41,0.4,0.49,0.54,0.02%
,,"1,179",Eternal Dusk,Slotmill,Slot,"July, 2025",5,$1.70,$1.01,0.26,0.3,0.49,0.54,0.00%
,,"1,180",Go Craps,Play N Go,Table Game,"June, 2025",9,$52.61,$23.34,0.14,2.9,0.49,0.19,0.01%
,,"1,181",Masters Of Atlantis Jackpot Royale,White Hat Studios,Slot,"October, 2024",9,$2.12,$1.86,0.78,0.4,0.49,0.54,0.01%
,,"1,182",Rise Of Cleopatra,Evolution,Slot,"July, 2025",31,$1.20,$0.83,0.97,0.3,0.49,0.53,0.02%
,,"1,183",Queenie,Bragg Gaming Group,Slot,"January, 2024",20,$1.35,$1.32,0.78,0.4,0.49,0.53,0.01%
,,"1,184",Chili Chili Fire Hot Rush Red,Konami,Slot,"August, 2025",15,$2.17,$1.99,0.33,0.3,0.49,0.53,0.01%
,,"1,185",Rich Little Piggies World Class,Light & Wonder,Slot,"March, 2025",32,$1.06,$0.95,0.86,0.4,0.49,0.53,0.03%
,,"1,186",Volcano Eruption,Light & Wonder,Slot,"March, 2021",3,$1.38,$1.21,0.58,0.5,0.49,0.53,0.00%
,,"1,187",Thunder Cash Golden Book Of Ra,Greentube,Slot,"October, 2023",9,$1.58,$1.40,0.49,0.4,0.49,0.53,0.00%
,,"1,188",Reel King Big Money,Inspired,Slot,"April, 2025",25,$1.94,$1.00,0.57,0.3,0.49,0.53,0.01%
,,"1,189",Green Machine Racking Up Riches 2,High 5 Games,Slot,"November, 2023",21,$2.95,$1.86,0.31,0.5,0.49,0.53,0.01%
,,"1,190",Ammit Treasure,Games Global,Slot,"March, 2025",19,$2.31,$1.31,0.32,0.4,0.48,0.53,0.01%
,,"1,191",The Legend Of Shangri La,Evolution,Slot,"March, 2021",9,$3.48,$1.64,0.25,0.7,0.48,0.53,0.00%
,,"1,192",Immortal Romance 2,Games Global,Slot,"September, 2024",19,$1.50,$1.04,0.49,0.4,0.48,0.53,0.03%
,,"1,193",Aztec Might Cash Spree,Games Global,Slot,"July, 2025",19,$1.40,$1.23,0.62,0.3,0.48,0.53,0.03%
,,"1,194",Finn And The Candy Spin,Evolution,Slot,"March, 2024",23,$1.08,$0.88,0.73,0.3,0.48,0.53,0.01%
,,"1,195",Royal Mint Megaways,Evolution,Slot,"June, 2023",4,$3.05,$1.37,0.45,0.5,0.48,0.53,0.00%
,,"1,196",Fa Fa Babies 2,Evolution,Slot,"December, 2024",32,$0.75,$0.66,1.10,0.3,0.48,0.52,0.02%
,,"1,197",Chili Chili Fire,Konami,Slot,"March, 2021",24,$1.59,$1.47,0.59,0.4,0.48,0.52,0.01%
,,"1,198",Demi Gods 5,Spinomenal,Slot,"September, 2025",2,$1.71,$1.71,1.04,0.4,0.48,0.52,0.00%
,,"1,199",Kong Wonder Wilds,Inspired,Slot,"February, 2025",26,$1.66,$1.50,0.55,0.3,0.48,0.52,0.02%
,,"1,200",Saint Fished,White Hat Studios,Slot,"May, 2025",31,$1.28,$1.06,0.49,0.4,0.48,0.52,0.01%
,,"1,201",Green Machine Deluxe Vegas,High 5 Games,Slot,"November, 2024",23,$9.10,$6.08,0.05,0.3,0.48,0.52,0.01%
,,"1,202",Red White And Blue,Igt,Slot,"March, 2021",26,$0.62,$0.43,1.23,0.5,0.48,0.52,0.01%
,,"1,203",Ted,White Hat Studios,Slot,"July, 2022",25,$2.02,$1.53,0.57,0.4,0.48,0.52,0.02%
,,"1,204",Live Dealer Casino Hold Em,Evolution,Live Casino,"June, 2021",12,$21.53,$11.97,0.16,0.8,0.47,0.13,0.01%
,,"1,205",Golden Fields,Games Global,Slot,"March, 2024",10,$1.71,$1.11,0.18,0.4,0.47,0.52,0.00%
,,"1,206",Longhorn Jackpots,Ags,Slot,"March, 2021",24,$1.84,$1.59,0.64,0.5,0.47,0.52,0.02%
,,"1,207",Lucky Golden Toad,Igt,Slot,"April, 2023",29,$5.94,$5.51,0.12,0.4,0.47,0.52,0.02%
,,"1,208",Lightning Eclipse,Light & Wonder,Slot,"April, 2023",31,$2.16,$1.51,0.62,0.4,0.47,0.52,0.02%
,,"1,209",Blood Suckers Megaways,Evolution,Slot,"March, 2024",29,$1.95,$1.88,0.47,0.3,0.47,0.52,0.02%
,,"1,210",Big Big Fishing Fortune,Inspired,Slot,"December, 2022",25,$1.70,$1.42,0.52,0.3,0.47,0.52,0.02%
,,"1,211",Jokers Edge,1x2 Network,Slot,"September, 2025",4,$1.14,$0.73,0.87,0.4,0.47,0.52,0.01%
,,"1,212",Megajackpots Majestic Buffalo,Igt,Slot,"September, 2023",9,$2.23,$1.92,0.37,0.3,0.47,0.52,0.00%
,,"1,213",Fire Blaze Adventure Trail,Playtech,Slot,"March, 2023",17,$1.37,$1.10,1.01,0.5,0.47,0.51,0.01%
,,"1,214",Tuna Overload Multiplier,Spinberry,Slot,"August, 2025",3,$0.98,$0.98,0.69,0.3,0.47,0.51,0.00%
,,"1,215",Space Invaders Win And Spin,Inspired,Slot,"May, 2024",23,$1.82,$1.08,0.76,0.4,0.47,0.51,0.01%
,,"1,216",Fishing Cash Pots,Inspired,Slot,"June, 2021",18,$1.56,$1.11,0.76,0.4,0.47,0.51,0.01%
,,"1,217",Hand Of Anubis,Hacksaw Gaming,Slot,"September, 2023",22,$1.95,$1.90,0.35,0.4,0.47,0.51,0.02%
,,"1,218",Peaky Blinders Jackpot Royale,White Hat Studios,Slot,"January, 2024",30,$2.20,$2.04,0.42,0.4,0.47,0.51,0.03%
,,"1,219",2x3x Rush,Ags,Slot,"February, 2024",30,$1.55,$1.16,0.47,0.3,0.47,0.51,0.01%
,,"1,220",Reel Lucky King Megaways,Inspired,Slot,"May, 2021",17,$1.55,$1.17,0.80,0.4,0.47,0.51,0.01%
,,"1,221",Aloha Christmas,Evolution,Slot,"December, 2021",15,$2.28,$1.14,0.27,0.5,0.47,0.51,0.00%
,,"1,222",Gold O Plenty,High 5 Games,Slot,"March, 2022",10,$3.89,$1.28,0.08,0.5,0.47,0.51,0.01%
,,"1,223",Bingo Billions,Light & Wonder,Slot,"March, 2021",5,$1.39,$1.42,0.74,0.4,0.47,0.51,0.00%
,,"1,224",Big Bankin Bonanza,Greentube,Slot,"September, 2023",4,$5.07,$1.06,0.24,0.4,0.46,0.51,0.00%
,,"1,225",Shamrock Spin,Everi,Slot,"March, 2021",31,$2.72,$2.33,0.42,0.4,0.46,0.51,0.02%
,,"1,226",Almighty Sevens Jackpot Royale,White Hat Studios,Slot,"July, 2022",26,$2.27,$1.70,0.38,0.4,0.46,0.51,0.03%
,,"1,227",Buffalo Blitz Ii,Playtech,Slot,"June, 2024",18,$1.36,$1.02,0.75,0.3,0.46,0.51,0.01%
,,"1,228",Gold Stacks 88 Lunar Festival,Aristocrat,Slot,"April, 2024",16,$2.36,$1.85,0.33,0.4,0.46,0.51,0.01%
,,"1,229",Carnaval Drums,Games Global,Slot,"June, 2025",22,$1.02,$1.00,0.75,0.3,0.46,0.50,0.02%
,,"1,230",Thunder Cash Juicy Juicy,Greentube,Slot,"September, 2022",15,$3.39,$2.27,0.39,0.4,0.46,0.50,0.01%
,,"1,231",Peggy Sweets,Evolution,Slot,"February, 2024",23,$4.69,$0.95,0.04,0.3,0.46,0.50,0.05%
,,"1,232",Unicorn Legend,Light & Wonder,Slot,"March, 2021",4,$1.51,$1.53,0.78,0.4,0.46,0.50,0.00%
,,"1,233",Rick And Morty Wubba Lubba Dub Dub,White Hat Studios,Slot,"July, 2023",9,$1.72,$1.68,0.60,0.4,0.46,0.50,0.00%
,,"1,234",Minting It Hold And Win,Igt,Slot,"June, 2025",18,$3.49,$1.63,0.24,0.3,0.46,0.50,0.01%
,,"1,235",Lightning Tiger,Light & Wonder,Slot,"November, 2023",23,$2.46,$1.65,0.24,0.3,0.46,0.50,0.01%
,,"1,236",Roulette Classic,Igt,Table Game,"June, 2023",2,$56.35,$56.35,0.12,0.6,0.46,0.18,0.00%
,,"1,237",Dead Or Alive,Evolution,Slot,"March, 2021",26,$1.06,$0.74,2.25,0.6,0.46,0.50,0.01%
,,"1,238",Bass Boss,Evolution,Slot,"June, 2023",27,$1.10,$0.73,0.32,0.3,0.46,0.50,0.01%
,,"1,239",2 Kings Of Africa,Red Rake Gaming,Slot,"December, 2024",7,$0.91,$0.61,0.78,0.5,0.46,0.50,0.00%
,,"1,240",Medusas Madness,Play N Go,Slot,"March, 2025",12,$0.88,$0.71,0.53,0.3,0.46,0.50,0.01%
,,"1,241",Ghostbusters Plus,Igt,Slot,"March, 2021",8,$2.23,$0.66,0.25,0.3,0.46,0.50,0.00%
,,"1,242",Christmas Bonanza,Evolution,Slot,"December, 2022",15,$2.26,$2.25,0.57,0.5,0.46,0.50,0.01%
,,"1,243",Golden Asp Of Fortune,High 5 Games,Slot,"October, 2025",14,$1.69,$1.62,0.62,0.5,0.46,0.50,0.01%
,,"1,244",Eagle Bucks,Ainsworth,Slot,"March, 2021",9,$1.54,$1.20,0.31,0.5,0.46,0.50,0.00%
,,"1,245",Speed Blackjack,Evolution,Table Game,"January, 2023",6,$73.90,$70.98,0.04,0.6,0.46,0.18,0.00%
,,"1,246",Slingo Fishin Frenzy,Gaming Realms,Slot,"July, 2021",11,$14.73,$7.70,0.08,0.4,0.46,0.50,0.01%
,,"1,247",Pop A Shot 2 LuckyTap ™,Design Works Gaming,Instant Win,"January, 2025",19,$1.29,$1.16,0.51,0.3,0.45,0.85,0.01%
,,"1,248",Blue Ribbon,Everi,Slot,"March, 2021",26,$3.17,$2.30,0.17,0.4,0.45,0.50,0.01%
,,"1,249",Wheel Of Fortune On Tour,Igt,Slot,"March, 2021",27,$3.59,$2.10,0.26,0.3,0.45,0.50,0.02%
,,"1,250",Kronos,Light & Wonder,Slot,"March, 2021",14,$0.99,$0.89,1.06,0.5,0.45,0.49,0.01%
,,"1,251",Pinatas And Ponies,Evolution,Slot,"June, 2024",24,$8.91,$0.82,0.05,0.4,0.45,0.49,0.02%
,,"1,252",Stellar Cash Chicken Fox 5x Skillstar,Light & Wonder,Slot,"April, 2023",18,$2.66,$1.14,0.36,0.4,0.45,0.49,0.01%
,,"1,253",Big Egyptian Fortune,Inspired,Slot,"September, 2022",21,$1.68,$1.11,0.51,0.3,0.45,0.49,0.01%
,,"1,254",Golden Macaque,Playtech,Slot,"June, 2023",2,$2.36,$2.36,0.82,0.5,0.45,0.49,0.00%
,,"1,255",Astronomical Magic,Konami,Slot,"March, 2021",23,$1.86,$1.46,0.45,0.4,0.45,0.49,0.01%
,,"1,256",Big Bonus,Inspired,Slot,"March, 2021",24,$1.42,$1.27,0.56,0.4,0.45,0.49,0.02%
,,"1,257",Lucky 8 Keno,Pixiu Gaming,Bingo/Keno,"March, 2022",12,$0.74,$0.73,0.58,0.2,0.45,0.42,0.01%
,,"1,258",Cash Express Luxury Line Pelican Pete,Aristocrat,Slot,"April, 2025",9,$1.86,$1.77,0.42,0.3,0.45,0.49,0.01%
,,"1,259",Ravens Reveal,Light & Wonder,Slot,"October, 2022",20,$1.22,$1.06,0.87,0.5,0.45,0.49,0.01%
,,"1,260",One Red Cent Deluxe,Everi,Slot,"March, 2021",16,$2.52,$2.61,0.41,0.5,0.45,0.49,0.02%
,,"1,261",First Person Football Studio,Evolution,Live Casino,"June, 2021",23,$32.59,$16.99,0.06,0.5,0.45,0.12,0.02%
,,"1,262",Quick Hit Black And White Double Jackpot,Light & Wonder,Slot,"October, 2025",10,$1.68,$1.27,0.59,0.3,0.45,0.49,0.01%
,,"1,263",San Quentin Xways,Evolution,Slot,"July, 2024",18,$2.56,$0.85,0.31,0.3,0.45,0.49,0.02%
,,"1,264",Reel King Megaways,Inspired,Slot,"March, 2021",12,$1.70,$1.38,0.94,0.5,0.45,0.49,0.01%
,,"1,265",Sixsixsix,Hacksaw Gaming,Slot,"February, 2025",15,$1.71,$1.25,0.52,0.3,0.45,0.49,0.02%
,,"1,266",Battle For Booty LuckyTap ™,Design Works Gaming,Instant Win,"June, 2023",7,$2.76,$2.18,0.39,0.3,0.45,0.83,0.00%
,,"1,267",Omg Kittens,Light & Wonder,Slot,"March, 2021",9,$3.02,$1.74,0.24,0.5,0.45,0.49,0.00%
,,"1,268",Secret Fortunes Power Combo,Games Global,Slot,"May, 2025",19,$1.09,$0.86,0.74,0.3,0.44,0.49,0.01%
,,"1,269",Double Rainbow,Hacksaw Gaming,Slot,"June, 2025",5,$2.48,$1.72,0.35,0.3,0.44,0.48,0.01%
,,"1,270",Dragon Born,Evolution,Slot,"October, 2025",23,$1.27,$1.30,0.63,0.3,0.44,0.48,0.02%
,,"1,271",4 Fantastic Fish,4theplayer,Slot,"November, 2023",20,$2.34,$1.54,0.23,0.4,0.44,0.48,0.02%
,,"1,272",Kings Of Crystals,Games Global,Slot,"April, 2022",18,$2.58,$1.51,0.43,0.3,0.44,0.48,0.02%
,,"1,273",Star Jewels,Everi,Slot,"May, 2023",20,$7.91,$6.09,0.12,0.4,0.44,0.48,0.01%
,,"1,274",When Pigs Fly,High 5 Games,Slot,"March, 2021",3,$14.62,$2.46,0.06,0.4,0.44,0.48,0.00%
,,"1,275",Olympus Thunder,Light & Wonder,Slot,"March, 2021",7,$3.11,$1.91,0.46,0.6,0.44,0.48,0.00%
,,"1,276",Slingo Starburst,Gaming Realms,Slot,"March, 2021",17,$6.89,$5.87,0.65,0.5,0.44,0.48,0.01%
,,"1,277",Timber Wolf Gold,Aristocrat,Slot,"August, 2025",14,$1.92,$1.73,0.40,0.3,0.44,0.48,0.01%
,,"1,278",Timber Wolf,Aristocrat,Slot,"December, 2022",14,$1.83,$1.69,0.41,0.3,0.44,0.48,0.01%
,,"1,279",Balloon Strike Ultratap,Ags,Instant Win,"May, 2025",28,$1.05,$0.79,0.85,0.3,0.44,0.81,0.01%
,,"1,280",Icy Wilds,Igt,Slot,"March, 2021",26,$1.95,$1.82,0.48,0.4,0.44,0.48,0.01%
,,"1,281",Rich Wilde And The Tome Of Madness,Play N Go,Slot,"August, 2023",11,$1.24,$1.05,0.51,0.3,0.44,0.48,0.01%
,,"1,282",Wild Wild 7s,Everi,Slot,"August, 2022",19,$4.09,$4.39,0.24,0.4,0.44,0.48,0.01%
,,"1,283",Secrets Of The Forest 2,High 5 Games,Slot,"March, 2021",8,$3.34,$2.53,0.26,0.5,0.44,0.48,0.01%
,,"1,284",Fortune Frog Skillstar,Light & Wonder,Slot,"April, 2022",21,$1.88,$1.84,0.58,0.5,0.44,0.48,0.01%
,,"1,285",Mustang Money,Ainsworth,Slot,"March, 2021",13,$1.45,$1.37,0.83,0.3,0.44,0.48,0.01%
,,"1,286",Classic Fruit Hold And Win,1x2 Network,Slot,"May, 2025",4,$0.93,$0.96,0.87,0.4,0.44,0.48,0.00%
,,"1,287",Twin Spin,Evolution,Slot,"March, 2021",20,$2.88,$1.83,0.64,0.4,0.44,0.48,0.01%
,,"1,288",Gladiator Mega Collect Em,Playtech,Slot,"December, 2024",15,$1.56,$1.55,0.58,0.3,0.43,0.47,0.01%
,,"1,289",Eureka Reel Blast Superlock Jackpot,Light & Wonder,Slot,"March, 2021",14,$2.70,$1.73,0.55,0.5,0.43,0.47,0.01%
,,"1,290",Big Cat Rescue Megaways,Evolution,Slot,"August, 2022",15,$1.03,$0.68,0.64,0.3,0.43,0.47,0.00%
,,"1,291",7 Shields Of Fortune,Bragg Gaming Group,Slot,"March, 2024",16,$1.92,$1.70,0.50,0.4,0.43,0.47,0.01%
,,"1,292",Fishin Loaded Pots,Games Global,Slot,"June, 2022",19,$0.93,$0.81,0.68,0.3,0.43,0.47,0.02%
,,"1,293",Santa King Megaways,Inspired,Slot,"March, 2021",15,$1.48,$1.32,0.62,0.4,0.43,0.47,0.01%
,,"1,294",Lock And Hit Red Knight,Playtech,Slot,"April, 2024",8,$1.41,$1.32,0.47,0.3,0.43,0.47,0.00%
,,"1,295",Raging Rhino Rampage Buypass,Light & Wonder,Slot,"March, 2021",5,$3.86,$4.31,0.27,0.5,0.43,0.47,0.00%
,,"1,296",100 To 1 Roulette,Inspired,Table Game,"March, 2021",9,$13.13,$8.59,0.05,0.3,0.43,0.17,0.00%
,,"1,297",Big Spin Bonus Extra Spins,Inspired,Slot,"March, 2024",24,$1.29,$0.97,0.78,0.3,0.43,0.47,0.01%
,,"1,298",Fortune Coin Tap,Igt,Instant Win,"October, 2025",28,$1.29,$1.21,0.68,0.4,0.43,0.79,0.02%
,,"1,299",Cashback Blackjack Live,Playtech,Live Casino,"July, 2024",5,$18.66,$20.32,0.26,1.3,0.43,0.11,0.00%
,,"1,300",Cash Or Nothing,Evolution,Slot,"July, 2024",31,$0.99,$0.92,0.83,0.3,0.43,0.47,0.02%
,,"1,301",Siberian Gold Megaways,White Hat Studios,Slot,"November, 2024",24,$0.81,$0.77,0.89,0.4,0.43,0.47,0.01%
,,"1,302",Mighty Griffin Megaways Jackpot Royale,White Hat Studios,Slot,"July, 2022",17,$1.68,$1.55,0.51,0.4,0.43,0.47,0.01%
,,"1,303",Panda Power Solstice Celebration,Konami,Slot,"November, 2024",22,$1.68,$1.62,0.49,0.3,0.43,0.47,0.01%
,,"1,304",Bill And Coin,Relax Gaming,Slot,"January, 2025",6,$1.29,$1.12,0.69,0.3,0.42,0.46,0.00%
,,"1,305",Double Fancy 7s,Design Works Gaming,Slot,"January, 2022",21,$1.18,$1.03,0.81,0.4,0.42,0.46,0.01%
,,"1,306",Triple Hot Ice,Igt,Slot,"February, 2023",28,$0.87,$0.39,1.07,0.4,0.42,0.46,0.02%
,,"1,307",Rooster Mayhem,Spinomenal,Slot,"November, 2025",2,$1.39,$1.39,0.87,0.4,0.42,0.46,0.00%
,,"1,308",Super Dragon,Everi,Slot,"January, 2025",26,$6.02,$3.57,0.31,0.4,0.42,0.46,0.02%
,,"1,309",Thunder Drums Samurai Storm,Light & Wonder,Slot,"August, 2025",27,$1.60,$1.38,0.41,0.3,0.42,0.46,0.01%
,,"1,310",Medusa,Light & Wonder,Slot,"March, 2021",6,$1.32,$1.44,0.68,0.4,0.42,0.46,0.00%
,,"1,311",Millionaire Megaways,Evolution,Slot,"September, 2024",8,$2.17,$1.65,0.47,0.3,0.42,0.46,0.00%
,,"1,312",Dragons Lock,Evolution,Slot,"September, 2025",27,$1.18,$1.09,0.88,0.3,0.42,0.46,0.01%
,,"1,313",Merlins 10k Ways,Reel Play,Slot,"October, 2024",27,$1.43,$1.15,0.58,0.3,0.42,0.46,0.01%
,,"1,314",American Gold 3x Victory,Games Global,Slot,"March, 2025",22,$1.94,$1.60,0.39,0.3,0.42,0.46,0.02%
,,"1,315",Enchanted Waysfecta,Light & Wonder,Slot,"November, 2021",10,$1.34,$1.49,0.62,0.5,0.42,0.46,0.00%
,,"1,316",Super 60 Stars,Red Rake Gaming,Slot,"July, 2025",14,$1.86,$1.58,0.61,0.3,0.42,0.46,0.01%
,,"1,317",Dragon Spin Cross Link Fire,Light & Wonder,Slot,"July, 2025",30,$1.55,$1.14,0.55,0.3,0.42,0.46,0.01%
,,"1,318",Super Sic Bo,Evolution,Table Game,"December, 2023",10,$22.96,$13.85,0.07,0.6,0.42,0.17,0.00%
,,"1,319",Fist Of Destruction,Hacksaw Gaming,Slot,"October, 2024",17,$1.74,$1.64,0.51,0.3,0.42,0.46,0.01%
,,"1,320",Blackjack En Espanol,Evolution,Live Casino,"March, 2024",7,$58.71,$59.40,0.10,2.4,0.42,0.11,0.00%
,,"1,321",Spirit Of Nature,White Hat Studios,Slot,"April, 2023",8,$11.85,$11.54,0.07,0.4,0.42,0.46,0.01%
,,"1,322",21+3 Progressive Blackjack,Bragg Gaming Group,Table Game,"March, 2022",4,$21.04,$22.78,0.08,0.8,0.42,0.17,0.00%
,,"1,323",A Christmas Full Of Wilds,Greentube,Slot,"November, 2023",11,$1.43,$1.10,0.49,0.3,0.42,0.46,0.01%
,,"1,324",Catemple,Light & Wonder,Slot,"August, 2025",11,$2.27,$1.68,0.43,0.3,0.42,0.46,0.00%
,,"1,325",Super Jokrz Wild Ultranudge,Bang Bang Games,Slot,"October, 2024",15,$1.12,$0.98,0.71,0.3,0.42,0.46,0.01%
,,"1,326",Goose The Gold,Boom Entertainment,Slot,"June, 2023",14,$2.11,$1.24,0.41,0.3,0.42,0.46,0.01%
,,"1,327",Trojan Kingdom,Games Global,Slot,"September, 2023",5,$2.40,$1.43,0.11,0.3,0.42,0.46,0.00%
,,"1,328",Densho,Hacksaw Gaming,Slot,"December, 2024",12,$2.33,$1.79,0.34,0.3,0.42,0.46,0.01%
,,"1,329",Team Santa Power Combo,Games Global,Slot,"December, 2023",18,$3.70,$1.06,0.20,0.3,0.42,0.45,0.01%
,,"1,330",Gypsy Fire Quick Strike,Konami,Slot,"March, 2021",21,$1.52,$1.08,0.70,0.4,0.41,0.45,0.01%
,,"1,331",On The Hook LuckyTap ™,Design Works Gaming,Instant Win,"July, 2024",17,$1.99,$1.83,0.32,0.3,0.41,0.77,0.01%
,,"1,332",Megajackpots Golden Goddess,Igt,Slot,"March, 2021",15,$2.91,$1.90,0.18,0.2,0.41,0.45,0.01%
,,"1,333",Cannonball Panda,Aruze,Slot,"July, 2021",6,$1.30,$1.20,1.04,0.4,0.41,0.45,0.00%
,,"1,334",Moriarty Megaways,Igt,Slot,"September, 2023",14,$3.32,$1.45,0.42,0.4,0.41,0.45,0.00%
,,"1,335",Raging Riches,Slotmill,Slot,"October, 2024",6,$1.66,$1.46,0.52,0.3,0.41,0.45,0.01%
,,"1,336",Slingo River Re3ls,Gaming Realms,Slot,"October, 2024",31,$14.62,$13.55,0.13,0.4,0.41,0.45,0.02%
,,"1,337",Smokin Triples,Everi,Slot,"March, 2021",27,$2.95,$2.70,0.33,0.3,0.41,0.45,0.01%
,,"1,338",Piggy Emperor,Betixon,Slot,"May, 2024",2,$1.42,$1.42,0.62,0.4,0.41,0.45,0.00%
,,"1,339",Krakatoa,Ainsworth,Slot,"March, 2021",13,$2.39,$2.38,0.39,0.5,0.41,0.45,0.00%
,,"1,340",Joker Bombs,Hacksaw Gaming,Slot,"August, 2023",9,$4.45,$2.92,0.11,0.3,0.41,0.45,0.00%
,,"1,341",Jin Ji Bao Xi Megaways,Light & Wonder,Slot,"November, 2021",27,$2.08,$1.74,0.74,0.4,0.41,0.45,0.02%
,,"1,342",Slingo Honey Crew,Gaming Realms,Slot,"May, 2025",32,$10.22,$6.78,0.18,0.3,0.41,0.45,0.02%
,,"1,343",Turkey Revolt Extreme,High 5 Games,Slot,"November, 2021",13,$1.19,$1.15,0.83,0.4,0.41,0.45,0.01%
,,"1,344",10x Minimum Magnetic Force,Spinberry,Slot,"November, 2024",8,$1.30,$1.09,0.57,0.2,0.41,0.44,0.01%
,,"1,345",Golden Fire Link Buchae Blossom,Light & Wonder,Slot,"September, 2024",10,$2.13,$1.85,0.44,0.4,0.41,0.44,0.01%
,,"1,346",Gus Goes Fishin,Igt,Slot,"June, 2024",24,$3.69,$1.92,0.24,0.4,0.41,0.44,0.01%
,,"1,347",Giga Match Moolah,Ruby Play,Slot,"September, 2025",3,$1.59,$1.70,1.28,0.3,0.41,0.44,0.00%
,,"1,348",Retro Riches,High 5 Games,Slot,"July, 2021",11,$1.88,$1.46,0.99,0.5,0.40,0.44,0.01%
,,"1,349",American Gold 3x 2x Victory,Games Global,Slot,"June, 2025",19,$1.76,$1.56,0.45,0.3,0.40,0.44,0.01%
,,"1,350",Queen Of The Gods,High 5 Games,Slot,"November, 2022",11,$1.16,$0.79,0.91,0.4,0.40,0.44,0.00%
,,"1,351",Reactoonz,Play N Go,Slot,"November, 2022",23,$1.26,$1.02,0.59,0.4,0.40,0.44,0.01%
,,"1,352",10000 Bc Doublemax,4theplayer,Slot,"June, 2025",24,$2.27,$1.52,0.36,0.3,0.40,0.44,0.02%
,,"1,353",Break Da Bank Again Respin,Games Global,Slot,"August, 2021",12,$1.21,$1.26,0.58,0.3,0.40,0.44,0.00%
,,"1,354",Diamond Hunter Vip,Bang Bang Games,Slot,"June, 2025",14,$1.31,$1.07,0.50,0.3,0.40,0.43,0.01%
,,"1,355",Rumble Rumble,Ainsworth,Slot,"March, 2021",6,$3.18,$1.48,0.09,0.3,0.40,0.43,0.00%
,,"1,356",Almighty 7s Jackpot Royale,White Hat Studios,Slot,"March, 2024",21,$2.09,$2.10,0.41,0.3,0.40,0.43,0.01%
,,"1,357",Fishin Loaded Pots Gold Blitz Extreme,Games Global,Slot,"December, 2024",16,$1.20,$1.16,0.56,0.3,0.40,0.43,0.02%
,,"1,358",North Pole Power Tap,Igt,Instant Win,"November, 2025",24,$1.30,$1.11,0.54,0.3,0.39,0.73,0.01%
,,"1,359",The Bowery Boys,Hacksaw Gaming,Slot,"August, 2023",11,$3.20,$3.12,0.18,0.3,0.39,0.43,0.01%
,,"1,360",Double Lotus,Everi,Slot,"March, 2021",26,$4.04,$2.49,0.16,0.3,0.39,0.43,0.01%
,,"1,361",Tome Of Madness,Play N Go,Slot,"November, 2022",4,$1.29,$1.25,0.87,0.3,0.39,0.43,0.00%
,,"1,362",Cleopatra Ii,Igt,Slot,"February, 2022",26,$1.72,$1.30,0.56,0.3,0.39,0.43,0.02%
,,"1,363",Full Moon White Panda,Playtech,Slot,"August, 2023",2,$1.75,$1.75,0.73,0.4,0.39,0.43,0.00%
,,"1,364",7s Luck,Evolution,Slot,"April, 2025",30,$1.45,$0.93,0.46,0.3,0.39,0.43,0.02%
,,"1,365",Gritty Kitty,Light & Wonder,Slot,"May, 2025",4,$3.49,$1.96,0.22,0.2,0.39,0.43,0.00%
,,"1,366",Hotshot Twinfire,Light & Wonder,Slot,"April, 2024",18,$1.17,$1.22,0.66,0.3,0.39,0.43,0.01%
,,"1,367",Big Red,Aristocrat,Slot,"January, 2025",8,$2.83,$1.71,0.40,0.4,0.39,0.43,0.00%
,,"1,368",Spooky Carnival,Evolution,Slot,"September, 2024",27,$0.95,$0.79,0.83,0.3,0.39,0.43,0.01%
,,"1,369",Pay Pig,Reel Play,Slot,"April, 2025",31,$1.71,$1.52,0.41,0.3,0.39,0.43,0.02%
,,"1,370",Raging Rhino Megaways,Light & Wonder,Slot,"March, 2021",10,$2.11,$1.67,0.35,0.4,0.39,0.43,0.00%
,,"1,371",Pigeons From Space,Playtech,Slot,"March, 2025",13,$1.80,$1.13,0.09,0.2,0.39,0.43,0.00%
,,"1,372",Wild Panda,Aristocrat,Slot,"February, 2024",10,$1.33,$1.21,0.54,0.3,0.39,0.43,0.01%
,,"1,373",Baccarat,Internal,Table Game,"January, 2023",6,$13.81,$8.71,0.10,0.4,0.39,0.15,0.00%
,,"1,374",Carnival Cow Coin Combo,Light & Wonder,Slot,"August, 2022",30,$2.70,$1.60,0.41,0.4,0.39,0.43,0.02%
,,"1,375",Five Pirates,Light & Wonder,Slot,"March, 2021",7,$2.14,$1.75,0.39,0.4,0.39,0.43,0.00%
,,"1,376",Hercules 10k Ways,Reel Play,Slot,"October, 2024",27,$1.92,$1.17,0.39,0.3,0.39,0.42,0.01%
,,"1,377",Age Of The Gods Wheels Of Olympus,Playtech,Slot,"June, 2024",14,$1.77,$1.47,0.28,0.3,0.39,0.42,0.01%
,,"1,378",Eggz Power Combo,Games Global,Slot,"November, 2023",22,$1.53,$1.48,0.41,0.3,0.39,0.42,0.02%
,,"1,379",The Joker And The Thief,Oddsworks,Slot,"December, 2024",15,$6.55,$6.16,0.04,0.1,0.39,0.42,0.02%
,,"1,380",Lure Of The Lamp Megaways,Igt,Slot,"May, 2025",27,$1.55,$1.34,0.55,0.3,0.39,0.42,0.01%
,,"1,381",Crazy Prospector Jackpot Royale,White Hat Studios,Slot,"January, 2023",4,$4.76,$4.61,0.18,0.3,0.39,0.42,0.00%
,,"1,382",Busters Bones,Evolution,Slot,"September, 2023",20,$1.59,$1.13,0.53,0.3,0.39,0.42,0.01%
,,"1,383",Sweet 16 Blackjack,Light & Wonder,Table Game,"November, 2023",9,$13.52,$6.93,0.10,0.5,0.39,0.15,0.01%
,,"1,384",Multihand Blackjack With Poker And Pairs,Igt,Table Game,"September, 2021",8,$19.27,$16.89,0.47,3.7,0.39,0.15,0.01%
,,"1,385",Bonus Island Bonus Buy,Inspired,Slot,"June, 2023",2,$1.69,$1.69,0.59,0.3,0.38,0.42,0.00%
,,"1,386",Mad Hit Gorillatron,Ruby Play,Slot,"July, 2025",5,$1.86,$1.87,0.45,0.3,0.38,0.42,0.00%
,,"1,387",Panda Blitz,Playtech,Slot,"September, 2025",7,$1.30,$0.94,0.57,0.3,0.38,0.42,0.00%
,,"1,388",Burn 7s Burn,Inspired,Slot,"December, 2022",3,$0.95,$0.92,0.67,0.3,0.38,0.42,0.00%
,,"1,389",Half Court Shot,Boom Entertainment,Instant Win,"June, 2023",12,$1.48,$1.28,0.30,0.3,0.38,0.71,0.00%
,,"1,390",Aliyas Wishes,Games Global,Slot,"August, 2021",19,$1.15,$0.83,0.96,0.4,0.38,0.42,0.01%
,,"1,391",Monopoly Lunar New Year,Light & Wonder,Slot,"February, 2022",28,$2.53,$2.01,0.37,0.4,0.38,0.42,0.02%
,,"1,392",Jumping Jalapenos,Konami,Slot,"March, 2021",6,$0.97,$0.85,0.38,0.3,0.38,0.42,0.00%
,,"1,393",Tiger Lord,Ags,Slot,"September, 2021",25,$2.03,$1.71,0.42,0.4,0.38,0.42,0.02%
,,"1,394",Solstice Celebration,Konami,Slot,"March, 2021",23,$1.65,$1.31,0.53,0.3,0.38,0.42,0.01%
,,"1,395",Anubis Wild Megaways,Inspired,Slot,"March, 2021",9,$2.42,$1.64,0.55,0.4,0.38,0.42,0.00%
,,"1,396",Big Wheel Bonus,Inspired,Slot,"September, 2022",4,$1.30,$1.21,0.62,0.3,0.38,0.41,0.00%
,,"1,397",Mighty Wild Jaguar,Wazdan,Slot,"June, 2025",10,$2.25,$1.62,0.45,0.4,0.38,0.41,0.00%
,,"1,398",Gigantoonz,Play N Go,Slot,"January, 2023",15,$1.06,$0.93,0.53,0.3,0.38,0.41,0.01%
,,"1,399",Dangerous Beauty Jackpot,High 5 Games,Slot,"November, 2023",4,$1.38,$1.10,0.61,0.3,0.38,0.41,0.00%
,,"1,400",Triple Topaz,High 5 Games,Slot,"March, 2021",4,$1.67,$1.53,0.42,0.3,0.38,0.41,0.00%
,,"1,401",Fortune Pai Gow Poker,Aristocrat,Table Game,"December, 2024",3,$18.99,$19.24,0.11,0.4,0.38,0.15,0.00%
,,"1,402",Skee Ball LuckyTap™,Design Works Gaming,Instant Win,"July, 2023",19,$1.23,$1.07,0.54,0.3,0.37,0.70,0.01%
,,"1,403",Slingo Carnival Bonus,Gaming Realms,Slot,"March, 2021",17,$13.46,$4.18,0.11,0.4,0.37,0.41,0.01%
,,"1,404",Mega Fire Blaze Emperor Of Rome,Playtech,Slot,"March, 2024",9,$1.86,$1.28,0.44,0.2,0.37,0.41,0.00%
,,"1,405",Prospector Extra Gold Megaways,White Hat Studios,Slot,"September, 2022",16,$1.57,$1.15,0.70,0.4,0.37,0.41,0.01%
,,"1,406",Da Vinci Deluxe Ways 2,High 5 Games,Slot,"February, 2025",14,$2.52,$1.21,0.26,0.4,0.37,0.41,0.01%
,,"1,407",10x Wild Glory,Design Works Gaming,Slot,"June, 2025",21,$1.81,$1.22,0.33,0.2,0.37,0.41,0.01%
,,"1,408",Slingo Berserk,Gaming Realms,Slot,"March, 2021",26,$9.46,$9.52,0.27,0.3,0.37,0.41,0.02%
,,"1,409",Immortal Ways Diamonds,Ruby Play,Slot,"May, 2025",6,$1.46,$1.28,0.48,0.3,0.37,0.41,0.00%
,,"1,410",Star Clusters,Evolution,Slot,"July, 2022",12,$1.82,$1.11,0.67,0.4,0.37,0.41,0.00%
,,"1,411",Valkyrie Queen,High 5 Games,Slot,"March, 2021",5,$2.06,$2.23,0.55,0.3,0.37,0.41,0.00%
,,"1,412",Stormforged,Hacksaw Gaming,Slot,"September, 2024",22,$2.61,$2.13,0.31,0.3,0.37,0.41,0.02%
,,"1,413",Reel Spooky King Megaways,Inspired,Slot,"October, 2021",10,$1.90,$1.80,0.58,0.4,0.37,0.41,0.00%
,,"1,414",Wild Horses,High 5 Games,Slot,"May, 2022",3,$3.68,$2.10,0.29,0.4,0.37,0.41,0.00%
,,"1,415",Kitty Kollect,Igt,Slot,"March, 2025",26,$2.04,$1.29,0.39,0.2,0.37,0.41,0.02%
,,"1,416",Miss Kitty Gold,Aristocrat,Slot,"January, 2024",11,$2.28,$1.61,0.27,0.2,0.37,0.40,0.01%
,,"1,417",Stellar Jewels Power Combo,Games Global,Slot,"February, 2025",17,$1.53,$0.96,0.42,0.3,0.37,0.40,0.01%
,,"1,418",Slingo Journey To Asgard,Gaming Realms,Slot,"November, 2024",25,$10.87,$7.75,0.21,0.3,0.37,0.40,0.01%
,,"1,419",Golden Glimmer,Spinberry,Slot,"August, 2025",8,$3.98,$1.37,0.11,0.2,0.37,0.40,0.01%
,,"1,420",Green Machine Deluxe Powerbet,High 5 Games,Slot,"March, 2021",20,$3.01,$1.81,0.39,0.3,0.37,0.40,0.02%
,,"1,421",Cash Cascade 100 Charming 7s,Greentube,Slot,"September, 2025",12,$1.17,$1.21,0.51,0.2,0.37,0.40,0.01%
,,"1,422",Golden Wins Deluxe,Ags,Slot,"May, 2022",26,$2.04,$1.67,0.37,0.3,0.37,0.40,0.02%
,,"1,423",Big Bang Boom,Evolution,Slot,"January, 2024",15,$6.33,$2.20,0.18,0.3,0.37,0.40,0.00%
,,"1,424",Barnyard Frenzy,Internal,Slot,"April, 2021",4,$2.20,$1.48,0.24,0.4,0.37,0.40,0.00%
,,"1,425",Fishing Floats Of Cash,Games Global,Slot,"March, 2023",10,$3.95,$2.27,0.09,0.3,0.37,0.40,0.00%
,,"1,426",5 Treasures Jackpot Festival,Light & Wonder,Slot,"September, 2023",10,$2.08,$1.77,0.49,0.4,0.37,0.40,0.01%
,,"1,427",Tsai Shen 10k Ways,Reel Play,Slot,"November, 2023",18,$1.19,$1.06,0.75,0.4,0.37,0.40,0.01%
,,"1,428",Spinnin Records Raving Reels,Play N Go,Slot,"September, 2025",14,$0.80,$0.76,0.79,0.2,0.37,0.40,0.00%
,,"1,429",Super 50 Stars,Red Rake Gaming,Slot,"December, 2024",12,$1.90,$1.64,0.67,0.3,0.37,0.40,0.00%
,,"1,430",Colt Lightning Firestorm,Play N Go,Slot,"August, 2024",23,$0.96,$0.88,0.59,0.2,0.37,0.40,0.00%
,,"1,431",Fu Bao Bang LuckyTap ™,Design Works Gaming,Instant Win,"March, 2022",18,$1.73,$1.28,0.74,0.4,0.37,0.68,0.01%
,,"1,432",3 Porky Banks Christmas,1x2 Network,Slot,"November, 2024",4,$1.20,$1.20,0.49,0.3,0.36,0.40,0.00%
,,"1,433",Dragonfates Favor,Play N Go,Slot,"August, 2025",5,$1.02,$0.73,0.70,0.3,0.36,0.40,0.00%
,,"1,434",Blazing Mammoth,Games Global,Slot,"February, 2023",14,$1.67,$1.24,0.23,0.3,0.36,0.40,0.01%
,,"1,435",50 Lions,Aristocrat,Slot,"December, 2024",8,$2.02,$1.33,0.24,0.3,0.36,0.40,0.00%
,,"1,436",Slot Vegas,Evolution,Slot,"April, 2021",4,$1.71,$2.13,0.53,0.4,0.36,0.40,0.00%
,,"1,437",Prosperity Pearls,Wazdan,Slot,"June, 2023",26,$1.41,$1.36,0.84,0.3,0.36,0.40,0.01%
,,"1,438",Blooming Bunnies,Light & Wonder,Slot,"November, 2023",21,$1.93,$1.33,0.46,0.3,0.36,0.40,0.01%
,,"1,439",Piggy Prizes Wand Of Riches,Greentube,Slot,"January, 2024",18,$1.41,$1.28,0.58,0.3,0.36,0.40,0.01%
,,"1,440",Fireworks Megaways,Evolution,Slot,"June, 2024",20,$5.63,$2.65,0.13,0.3,0.36,0.40,0.01%
,,"1,441",Precious Panda Hold And Win,Igt,Slot,"January, 2024",13,$2.21,$1.45,0.33,0.3,0.36,0.40,0.00%
,,"1,442",Irish Riches Megaways Jackpot Royale,White Hat Studios,Slot,"March, 2023",6,$1.73,$1.44,0.57,0.5,0.36,0.39,0.01%
,,"1,443",Rich Little Hens World Class,Light & Wonder,Slot,"September, 2025",29,$1.08,$0.97,0.51,0.3,0.36,0.39,0.01%
,,"1,444",Lucky Horse,High 5 Games,Slot,"March, 2021",5,$2.57,$2.22,0.46,0.4,0.36,0.39,0.00%
,,"1,445",Piggy Bonanza,Games Global,Slot,"April, 2025",19,$1.11,$1.10,0.55,0.3,0.36,0.39,0.01%
,,"1,446",Slots O Luck,Inspired,Slot,"June, 2021",7,$1.80,$0.96,0.62,0.3,0.36,0.39,0.01%
,,"1,447",Sisters Of Oz Jackpots,Games Global,Slot,"August, 2021",21,$1.40,$1.27,0.48,0.4,0.36,0.39,0.02%
,,"1,448",Azteca Bonus Lines,Playtech,Slot,"October, 2024",18,$2.16,$1.46,0.41,0.3,0.36,0.39,0.01%
,,"1,449",Jumpin Jalapenos Quick Strike,Konami,Slot,"March, 2021",16,$1.27,$1.23,0.60,0.3,0.36,0.39,0.01%
,,"1,450",Million 777 Coins,Red Rake Gaming,Slot,"September, 2025",5,$1.24,$1.37,0.81,0.3,0.36,0.39,0.00%
,,"1,451",Wild Fury Jackpots,Igt,Slot,"March, 2021",30,$1.01,$0.75,0.58,0.2,0.36,0.39,0.02%
,,"1,452",Fu Nan Fu Nu,Ags,Slot,"March, 2021",30,$1.82,$1.61,0.42,0.4,0.36,0.39,0.01%
,,"1,453",Miss Midas,Light & Wonder,Slot,"March, 2021",7,$1.49,$1.42,0.42,0.3,0.36,0.39,0.00%
,,"1,454",Power Blackjack,Evolution,Live Casino,"October, 2023",11,$18.59,$16.32,0.18,1.2,0.36,0.10,0.01%
,,"1,455",Double Leopard,Everi,Slot,"March, 2021",24,$3.98,$2.52,0.16,0.3,0.36,0.39,0.01%
,,"1,456",Lucky Gift Collect Em,Playtech,Slot,"January, 2025",18,$1.32,$1.19,0.55,0.3,0.35,0.39,0.01%
,,"1,457",Alohawaii Collect Em,Playtech,Slot,"October, 2024",21,$1.08,$0.91,0.59,0.3,0.35,0.39,0.01%
,,"1,458",Brilliant Gems,Ruby Play,Slot,"April, 2025",3,$1.78,$1.57,0.71,0.4,0.35,0.39,0.00%
,,"1,459",Hot Hot Blazing Lock Fire Pots,Light & Wonder,Slot,"November, 2023",29,$2.15,$1.97,0.27,0.3,0.35,0.39,0.02%
,,"1,460",Loki Wild Tiles,Oddsworks,Slot,"September, 2023",5,$1.41,$0.97,0.31,0.3,0.35,0.39,0.00%
,,"1,461",Vault Of Anubis,Evolution,Slot,"August, 2021",18,$1.97,$0.88,0.22,0.2,0.35,0.39,0.01%
,,"1,462",American Roulette,Light & Wonder,Table Game,"March, 2021",19,$18.16,$10.30,0.02,0.3,0.35,0.14,0.01%
,,"1,463",Bigger Size Fishin,Red Rake Gaming,Slot,"May, 2025",4,$3.93,$1.47,0.44,0.3,0.35,0.39,0.00%
,,"1,464",Slingo Sweet Bonanza,Gaming Realms,Slot,"November, 2021",16,$8.58,$5.26,0.27,0.4,0.35,0.39,0.01%
,,"1,465",Twisted Lab,Hacksaw Gaming,Slot,"May, 2025",2,$1.09,$1.09,0.60,0.3,0.35,0.38,0.00%
,,"1,466",Majestic Megaways,Igt,Slot,"June, 2024",22,$2.02,$1.16,0.24,0.2,0.35,0.38,0.01%
,,"1,467",Irish Pot Luck,Evolution,Slot,"March, 2021",11,$1.69,$1.07,0.74,0.4,0.35,0.38,0.00%
,,"1,468",Lightning Gold Jackpot Royale,White Hat Studios,Slot,"April, 2025",28,$1.70,$1.59,0.41,0.3,0.35,0.38,0.01%
,,"1,469",Bruce Lee Kung Fu Wilds,Light & Wonder,Slot,"May, 2025",16,$1.37,$1.34,0.40,0.2,0.35,0.38,0.01%
,,"1,470",Classic Blackjack With Side Bets,Evolution,Table Game,"August, 2022",4,$43.59,$17.64,0.14,3.4,0.35,0.14,0.00%
,,"1,471",Genie Wishmaker Jackpot Royale,White Hat Studios,Slot,"July, 2022",21,$2.28,$1.68,0.45,0.4,0.35,0.38,0.01%
,,"1,472",Hyper Gold All In,Games Global,Slot,"August, 2024",20,$2.24,$1.19,0.39,0.2,0.35,0.38,0.01%
,,"1,473",Cash Crew,Hacksaw Gaming,Slot,"October, 2024",18,$2.11,$1.53,0.23,0.3,0.35,0.38,0.01%
,,"1,474",Super Stack Fortunes,High 5 Games,Slot,"August, 2025",24,$1.74,$1.58,0.39,0.3,0.35,0.38,0.01%
,,"1,475",Dragon Spin,Light & Wonder,Slot,"March, 2021",9,$2.80,$1.75,0.19,0.3,0.35,0.38,0.00%
,,"1,476",Cleopatra Wilds Hold And Win,1x2 Network,Slot,"June, 2025",5,$1.17,$0.87,0.48,0.3,0.35,0.38,0.00%
,,"1,477",Phoenix Kingdom,Aristocrat,Slot,"March, 2022",11,$1.98,$1.06,0.29,0.4,0.34,0.38,0.00%
,,"1,478",Tuna Overload,Spinberry,Slot,"September, 2024",9,$2.20,$1.48,0.37,0.2,0.34,0.38,0.01%
,,"1,479",Stallion Kingdom,Games Global,Slot,"September, 2024",10,$2.30,$0.71,0.13,0.2,0.34,0.38,0.01%
,,"1,480",Lucky Faire,Oddsworks,Slot,"October, 2025",4,$1.46,$1.46,0.66,0.3,0.34,0.37,0.00%
,,"1,481",Stellar Jackpots Silver Pride,Light & Wonder,Slot,"March, 2021",25,$2.09,$1.66,0.27,0.3,0.34,0.37,0.01%
,,"1,482",Candy Blast,Internal,Slot,"April, 2021",4,$7.88,$1.98,0.09,0.4,0.34,0.37,0.00%
,,"1,483",Doctor Love,Light & Wonder,Slot,"March, 2021",4,$1.42,$1.42,0.50,0.3,0.34,0.37,0.00%
,,"1,484",Extreme Dragon,Aruze,Slot,"December, 2022",4,$1.61,$1.47,0.57,0.3,0.34,0.37,0.00%
,,"1,485",Fire Blaze Pearls Pearls Pearls,Playtech,Slot,"June, 2023",4,$2.29,$1.79,0.74,0.4,0.34,0.37,0.00%
,,"1,486",Hearts And Horns,Ags,Slot,"March, 2021",29,$2.07,$1.58,0.38,0.3,0.34,0.37,0.01%
,,"1,487",Lucky Buddha,King Show Games,Slot,"March, 2024",22,$1.64,$1.55,0.40,0.2,0.34,0.37,0.01%
,,"1,488",Shifting Hearts,Design Works Gaming,Slot,"December, 2021",9,$1.50,$1.52,0.54,0.3,0.34,0.37,0.00%
,,"1,489",Dead Riders Trail,Relax Gaming,Slot,"October, 2024",9,$1.79,$1.65,0.42,0.4,0.34,0.37,0.01%
,,"1,490",Thunder Cash Fruity Fruity,Greentube,Slot,"September, 2022",13,$2.87,$1.52,0.22,0.3,0.34,0.37,0.01%
,,"1,491",25 Coins Grand Gold Edition,Wazdan,Slot,"July, 2025",8,$1.17,$1.03,0.88,0.3,0.34,0.37,0.00%
,,"1,492",Pile Em Up,Games Global,Slot,"August, 2023",17,$1.16,$0.93,0.77,0.3,0.34,0.37,0.01%
,,"1,493",Rotten,Hacksaw Gaming,Slot,"April, 2025",7,$2.01,$2.15,0.49,0.3,0.34,0.37,0.01%
,,"1,494",Crystal Star Platinum,Everi,Slot,"July, 2024",24,$11.38,$11.10,0.05,0.3,0.34,0.37,0.02%
,,"1,495",Sapphire Spin,Everi,Slot,"March, 2021",25,$2.77,$2.40,0.24,0.3,0.34,0.37,0.01%
,,"1,496",Mad Cabs Hold And Win,1x2 Network,Slot,"September, 2025",4,$1.52,$1.35,0.45,0.3,0.34,0.37,0.00%
,,"1,497",Rich Wilde And The Tome Of Insanity,Play N Go,Slot,"August, 2024",11,$1.31,$1.22,0.51,0.3,0.34,0.37,0.00%
,,"1,498",Dreamy Genie,Bragg Gaming Group,Slot,"January, 2023",10,$1.42,$1.37,0.28,0.2,0.33,0.37,0.00%
,,"1,499",Fire Blaze Sky Queen Megaways,Playtech,Slot,"May, 2025",15,$1.32,$1.10,0.47,0.2,0.33,0.37,0.01%
,,"1,500",Jingle Spin,Evolution,Slot,"March, 2021",17,$2.00,$1.23,0.73,0.4,0.33,0.37,0.00%
,,"1,501",Quick Hit Blitz Gold,Light & Wonder,Slot,"April, 2024",27,$1.49,$1.10,0.29,0.2,0.33,0.37,0.01%
,,"1,502",Raging Rhino Ultra Megadrop,Light & Wonder,Slot,"October, 2021",7,$2.17,$1.26,0.50,0.4,0.33,0.37,0.00%
,,"1,503",Balls Galore Lightning Drop,Games Global,Instant Win,"October, 2025",13,$2.51,$2.48,0.30,0.3,0.33,0.62,0.01%
,,"1,504",Jackpot Royale Full House,White Hat Studios,Lottery,"April, 2023",8,$10.75,$9.51,0.13,0.3,0.33,0.24,0.00%
,,"1,505",Almighty 777 Glory Jackpot Royale Express,White Hat Studios,Slot,"June, 2025",24,$1.32,$1.19,0.53,0.3,0.33,0.36,0.01%
,,"1,506",Diamond Link Mighty Viking,Greentube,Slot,"March, 2025",8,$2.67,$2.07,0.28,0.3,0.33,0.36,0.01%
,,"1,507",Crystal Magic,Ags,Slot,"March, 2021",26,$1.90,$1.59,0.48,0.3,0.33,0.36,0.01%
,,"1,508",12 Bells,Wazdan,Slot,"February, 2025",11,$1.33,$1.24,0.73,0.4,0.33,0.36,0.00%
,,"1,509",Beavis And Butt-Head,White Hat Studios,Slot,"November, 2022",22,$1.99,$1.43,0.43,0.3,0.33,0.36,0.01%
,,"1,510",Thunderstruck,Games Global,Slot,"August, 2021",18,$1.89,$1.40,0.48,0.4,0.33,0.36,0.01%
,,"1,511",San Fa Pigs,Ainsworth,Slot,"May, 2025",7,$2.68,$2.64,0.20,0.3,0.33,0.36,0.01%
,,"1,512",Diamond Rush Ultratap,Ags,Instant Win,"May, 2025",29,$1.27,$0.68,0.48,0.3,0.33,0.61,0.01%
,,"1,513",Starlight Jackpots Athena Goddess Of War,Greentube,Slot,"August, 2024",18,$1.14,$1.15,0.36,0.3,0.33,0.36,0.01%
,,"1,514",Twilight Forest,Aristocrat,Slot,"August, 2024",3,$1.46,$1.35,0.63,0.3,0.33,0.36,0.00%
,,"1,515",Fireworks Of Fortune,Rogue,Slot,"October, 2025",14,$1.36,$1.37,0.42,0.2,0.33,0.36,0.01%
,,"1,516",Gorilla Go Wild,Light & Wonder,Slot,"March, 2021",18,$1.78,$1.62,0.31,0.3,0.33,0.36,0.00%
,,"1,517",Black Mirror Jackpot Royale,White Hat Studios,Slot,"August, 2024",30,$1.77,$1.26,0.24,0.2,0.33,0.36,0.01%
,,"1,518",Jin Tu,Inspired,Slot,"August, 2024",23,$2.43,$1.38,0.23,0.2,0.33,0.36,0.01%
,,"1,519",Majestic Claws,Spinomenal,Slot,"September, 2025",2,$2.96,$2.96,0.70,0.3,0.33,0.36,0.00%
,,"1,520",Dead Canary,Evolution,Slot,"March, 2025",19,$1.17,$1.13,0.54,0.3,0.33,0.36,0.01%
,,"1,521",Stack Em,Hacksaw Gaming,Slot,"September, 2023",10,$1.97,$1.91,0.25,0.2,0.33,0.36,0.01%
,,"1,522",Treasure Box Kingdom,Igt,Slot,"September, 2022",16,$1.63,$1.19,0.29,0.2,0.33,0.36,0.01%
,,"1,523",Tropicool 3,Light & Wonder,Slot,"June, 2025",11,$3.23,$3.26,0.24,0.2,0.33,0.36,0.00%
,,"1,524",Dynamite Riches Megaways,Evolution,Slot,"July, 2023",16,$0.98,$0.79,0.77,0.2,0.33,0.36,0.01%
,,"1,525",Fortune Mint Fu Xing Gao Zhao,Konami,Slot,"November, 2024",19,$1.90,$1.88,0.25,0.2,0.33,0.36,0.01%
,,"1,526",Slingo China Shores,Gaming Realms,Slot,"January, 2024",26,$12.34,$7.60,0.13,0.2,0.33,0.36,0.01%
,,"1,527",Chicago Gold,Games Global,Slot,"October, 2022",15,$2.02,$1.63,0.22,0.2,0.33,0.36,0.01%
,,"1,528",Eggs Bonanza,Games Global,Slot,"March, 2024",9,$2.84,$1.00,0.44,0.3,0.33,0.36,0.00%
,,"1,529",Iron King,Relax Gaming,Slot,"February, 2024",3,$1.33,$1.56,0.61,0.3,0.32,0.36,0.00%
,,"1,530",Millionaire Mile Hold & Win,Igt,Slot,"July, 2025",6,$3.17,$1.97,0.16,0.2,0.32,0.35,0.00%
,,"1,531",Chinese Treasures,Evolution,Slot,"December, 2024",26,$1.41,$0.89,0.28,0.2,0.32,0.35,0.01%
,,"1,532",Tyrants Fall,Slotmill,Slot,"July, 2024",6,$1.77,$1.06,2.05,0.3,0.32,0.35,0.00%
,,"1,533",Geisha,Aristocrat,Slot,"October, 2023",7,$1.15,$0.91,0.47,0.3,0.32,0.35,0.00%
,,"1,534",Moon Spell,Evolution,Slot,"June, 2025",24,$1.47,$1.01,0.37,0.2,0.32,0.35,0.01%
,,"1,535",Mines,Games Global,Lottery,"May, 2025",16,$2.49,$1.86,0.25,0.3,0.32,0.23,0.01%
,,"1,536","Jackpot Jester 200,000",Light & Wonder,Slot,"March, 2021",11,$1.88,$1.16,0.32,0.3,0.32,0.35,0.01%
,,"1,537",Slingo Showdown,Gaming Realms,Slot,"March, 2021",24,$14.94,$10.51,0.13,0.3,0.32,0.35,0.01%
,,"1,538",Prairie Thunder,Bragg Gaming Group,Bingo/Keno,"March, 2021",8,$0.24,$0.21,2.29,0.3,0.32,0.30,0.00%
,,"1,539",Monsters Vs Diamonds,Reel Play,Slot,"December, 2024",15,$5.36,$1.48,0.10,0.1,0.32,0.35,0.00%
,,"1,540",Wheel Of Fortune Megaways,Igt,Slot,"March, 2021",26,$0.93,$0.95,0.85,0.4,0.32,0.35,0.02%
,,"1,541",Mighty Cash Long Teng Hu Xiao Tiger Roars,Aristocrat,Slot,"July, 2024",9,$1.51,$1.49,0.30,0.2,0.32,0.35,0.00%
,,"1,542",Dragons Domain,Hacksaw Gaming,Slot,"June, 2025",12,$1.57,$1.51,0.37,0.2,0.32,0.35,0.01%
,,"1,543",The Lost Boys,White Hat Studios,Slot,"October, 2024",27,$1.17,$0.85,0.80,0.3,0.32,0.35,0.01%
,,"1,544",Sizzling Moon,Wazdan,Slot,"June, 2023",10,$2.12,$1.92,0.61,0.3,0.32,0.35,0.00%
,,"1,545",Big Size Fishin,Red Rake Gaming,Slot,"December, 2024",14,$1.03,$0.93,0.56,0.3,0.32,0.35,0.01%
,,"1,546",Electric Rocks,Inspired,Slot,"November, 2024",21,$1.51,$1.09,0.30,0.2,0.32,0.35,0.01%
,,"1,547",Jade Wins Deluxe,Ags,Slot,"March, 2023",28,$1.88,$1.78,0.25,0.2,0.32,0.35,0.01%
,,"1,548",Monopoly On The Money,Light & Wonder,Slot,"June, 2021",2,$5.20,$5.20,0.19,0.2,0.32,0.35,0.00%
,,"1,549",Piggy Bandits,Inspired,Slot,"September, 2024",22,$2.16,$1.53,0.25,0.2,0.32,0.35,0.02%
,,"1,550",Mistress Of Egypt,Igt,Slot,"March, 2021",26,$1.87,$1.58,0.33,0.3,0.32,0.35,0.01%
,,"1,551",Bison Moon Ultra Link And Win,Games Global,Slot,"May, 2025",23,$1.40,$1.17,0.47,0.2,0.32,0.35,0.02%
,,"1,552",Full Moon Wild Track,Playtech,Slot,"June, 2023",7,$0.64,$0.62,2.13,0.3,0.32,0.35,0.00%
,,"1,553",Scruffy Duck,Evolution,Slot,"March, 2021",21,$2.26,$1.40,0.59,0.4,0.32,0.35,0.01%
,,"1,554",Gold Fish Feeding Time Deluxe Treasure,Inspired,Slot,"February, 2024",20,$1.42,$1.16,0.44,0.2,0.32,0.35,0.01%
,,"1,555",Slayers Inc,Hacksaw Gaming,Slot,"December, 2024",16,$1.27,$1.17,0.41,0.2,0.32,0.35,0.01%
,,"1,556",Dangerous Beauty Power Bet,High 5 Games,Slot,"July, 2023",21,$2.26,$1.84,0.30,0.3,0.32,0.35,0.01%
,,"1,557",Flippin Lucky LuckyTap ™,Design Works Gaming,Instant Win,"February, 2025",17,$2.03,$1.70,0.27,0.2,0.31,0.59,0.01%
,,"1,558",What The Fox Megaways,Evolution,Slot,"February, 2022",29,$0.91,$0.72,0.83,0.2,0.31,0.34,0.01%
,,"1,559",Ghosts And Gold,Igt,Slot,"October, 2025",12,$1.16,$1.21,0.46,0.2,0.31,0.34,0.00%
,,"1,560",7s Of Luck,Inspired,Slot,"March, 2024",19,$0.92,$0.91,0.38,0.2,0.31,0.34,0.01%
,,"1,561",Zillard King,Evolution,Slot,"September, 2022",27,$2.47,$0.71,0.43,0.2,0.31,0.34,0.01%
,,"1,562",243 Coins Of Fortune,Spinberry,Slot,"June, 2025",8,$1.42,$1.51,0.45,0.2,0.31,0.34,0.00%
,,"1,563",Xtension Cash Snow Kingdom,Ainsworth,Slot,"January, 2025",7,$3.31,$3.20,0.12,0.2,0.31,0.34,0.00%
,,"1,564",Roulette,Inspired,Table Game,"March, 2021",6,$24.15,$17.65,0.09,0.4,0.31,0.12,0.00%
,,"1,565",Lightning Viking,Inspired,Slot,"March, 2023",10,$3.46,$1.21,0.11,0.3,0.31,0.34,0.01%
,,"1,566",Return Of Ahmun Ra,Design Works Gaming,Slot,"September, 2025",22,$1.27,$1.20,0.51,0.2,0.31,0.34,0.01%
,,"1,567",Jawbreaker,Igt,Slot,"October, 2024",25,$4.55,$2.98,0.18,0.2,0.31,0.34,0.01%
,,"1,568",3 Fortune Wishes,Greentube,Slot,"June, 2025",16,$1.29,$1.16,0.49,0.3,0.31,0.34,0.01%
,,"1,569",Medusa Hq,Light & Wonder,Slot,"March, 2021",5,$1.41,$1.06,0.69,0.3,0.31,0.34,0.00%
,,"1,570",Lucky Circus,Oddsworks,Slot,"September, 2025",4,$1.73,$1.80,0.38,0.3,0.31,0.34,0.00%
,,"1,571",16 Coins Grand Platinum Edition,Wazdan,Slot,"July, 2025",9,$3.25,$1.50,0.35,0.3,0.31,0.34,0.00%
,,"1,572",Chili Chomp Ultraup,Light & Wonder,Slot,"January, 2025",30,$1.49,$1.33,0.45,0.3,0.31,0.34,0.01%
,,"1,573",Centurion Big Money,Inspired,Slot,"September, 2024",18,$2.31,$1.50,0.27,0.2,0.31,0.34,0.01%
,,"1,574",Patriot,Everi,Slot,"May, 2023",21,$3.76,$4.06,0.09,0.3,0.31,0.34,0.02%
,,"1,575",Wild Wild Gems,Everi,Slot,"March, 2021",24,$3.50,$2.71,0.16,0.2,0.31,0.34,0.01%
,,"1,576",Triple American Blitz,Aristocrat,Slot,"June, 2025",13,$1.03,$0.93,0.53,0.2,0.31,0.34,0.01%
,,"1,577",Ultimate Auto Roulette,Evolution,Table Game,"October, 2025",2,$15.52,$15.52,0.13,0.4,0.31,0.12,0.00%
,,"1,578",Cash Pandas,Slotmill,Slot,"September, 2025",2,$1.69,$1.69,0.46,0.3,0.31,0.34,0.00%
,,"1,579",Dark King Forbidden Riches,Evolution,Slot,"March, 2021",28,$1.27,$1.13,0.51,0.3,0.31,0.34,0.01%
,,"1,580",Reel Rush,Evolution,Slot,"March, 2021",12,$4.47,$1.77,0.23,0.3,0.31,0.34,0.00%
,,"1,581",Pai Gow 5 3 Poker,Oddsworks,Video Poker,"May, 2025",7,$7.84,$4.90,0.22,0.6,0.31,0.22,0.00%
,,"1,582",Stuffed Coins Toad,Konami,Slot,"September, 2025",24,$2.09,$1.96,0.23,0.2,0.31,0.34,0.01%
,,"1,583",Goddess Of The Nile,Everi,Slot,"November, 2022",24,$3.07,$1.24,0.05,0.2,0.31,0.34,0.00%
,,"1,584",Texas Holdem Plus,Light & Wonder,Table Game,"March, 2021",12,$13.50,$11.17,0.09,0.4,0.31,0.12,0.01%
,,"1,585",Gods Of Troy,Evolution,Slot,"May, 2023",13,$1.19,$1.06,0.46,0.2,0.31,0.34,0.00%
,,"1,586",Coin Combo Perfect Peacock,Light & Wonder,Slot,"August, 2023",26,$1.63,$1.40,0.43,0.2,0.31,0.34,0.01%
,,"1,587",Super Pinata LuckyTap ™,Design Works Gaming,Instant Win,"October, 2023",14,$1.56,$1.23,0.30,0.3,0.31,0.58,0.01%
,,"1,588",Katmandu X,Light & Wonder,Slot,"July, 2024",10,$1.65,$1.74,0.45,0.2,0.31,0.34,0.00%
,,"1,589",333 Jolly Fat Frogs Power Combo,Games Global,Slot,"June, 2025",18,$1.13,$1.00,0.45,0.2,0.31,0.34,0.01%
,,"1,590",Zeus,Light & Wonder,Slot,"April, 2021",16,$1.19,$0.96,0.73,0.3,0.31,0.34,0.01%
,,"1,591",10001 Nights Limited,Evolution,Slot,"October, 2023",7,$0.91,$1.05,0.99,0.3,0.31,0.34,0.00%
,,"1,592",Celestial King,Light & Wonder,Slot,"March, 2021",7,$3.01,$2.11,0.36,0.3,0.31,0.34,0.00%
,,"1,593",Double Play Superbet,Light & Wonder,Slot,"March, 2021",4,$4.09,$1.75,0.12,0.3,0.31,0.34,0.00%
,,"1,594",Electric Jungle,Bragg Gaming Group,Slot,"November, 2023",19,$2.11,$1.57,0.36,0.2,0.31,0.34,0.01%
,,"1,595",Boxes,Hacksaw Gaming,Crash,"January, 2024",8,$5.14,$3.57,0.12,0.2,0.30,0.19,0.00%
,,"1,596",Santa Pays LuckyTap ™,Design Works Gaming,Instant Win,"November, 2023",16,$1.90,$1.10,0.20,0.3,0.30,0.57,0.01%
,,"1,597",A Visit From St Nick Power Bet,High 5 Games,Slot,"December, 2024",9,$1.90,$1.81,0.24,0.3,0.30,0.33,0.00%
,,"1,598",Pearls Pearls Pearls,Playtech,Slot,"February, 2024",4,$1.13,$1.02,0.50,0.2,0.30,0.33,0.00%
,,"1,599",Gold Mine Fortune,Inspired,Slot,"July, 2025",25,$1.43,$1.14,0.52,0.2,0.30,0.33,0.01%
,,"1,600",Pixies Of The Forest 2,Igt,Slot,"March, 2021",19,$1.49,$1.39,0.57,0.4,0.30,0.33,0.01%
,,"1,601",Rick And Morty Megaways,White Hat Studios,Slot,"November, 2023",26,$1.49,$1.16,0.56,0.4,0.30,0.33,0.01%
,,"1,602",Stellar Jackpots Serengeti Lions,Light & Wonder,Slot,"March, 2021",11,$2.78,$1.75,0.18,0.4,0.30,0.33,0.00%
,,"1,603",Cash Falls Add Em Up Gold,Light & Wonder,Slot,"May, 2025",16,$1.15,$1.03,0.55,0.2,0.30,0.33,0.01%
,,"1,604",Bounty Raid Limited,Evolution,Slot,"March, 2024",2,$1.83,$1.83,0.26,0.2,0.30,0.33,0.00%
,,"1,605",Christmas Catch,Evolution,Slot,"November, 2024",23,$5.76,$2.44,0.20,0.3,0.30,0.33,0.01%
,,"1,606",Hula Hula Nights,Light & Wonder,Slot,"March, 2021",8,$2.78,$1.25,0.59,0.5,0.30,0.33,0.00%
,,"1,607",Santas Workshop Mines,Igt,Lottery,"November, 2025",21,$4.09,$3.34,0.12,0.2,0.30,0.21,0.01%
,,"1,608",Gold Fish Feeding Time,Light & Wonder,Slot,"July, 2022",18,$1.15,$1.08,0.39,0.2,0.30,0.33,0.00%
,,"1,609",Dragon Unleashed Prosperity Packets,Light & Wonder,Slot,"September, 2024",29,$1.68,$1.54,0.26,0.2,0.30,0.33,0.01%
,,"1,610",J Mania Maniac,Ruby Play,Slot,"October, 2025",5,$2.00,$1.77,0.48,0.3,0.30,0.33,0.00%
,,"1,611",Scarab,Igt,Slot,"March, 2021",16,$1.87,$1.57,0.32,0.2,0.30,0.33,0.01%
,,"1,612",Tiki Totems Megaways,Aristocrat,Slot,"July, 2024",6,$1.40,$1.45,0.40,0.3,0.30,0.33,0.00%
,,"1,613",100x Ra,Light & Wonder,Slot,"February, 2022",24,$1.57,$1.38,0.53,0.3,0.30,0.33,0.01%
,,"1,614",Infinite Blackjack En Espanol,Evolution,Live Casino,"September, 2024",4,$26.59,$29.65,0.22,1.4,0.30,0.08,0.00%
,,"1,615",Fishing Floats Connectify Pays,Games Global,Slot,"December, 2024",13,$0.99,$0.94,0.54,0.2,0.30,0.33,0.01%
,,"1,616",Lightning Zap,Everi,Instant Win,"April, 2023",28,$1.13,$1.00,0.42,0.2,0.30,0.55,0.01%
,,"1,617",Diamond Cash Oasis Riches,Greentube,Slot,"September, 2021",12,$2.57,$1.66,0.15,0.3,0.30,0.32,0.00%
,,"1,618",Slingo Stampede,Gaming Realms,Slot,"August, 2022",11,$8.20,$6.37,0.18,0.3,0.30,0.32,0.00%
,,"1,619",Burning Suns,Wazdan,Slot,"November, 2022",24,$1.21,$1.14,0.72,0.3,0.30,0.32,0.01%
,,"1,620",American Outlaw 10k Ways,Reel Play,Slot,"May, 2025",25,$0.99,$0.93,0.51,0.2,0.29,0.32,0.01%
,,"1,621",Golden Tour,Playtech,Slot,"June, 2022",6,$2.80,$1.02,0.42,0.8,0.29,0.32,0.00%
,,"1,622",Lock It Link Diamonds,Light & Wonder,Slot,"December, 2022",27,$2.73,$2.41,0.22,0.3,0.29,0.32,0.01%
,,"1,623",Legacy Of Dead,Play N Go,Slot,"December, 2022",20,$2.39,$1.15,0.20,0.3,0.29,0.32,0.00%
,,"1,624",Stellar Jackpots With Chili Gold X2,Light & Wonder,Slot,"August, 2021",5,$5.18,$1.58,0.20,0.3,0.29,0.32,0.00%
,,"1,625",Millionaire,Evolution,Slot,"October, 2024",19,$3.06,$1.71,0.22,0.2,0.29,0.32,0.01%
,,"1,626",Hundred Or Grand,Everi,Slot,"March, 2021",28,$3.04,$1.86,0.27,0.2,0.29,0.32,0.01%
,,"1,627",Xmacabra Linx,Playtech,Slot,"August, 2024",11,$1.26,$1.08,0.77,0.2,0.29,0.32,0.00%
,,"1,628",Napoleon 2 Fat Stacks,White Hat Studios,Slot,"October, 2024",24,$1.00,$0.97,0.41,0.2,0.29,0.32,0.01%
,,"1,629",Bison Moon,Games Global,Slot,"March, 2023",21,$1.22,$1.05,0.40,0.2,0.29,0.32,0.01%
,,"1,630",Gold Bust LuckyTap ™,Design Works Gaming,Instant Win,"February, 2025",18,$1.68,$1.03,0.26,0.2,0.29,0.54,0.01%
,,"1,631",When Pigs Fly 2,High 5 Games,Slot,"March, 2025",23,$1.91,$1.14,0.15,0.3,0.29,0.32,0.00%
,,"1,632",Lightning Gold,White Hat Studios,Slot,"September, 2024",31,$0.99,$0.81,0.47,0.2,0.29,0.32,0.01%
,,"1,633",Brunos Vegas Gold Blitz,Games Global,Slot,"July, 2024",19,$1.67,$1.21,0.31,0.2,0.29,0.32,0.01%
,,"1,634",Sugar Monster,Evolution,Slot,"August, 2025",19,$1.00,$0.88,0.50,0.2,0.29,0.32,0.01%
,,"1,635",Mining Loaded Pots,Games Global,Slot,"March, 2024",17,$0.94,$0.89,0.50,0.2,0.29,0.32,0.01%
,,"1,636",Jinns Moon Fireblaze,Playtech,Slot,"June, 2023",19,$1.28,$1.28,0.64,0.3,0.29,0.32,0.01%
,,"1,637",Cleopatra Hyper Hits,Igt,Slot,"August, 2024",30,$1.29,$1.16,0.41,0.2,0.29,0.32,0.01%
,,"1,638",Slingo Fluffy Favourites,Gaming Realms,Slot,"March, 2021",20,$11.98,$6.31,0.09,0.3,0.29,0.32,0.01%
,,"1,639",Majestic Cats Deluxe Ways,High 5 Games,Slot,"September, 2024",23,$2.77,$1.85,0.27,0.3,0.29,0.32,0.01%
,,"1,640",Angels Vs Devils Ultranudge,Bang Bang Games,Slot,"November, 2024",13,$1.49,$1.23,0.31,0.2,0.29,0.32,0.01%
,,"1,641",Fortune Temple,Aristocrat,Slot,"August, 2024",3,$1.90,$2.03,0.42,0.3,0.29,0.32,0.00%
,,"1,642",9 Loaded Pots,Games Global,Slot,"August, 2021",20,$1.57,$1.07,0.38,0.2,0.29,0.32,0.01%
,,"1,643",Perfect Prize Pooch,Inspired,Slot,"October, 2024",23,$1.23,$0.91,0.54,0.2,0.29,0.32,0.01%
,,"1,644",Wealthy Pig LuckyTap ™,Design Works Gaming,Instant Win,"December, 2021",16,$0.93,$0.91,0.57,0.2,0.29,0.54,0.01%
,,"1,645",Wealth Of Wonderland Megaways,Igt,Slot,"November, 2023",13,$1.70,$1.19,0.32,0.3,0.29,0.32,0.00%
,,"1,646",Top Card,Evolution,Live Casino,"April, 2021",8,$8.04,$5.01,0.09,0.3,0.29,0.08,0.00%
,,"1,647",Dragons Aura LuckyTap ™,Design Works Gaming,Instant Win,"March, 2025",20,$1.47,$1.28,0.28,0.2,0.29,0.54,0.01%
,,"1,648",Temple Of Wealth,Play N Go,Slot,"December, 2023",6,$1.22,$1.30,0.35,0.2,0.29,0.31,0.00%
,,"1,649",9 Coins 1000 Edition,Wazdan,Slot,"June, 2023",21,$1.19,$1.08,0.59,0.3,0.29,0.31,0.01%
,,"1,650",Magic Fruits 4 Deluxe,Wazdan,Slot,"February, 2024",5,$3.04,$4.39,0.12,0.3,0.29,0.31,0.00%
,,"1,651",Lotus Land Quick Strike,Konami,Slot,"August, 2021",23,$1.11,$1.02,0.65,0.3,0.29,0.31,0.01%
,,"1,652",Diamonds Up,Evolution,Slot,"June, 2025",28,$6.81,$0.79,0.21,0.2,0.29,0.31,0.01%
,,"1,653",Queen Of The Nile,Aristocrat,Slot,"March, 2024",9,$1.22,$1.11,0.18,0.2,0.29,0.31,0.00%
,,"1,654",Cluster Tumble,Relax Gaming,Slot,"October, 2024",8,$1.37,$0.93,0.80,0.3,0.29,0.31,0.00%
,,"1,655",Dragon Treasure Pearls,Konami,Slot,"October, 2022",21,$1.48,$1.50,0.40,0.3,0.29,0.31,0.01%
,,"1,656",Casino Stud,Light & Wonder,Table Game,"March, 2021",6,$18.86,$17.21,0.04,0.5,0.29,0.11,0.00%
,,"1,657",Frog Blox,Light & Wonder,Slot,"February, 2025",9,$2.39,$2.78,0.20,0.2,0.29,0.31,0.00%
,,"1,658",Slingo Big Wheel,Gaming Realms,Slot,"October, 2021",23,$9.24,$5.85,0.13,0.3,0.29,0.31,0.01%
,,"1,659",Smash The Pig,Igt,Slot,"March, 2021",27,$1.00,$1.03,0.41,0.2,0.28,0.31,0.01%
,,"1,660",Lost Relics,Evolution,Slot,"March, 2021",17,$1.55,$1.06,0.25,0.3,0.28,0.31,0.00%
,,"1,661",Rocky,Playtech,Slot,"November, 2024",13,$1.47,$1.17,0.45,0.2,0.28,0.31,0.00%
,,"1,662",Amazon Kingdom,Games Global,Slot,"November, 2022",8,$2.70,$2.13,0.14,0.2,0.28,0.31,0.00%
,,"1,663",Hot Spot 777,Everi,Slot,"March, 2021",30,$3.47,$1.69,0.20,0.2,0.28,0.31,0.02%
,,"1,664",Monstars,Design Works Gaming,Slot,"September, 2024",18,$1.01,$0.89,0.27,0.2,0.28,0.31,0.00%
,,"1,665",Diamond Blitz,Evolution,Slot,"March, 2023",20,$1.65,$1.23,0.21,0.2,0.28,0.31,0.01%
,,"1,666",Wild Hot Chilli Reels 2,Evolution,Slot,"July, 2025",16,$0.96,$0.91,0.49,0.2,0.28,0.31,0.01%
,,"1,667",Wild Calacas,Aristocrat,Slot,"October, 2025",13,$1.42,$1.35,0.44,0.2,0.28,0.31,0.01%
,,"1,668",Triple Spitfire 7s,Bragg Gaming Group,Slot,"June, 2025",15,$0.85,$0.80,0.65,0.2,0.28,0.31,0.01%
,,"1,669",Dragons Blessings Prosperity,High 5 Games,Slot,"August, 2023",23,$1.59,$1.32,0.42,0.3,0.28,0.31,0.01%
,,"1,670",Take Off,Igt,Crash,"April, 2025",26,$8.07,$6.44,0.06,0.2,0.28,0.18,0.01%
,,"1,671",Majestic Sea,High 5 Games,Slot,"March, 2021",3,$2.61,$2.37,0.40,0.4,0.28,0.31,0.00%
,,"1,672",Cai Shens Pots Of Wealth Megaways,Igt,Slot,"December, 2023",19,$1.33,$1.25,0.65,0.3,0.28,0.31,0.01%
,,"1,673",Oceans Treasure,Evolution,Slot,"March, 2021",9,$1.29,$1.37,0.39,0.3,0.28,0.31,0.00%
,,"1,674",Combo Cash Secret Treasures,Everi,Slot,"June, 2025",30,$1.60,$1.54,0.24,0.2,0.28,0.31,0.00%
,,"1,675",Castle Of Terror 2,Evolution,Slot,"October, 2025",25,$2.15,$1.68,0.36,0.2,0.28,0.31,0.01%
,,"1,676",Diamond Link Mighty Stampede,Greentube,Slot,"January, 2025",11,$6.20,$2.34,0.07,0.2,0.28,0.31,0.01%
,,"1,677",Midas Wins,Red Rake Gaming,Slot,"July, 2025",7,$1.21,$1.26,0.51,0.2,0.28,0.31,0.00%
,,"1,678",Medusa Queen Of Stone,Igt,Slot,"November, 2023",22,$2.06,$1.44,0.18,0.2,0.28,0.30,0.00%
,,"1,679",Heidis Bier Haus,Light & Wonder,Slot,"March, 2021",7,$2.53,$2.34,0.24,0.3,0.28,0.30,0.00%
,,"1,680",Story Of Medusa 2,Spinomenal,Slot,"July, 2025",2,$1.84,$1.84,0.29,0.2,0.28,0.30,0.00%
,,"1,681",Elephant King,Igt,Slot,"March, 2021",27,$2.03,$1.45,0.28,0.2,0.28,0.30,0.01%
,,"1,682",Skadis Hunt,Igt,Slot,"May, 2022",10,$0.87,$0.55,2.76,0.2,0.28,0.30,0.00%
,,"1,683",Flowers,Evolution,Slot,"May, 2021",5,$1.60,$1.13,0.51,0.3,0.28,0.30,0.00%
,,"1,684",Wild Mining Xxxtreme,Evolution,Slot,"April, 2025",25,$5.14,$2.66,0.08,0.2,0.28,0.30,0.01%
,,"1,685",Jackrabbit Jackpots,Evolution,Slot,"July, 2025",28,$1.16,$1.11,0.43,0.2,0.28,0.30,0.01%
,,"1,686",East Coast Vs West Coast,Evolution,Slot,"June, 2024",17,$5.62,$1.58,0.14,0.2,0.28,0.30,0.01%
,,"1,687",Divine Drop,Hacksaw Gaming,Slot,"November, 2024",16,$2.11,$1.68,0.23,0.2,0.28,0.30,0.01%
,,"1,688",Thunder Drums Leaping Lions,Light & Wonder,Slot,"March, 2025",28,$1.85,$1.54,0.26,0.2,0.28,0.30,0.01%
,,"1,689",Santa Pays,Design Works Gaming,Slot,"November, 2022",15,$1.65,$1.22,0.31,0.2,0.28,0.30,0.01%
,,"1,690",Cannonball Wolf,Aruze,Slot,"July, 2021",6,$1.45,$1.13,0.65,0.3,0.28,0.30,0.00%
,,"1,691",Foxin Wins Hq,Light & Wonder,Slot,"March, 2021",3,$0.72,$0.77,0.84,0.3,0.27,0.30,0.00%
,,"1,692",Rawhide,Konami,Slot,"March, 2021",15,$1.42,$0.96,0.34,0.2,0.27,0.30,0.00%
,,"1,693",Play With The Devil,Evolution,Slot,"October, 2024",30,$0.95,$0.76,0.51,0.2,0.27,0.30,0.01%
,,"1,694",Man Vs Gator,Light & Wonder,Slot,"March, 2025",10,$3.57,$2.04,0.15,0.2,0.27,0.30,0.00%
,,"1,695",Shamrock,Everi,Slot,"February, 2023",21,$3.82,$3.99,0.11,0.2,0.27,0.30,0.01%
,,"1,696",Mega Money Catch,Incredible Technologies,Slot,"June, 2025",7,$1.61,$1.38,0.38,0.2,0.27,0.30,0.00%
,,"1,697",Gold Gold Gold Miners Way,Gamecode,Slot,"December, 2023",18,$1.45,$1.13,0.40,0.3,0.27,0.30,0.01%
,,"1,698",Arena Of Gold Shields Of Glory Power Combo,Games Global,Slot,"June, 2025",22,$1.55,$1.54,0.33,0.2,0.27,0.30,0.01%
,,"1,699",Thriller Gorilla,White Hat Studios,Slot,"June, 2022",11,$1.76,$1.66,0.28,0.2,0.27,0.30,0.00%
,,"1,700",Twofold The Gold,Games Global,Slot,"February, 2025",9,$1.53,$1.20,0.57,0.2,0.27,0.30,0.00%
,,"1,701",Plenty O Fish Jackpot Royale,White Hat Studios,Slot,"February, 2025",26,$1.84,$1.34,0.33,0.2,0.27,0.30,0.01%
,,"1,702",Genie Wishmaker Even More Wishes,White Hat Studios,Slot,"January, 2025",31,$1.27,$0.96,0.42,0.2,0.27,0.30,0.01%
,,"1,703",Piggy Riches,Evolution,Slot,"March, 2021",22,$1.25,$1.17,0.58,0.3,0.27,0.30,0.00%
,,"1,704",Wild Frames,Play N Go,Slot,"July, 2023",3,$1.02,$1.31,0.46,0.2,0.27,0.30,0.00%
,,"1,705",7s Wild,Igt,Slot,"September, 2021",24,$1.20,$1.03,0.36,0.2,0.27,0.30,0.01%
,,"1,706",Xtension Cash Stars Up,Ainsworth,Slot,"January, 2025",8,$2.62,$2.52,0.18,0.2,0.27,0.30,0.00%
,,"1,707",4 Fantastic Lobsters,4theplayer,Slot,"January, 2024",22,$1.66,$1.45,0.24,0.2,0.27,0.30,0.01%
,,"1,708",Wildfire Wins,Games Global,Slot,"September, 2022",18,$1.62,$1.36,0.29,0.2,0.27,0.29,0.01%
,,"1,709",Slingo Space Invaders,Gaming Realms,Slot,"November, 2023",28,$6.34,$5.12,0.21,0.2,0.27,0.29,0.01%
,,"1,710",Montezuma Megaways,Light & Wonder,Slot,"June, 2021",3,$6.87,$9.07,0.12,0.3,0.27,0.29,0.00%
,,"1,711",Beef Up The Bonus,Games Global,Slot,"October, 2024",16,$2.05,$1.54,0.22,0.2,0.27,0.29,0.01%
,,"1,712",Fashion Tv Bank Collect Em,Playtech,Slot,"January, 2025",12,$1.38,$1.41,0.27,0.2,0.27,0.29,0.01%
,,"1,713",Stellar Jackpots Dolphin Gold,Light & Wonder,Slot,"April, 2021",9,$2.05,$1.83,0.44,0.3,0.27,0.29,0.00%
,,"1,714",Diamond Mystery 81 Boosting Jokers,Greentube,Slot,"August, 2025",11,$1.97,$1.74,0.30,0.2,0.27,0.29,0.01%
,,"1,715",Bonus Bolts High Voltage LuckyTap ™,Design Works Gaming,Instant Win,"November, 2022",19,$2.22,$1.55,0.26,0.2,0.27,0.50,0.01%
,,"1,716",Hog Roast 7s Double Wheel Deluxe,White Hat Studios,Slot,"February, 2025",26,$1.25,$1.26,0.34,0.2,0.27,0.29,0.02%
,,"1,717",Jinfu Xingyun,Playtech,Slot,"December, 2024",20,$1.73,$1.53,0.29,0.2,0.27,0.29,0.00%
,,"1,718",Wicked Wheel Moby Dick,Everi,Slot,"February, 2025",20,$1.76,$1.75,0.24,0.2,0.27,0.29,0.01%
,,"1,719",Smoking Hot 7s,Greentube,Slot,"April, 2023",10,$2.45,$1.37,0.10,0.2,0.27,0.29,0.01%
,,"1,720",Jelly Reels,Wazdan,Slot,"June, 2023",6,$1.80,$1.23,0.17,0.3,0.27,0.29,0.00%
,,"1,721",Thunder Cash Candelas Senor Muerte,Greentube,Slot,"February, 2024",2,$1.91,$1.91,0.45,0.3,0.27,0.29,0.00%
,,"1,722",Dragons Mirror,Evolution,Slot,"June, 2024",29,$1.52,$0.77,0.28,0.2,0.27,0.29,0.01%
,,"1,723",Mega Money Catch Extended Jackpots Mystery,Incredible Technologies,Slot,"May, 2025",11,$1.52,$1.42,0.24,0.2,0.27,0.29,0.01%
,,"1,724",Direct Hit Featuring Money Zone,Light & Wonder,Slot,"June, 2022",15,$2.37,$1.35,0.08,0.2,0.27,0.29,0.00%
,,"1,725",Fairy Dust,Bragg Gaming Group,Slot,"January, 2023",12,$1.99,$1.39,0.15,0.2,0.26,0.29,0.00%
,,"1,726",Fish Em Up,Games Global,Slot,"May, 2024",19,$1.89,$1.49,0.24,0.2,0.26,0.29,0.01%
,,"1,727",Spartacus Megaways,Light & Wonder,Slot,"March, 2021",14,$0.96,$0.81,0.87,0.3,0.26,0.29,0.00%
,,"1,728",Cool Jewels,Light & Wonder,Slot,"March, 2021",9,$1.25,$1.34,0.34,0.3,0.26,0.29,0.00%
,,"1,729",Giga Match Bunny,Ruby Play,Slot,"April, 2025",2,$2.28,$2.28,0.37,0.3,0.26,0.29,0.00%
,,"1,730",Prize Miner Gold Megaways,White Hat Studios,Slot,"January, 2025",7,$1.60,$0.97,0.28,0.2,0.26,0.29,0.00%
,,"1,731",Carnival In Rio,Everi,Slot,"July, 2022",25,$2.61,$1.89,0.23,0.2,0.26,0.29,0.01%
,,"1,732",Lady Merlin Lightning Chase,Boomerang Studios,Slot,"September, 2024",19,$1.57,$1.32,0.35,0.2,0.26,0.29,0.00%
,,"1,733",Sports Blackjack,Playtech,Live Casino,"June, 2024",2,$25.42,$25.42,0.59,2.4,0.26,0.07,0.00%
,,"1,734",Bloodlore Wolf Pack,Light & Wonder,Slot,"March, 2021",6,$1.60,$1.07,0.21,0.3,0.26,0.29,0.00%
,,"1,735",Ultra Violet,Everi,Slot,"March, 2021",25,$3.22,$1.77,0.13,0.2,0.26,0.29,0.01%
,,"1,736",Solar Disc,Igt,Slot,"March, 2021",30,$1.91,$1.37,0.25,0.2,0.26,0.29,0.01%
,,"1,737",Ancient Disco,Evolution,Slot,"June, 2024",25,$0.98,$0.72,0.23,0.2,0.26,0.29,0.01%
,,"1,738",Sinful 7s,White Hat Studios,Slot,"October, 2023",3,$1.20,$1.15,0.42,0.3,0.26,0.29,0.00%
,,"1,739",Better Wilds,Playtech,Slot,"July, 2023",19,$0.79,$0.45,0.66,0.3,0.26,0.29,0.00%
,,"1,740",Pyramid Linx,Playtech,Slot,"January, 2024",13,$1.05,$0.56,0.27,0.2,0.26,0.29,0.00%
,,"1,741",Donut Divison,Hacksaw Gaming,Slot,"March, 2025",11,$2.51,$1.44,0.36,0.2,0.26,0.28,0.00%
,,"1,742",Octo Attack,Hacksaw Gaming,Slot,"March, 2025",3,$2.33,$1.72,0.22,0.2,0.26,0.28,0.00%
,,"1,743",Extra Cash,Light & Wonder,Slot,"March, 2021",3,$1.98,$0.76,0.20,0.2,0.26,0.28,0.00%
,,"1,744",Maximus Soldier Of Rome Megaways,Inspired,Slot,"March, 2021",9,$1.55,$1.57,0.48,0.3,0.26,0.28,0.00%
,,"1,745",Wild Wild Samurai,Aristocrat,Slot,"October, 2022",8,$1.43,$1.27,0.31,0.2,0.26,0.28,0.00%
,,"1,746",Blazin Hot 7s Big Bonus,Light & Wonder,Slot,"October, 2022",24,$1.12,$0.97,0.41,0.2,0.26,0.28,0.01%
,,"1,747",Funk Master,Evolution,Slot,"September, 2022",8,$7.79,$2.75,0.10,0.3,0.26,0.28,0.00%
,,"1,748",Crazy Fishin The Big Catch,White Hat Studios,Slot,"January, 2023",6,$1.67,$1.54,0.26,0.2,0.26,0.28,0.00%
,,"1,749",Triple Ghouls,High 5 Games,Slot,"October, 2024",18,$1.38,$1.23,0.28,0.2,0.26,0.28,0.01%
,,"1,750",Blackjack Side Bets,Ags,Table Game,"January, 2025",9,$26.46,$22.22,0.39,4.0,0.26,0.10,0.00%
,,"1,751",White Falls,High 5 Games,Slot,"March, 2021",6,$2.09,$1.58,0.15,0.3,0.26,0.28,0.01%
,,"1,752",3 Leprechaun Charms,1x2 Network,Slot,"March, 2025",5,$1.18,$1.05,0.36,0.2,0.26,0.28,0.00%
,,"1,753",Spirit Of The Beast,Relax Gaming,Slot,"September, 2025",2,$1.81,$1.81,0.40,0.2,0.26,0.28,0.00%
,,"1,754",Mad Hit Jokester,Ruby Play,Slot,"August, 2025",5,$1.21,$1.15,0.41,0.2,0.26,0.28,0.00%
,,"1,755",Live Dealer Dream Catcher,Evolution,Live Casino,"January, 2023",3,$10.48,$9.43,0.12,0.2,0.26,0.07,0.00%
,,"1,756",Betti The Yetti,High 5 Games,Slot,"April, 2021",17,$1.71,$1.50,0.30,0.3,0.26,0.28,0.01%
,,"1,757",Top Multiplier,Spinberry,Slot,"July, 2024",9,$1.38,$1.14,0.35,0.2,0.25,0.28,0.00%
,,"1,758",Bucks And Doe 10k Ways,Reel Play,Slot,"March, 2024",26,$1.73,$1.32,0.33,0.2,0.25,0.28,0.01%
,,"1,759",Berryburst,Evolution,Slot,"March, 2021",3,$0.96,$1.03,0.78,0.3,0.25,0.28,0.00%
,,"1,760",Mask Of Amun,Games Global,Slot,"July, 2022",18,$1.32,$0.90,0.42,0.2,0.25,0.28,0.01%
,,"1,761",Rainbow Cash Pots,Inspired,Slot,"March, 2021",14,$1.43,$1.17,0.44,0.3,0.25,0.28,0.00%
,,"1,762",Silver Lux Extra Dice,Greentube,Slot,"September, 2025",15,$1.24,$1.26,0.35,0.2,0.25,0.28,0.01%
,,"1,763",Slingo Bells,Gaming Realms,Slot,"December, 2021",24,$5.46,$3.88,0.22,0.2,0.25,0.28,0.01%
,,"1,764",Big Christmas Present,Inspired,Slot,"December, 2021",15,$1.47,$1.19,0.32,0.2,0.25,0.28,0.01%
,,"1,765",Basketball Star,Games Global,Slot,"August, 2021",7,$4.98,$3.43,0.15,0.3,0.25,0.28,0.00%
,,"1,766",Money Mayham,High 5 Games,Slot,"May, 2024",17,$1.96,$1.80,0.24,0.3,0.25,0.28,0.00%
,,"1,767",Rainbow Jackpots,Evolution,Slot,"March, 2022",28,$1.45,$1.06,0.41,0.2,0.25,0.28,0.01%
,,"1,768",Majestic Spirit,Spinomenal,Slot,"October, 2025",2,$1.77,$1.77,0.64,0.2,0.25,0.28,0.00%
,,"1,769",Super Times Pay Triple Play Video Poker,Igt,Video Poker,"November, 2025",20,$2.95,$2.34,0.53,0.5,0.25,0.18,0.01%
,,"1,770",A Hot Hot Blazing Christmas,Light & Wonder,Slot,"November, 2024",30,$1.87,$1.66,0.19,0.2,0.25,0.28,0.01%
,,"1,771",Dazzle Me Megaways,Evolution,Slot,"September, 2021",20,$0.87,$0.73,0.36,0.2,0.25,0.27,0.01%
,,"1,772",Chaos Crew,Hacksaw Gaming,Slot,"January, 2024",14,$2.52,$1.40,0.20,0.2,0.25,0.27,0.01%
,,"1,773",Olympus Strikes Ultratap,Ags,Instant Win,"March, 2025",28,$1.04,$0.66,0.48,0.2,0.25,0.47,0.01%
,,"1,774",10001 Nights Megaways,Evolution,Slot,"June, 2023",31,$0.98,$0.84,0.47,0.2,0.25,0.27,0.01%
,,"1,775",Smash Comet,Boom Entertainment,Instant Win,"March, 2024",12,$0.95,$0.63,0.78,0.2,0.25,0.47,0.00%
,,"1,776",Spooky Spells,Greentube,Slot,"October, 2022",14,$1.31,$1.20,0.38,0.2,0.25,0.27,0.01%
,,"1,777",Wheel Of Fortune Shimmering Sapphires,Igt,Slot,"March, 2025",29,$1.04,$0.97,0.41,0.2,0.25,0.27,0.01%
,,"1,778",Midnight Princess Trinity,Play N Go,Slot,"November, 2024",14,$1.45,$0.89,0.18,0.2,0.25,0.27,0.01%
,,"1,779",Sands Of Eternity 2,Slotmill,Slot,"January, 2025",6,$1.57,$1.59,0.35,0.2,0.25,0.27,0.01%
,,"1,780",Cai Fu Emperor Ways,Bragg Gaming Group,Slot,"December, 2023",19,$1.72,$1.33,0.29,0.2,0.25,0.27,0.01%
,,"1,781",Fortune Mint Fu Gui You Yu,Konami,Slot,"August, 2024",24,$1.97,$1.75,0.18,0.1,0.25,0.27,0.01%
,,"1,782",Twin Win,High 5 Games,Slot,"March, 2021",16,$1.30,$1.19,0.51,0.3,0.25,0.27,0.01%
,,"1,783",Slingo Lightning,Gaming Realms,Slot,"March, 2021",21,$12.00,$7.19,0.11,0.3,0.25,0.27,0.01%
,,"1,784",Butterfly Staxx 2,Evolution,Slot,"March, 2021",20,$3.44,$1.88,0.21,0.3,0.25,0.27,0.00%
,,"1,785",Burning Stars 3 Halloween,Wazdan,Slot,"September, 2025",9,$1.45,$1.22,0.72,0.3,0.25,0.27,0.00%
,,"1,786",Flamin 7s,Aristocrat,Slot,"October, 2022",7,$2.20,$2.25,0.57,0.3,0.25,0.27,0.00%
,,"1,787",Hyper Respins,Reel Play,Slot,"October, 2023",14,$1.72,$1.21,0.19,0.2,0.25,0.27,0.00%
,,"1,788",Irish Eyes,Light & Wonder,Slot,"March, 2021",6,$2.07,$2.24,0.26,0.2,0.25,0.27,0.00%
,,"1,789",12 Super Hot Diamonds,Aristocrat,Slot,"February, 2023",15,$1.39,$1.08,0.49,0.2,0.25,0.27,0.01%
,,"1,790",Wild Wild Chest,Evolution,Slot,"July, 2025",21,$1.42,$1.08,0.44,0.2,0.25,0.27,0.00%
,,"1,791",Griffins Throne,Igt,Slot,"March, 2021",17,$1.97,$1.58,0.22,0.2,0.25,0.27,0.00%
,,"1,792",Majestic White Rhino,Spinomenal,Slot,"April, 2025",2,$2.41,$2.41,0.15,0.2,0.25,0.27,0.00%
,,"1,793",Gold Fish Feeding Time Treasure,Light & Wonder,Slot,"June, 2023",9,$1.31,$1.00,0.32,0.2,0.25,0.27,0.00%
,,"1,794",9 Mad Hats,Games Global,Slot,"December, 2022",16,$2.11,$1.29,0.21,0.2,0.25,0.27,0.01%
,,"1,795",Orb Of Wealth Mythic Beasts,Aruze,Slot,"November, 2024",6,$1.60,$1.71,0.35,0.3,0.25,0.27,0.00%
,,"1,796",Giga Match Gems,Ruby Play,Slot,"August, 2025",5,$1.45,$1.27,0.31,0.2,0.24,0.27,0.00%
,,"1,797",6 Tokens Of Gold,Games Global,Slot,"October, 2021",20,$1.65,$0.93,0.23,0.1,0.24,0.27,0.01%
,,"1,798",Fat Stacks Miami Cash,White Hat Studios,Slot,"January, 2025",25,$1.34,$0.97,0.51,0.2,0.24,0.27,0.01%
,,"1,799",Diamond Match,Playtech,Slot,"February, 2025",20,$1.37,$1.11,0.30,0.2,0.24,0.27,0.01%
,,"1,800",Peacock Beauty,Ags,Slot,"February, 2022",28,$1.79,$1.68,0.35,0.3,0.24,0.27,0.01%
,,"1,801",Elephants Vs Tigers,King Show Games,Slot,"September, 2025",6,$1.70,$1.63,0.27,0.2,0.24,0.27,0.00%
,,"1,802",Divine Links,White Hat Studios,Slot,"April, 2023",26,$1.71,$1.41,0.31,0.2,0.24,0.27,0.01%
,,"1,803",Candy Bars,Igt,Slot,"March, 2021",25,$2.32,$1.69,0.15,0.2,0.24,0.27,0.01%
,,"1,804",Bubbly Wild Fizz,Aristocrat,Slot,"April, 2024",5,$1.78,$1.43,0.26,0.2,0.24,0.27,0.00%
,,"1,805",Toshi,Hacksaw Gaming,Slot,"August, 2023",14,$1.52,$1.34,0.27,0.2,0.24,0.27,0.01%
,,"1,806",Get The Cheese,Hacksaw Gaming,Slot,"May, 2025",5,$2.31,$2.02,0.20,0.2,0.24,0.27,0.00%
,,"1,807",Michelangelo,High 5 Games,Slot,"March, 2021",10,$3.51,$2.37,0.09,0.2,0.24,0.27,0.00%
,,"1,808",Big Scary Fortune,Inspired,Slot,"October, 2022",3,$1.20,$1.18,0.37,0.2,0.24,0.27,0.00%
,,"1,809",Cherry Power Boost,Inspired,Slot,"January, 2025",25,$3.93,$2.67,0.09,0.2,0.24,0.27,0.01%
,,"1,810",Emperor Mystery,Bragg Gaming Group,Slot,"October, 2025",16,$1.60,$1.47,0.29,0.2,0.24,0.27,0.01%
,,"1,811",Stacked Fire 7s Big Spins,Inspired,Slot,"April, 2023",20,$2.55,$1.09,0.22,0.2,0.24,0.26,0.01%
,,"1,812",Sky Queen,Playtech,Slot,"January, 2023",9,$1.32,$1.30,0.97,0.2,0.24,0.26,0.00%
,,"1,813",The Wild Life,Igt,Slot,"March, 2021",5,$2.16,$2.62,0.31,0.2,0.24,0.26,0.00%
,,"1,814",Bankrush Bonanza,High 5 Games,Slot,"April, 2024",24,$2.73,$2.35,0.17,0.2,0.24,0.26,0.01%
,,"1,815",Blazing Bells,Playtech,Slot,"May, 2023",6,$1.10,$0.94,0.47,0.2,0.24,0.26,0.00%
,,"1,816",Cairo Link And Win,Games Global,Slot,"October, 2022",16,$1.94,$1.16,0.15,0.2,0.24,0.26,0.01%
,,"1,817",Apollo God Of The Sun,Greentube,Slot,"September, 2021",20,$1.51,$1.03,0.24,0.2,0.24,0.26,0.01%
,,"1,818",Hit Bar Gold,Playtech,Slot,"July, 2024",18,$1.47,$1.00,0.26,0.2,0.24,0.26,0.00%
,,"1,819",Diamonds Sapphires Rubies,Design Works Gaming,Slot,"February, 2022",15,$1.17,$0.91,0.48,0.2,0.24,0.26,0.01%
,,"1,820",Firelight Ii,Aristocrat,Slot,"March, 2024",11,$1.26,$1.30,0.44,0.2,0.24,0.26,0.00%
,,"1,821",Buffalo Canyon Jackpot,High 5 Games,Slot,"November, 2023",4,$0.93,$0.94,0.49,0.2,0.24,0.26,0.00%
,,"1,822",Mammoth Power,Konami,Slot,"March, 2021",15,$1.82,$1.58,0.14,0.2,0.24,0.26,0.00%
,,"1,823",Scarab Fortunes Win And Spin,Inspired,Slot,"February, 2023",16,$1.14,$0.84,0.40,0.2,0.24,0.26,0.01%
,,"1,824",Hypercharged Pyramids Of Ra,Light & Wonder,Slot,"June, 2025",18,$2.59,$1.18,0.39,0.2,0.24,0.26,0.00%
,,"1,825",Diamond Money,Everi,Slot,"February, 2024",24,$2.71,$2.71,0.17,0.2,0.24,0.26,0.01%
,,"1,826",Buggy Zap Luckytap™,Design Works Gaming,Instant Win,"August, 2025",18,$1.22,$1.20,0.30,0.2,0.24,0.44,0.01%
,,"1,827",Rakin Bacon Sahara,Ags,Slot,"July, 2024",29,$1.80,$1.63,0.21,0.2,0.24,0.26,0.01%
,,"1,828",Blackjack Vzn,Playtech,Table Game,"May, 2025",3,$29.89,$32.20,0.86,1.1,0.24,0.09,0.00%
,,"1,829",Cleopatra Grand,Igt,Slot,"July, 2023",17,$1.47,$1.24,0.33,0.2,0.24,0.26,0.00%
,,"1,830",Oink Farm,Games Global,Slot,"December, 2022",15,$1.00,$0.85,0.48,0.2,0.24,0.26,0.01%
,,"1,831",Slingo Great Western,Gaming Realms,Slot,"June, 2023",24,$7.38,$6.92,0.12,0.2,0.23,0.26,0.01%
,,"1,832",9 Coins,Wazdan,Slot,"June, 2023",22,$1.09,$0.99,0.51,0.2,0.23,0.26,0.01%
,,"1,833",Crazy Wizard,Igt,Slot,"March, 2021",17,$1.06,$0.94,0.55,0.2,0.23,0.26,0.01%
,,"1,834",Double Da Vinci Diamonds,High 5 Games,Slot,"March, 2021",9,$1.87,$1.46,0.43,0.2,0.23,0.26,0.00%
,,"1,835",Jacks Or Better,Internal,Video Poker,"April, 2021",4,$3.22,$0.73,0.65,2.3,0.23,0.16,0.00%
,,"1,836",Crazy Digginz Its All Mine,Games Global,Slot,"February, 2023",12,$12.96,$5.79,0.04,0.2,0.23,0.26,0.01%
,,"1,837",Legion Gold Victory,Play N Go,Slot,"May, 2025",21,$0.99,$0.85,0.43,0.2,0.23,0.26,0.00%
,,"1,838",Drop And Lock Deep Sea Magic,Light & Wonder,Slot,"March, 2021",6,$6.97,$1.99,0.16,0.2,0.23,0.26,0.00%
,,"1,839",Slingo Wolf Snowstorm,Gaming Realms,Slot,"January, 2024",27,$10.21,$7.28,0.06,0.2,0.23,0.25,0.01%
,,"1,840",Immortal Ways Luva,Ruby Play,Slot,"July, 2025",3,$1.30,$1.25,0.34,0.2,0.23,0.25,0.00%
,,"1,841",Elephant Palace,Design Works Gaming,Slot,"May, 2025",20,$1.65,$1.41,0.18,0.2,0.23,0.25,0.01%
,,"1,842",Diamond Cash Mighty Emperor,Greentube,Slot,"July, 2022",17,$3.17,$1.94,0.14,0.2,0.23,0.25,0.01%
,,"1,843",Dubble Bubble LuckyTap™,Design Works Gaming,Instant Win,"April, 2025",19,$1.67,$1.09,0.23,0.1,0.23,0.43,0.01%
,,"1,844",Slingo Golden Envelope,Gaming Realms,Slot,"February, 2023",16,$7.44,$6.37,0.13,0.2,0.23,0.25,0.00%
,,"1,845",Cai Fu Yun Fortune,Aruze,Slot,"June, 2023",4,$1.34,$1.34,0.45,0.2,0.23,0.25,0.00%
,,"1,846",Slingo Tetris,Gaming Realms,Slot,"March, 2024",29,$9.35,$4.73,0.10,0.2,0.23,0.25,0.01%
,,"1,847",Queen Of Riches,Evolution,Slot,"November, 2025",12,$0.87,$0.90,0.50,0.2,0.23,0.25,0.00%
,,"1,848",Quick Hit Blitz Blue,Light & Wonder,Slot,"October, 2023",27,$1.36,$1.05,0.38,0.2,0.23,0.25,0.01%
,,"1,849",Dr Jekyll Goes Wild,Light & Wonder,Slot,"March, 2021",7,$2.45,$2.35,0.65,0.4,0.23,0.25,0.00%
,,"1,850",4 Fantastic Fish In Egypt,4theplayer,Slot,"August, 2024",26,$1.58,$1.36,0.27,0.2,0.23,0.25,0.01%
,,"1,851",Mighty Cash Long Teng Hu Xiao Dragon Files,Aristocrat,Slot,"November, 2024",8,$2.35,$2.25,0.13,0.1,0.23,0.25,0.00%
,,"1,852",Hot Off The 7s,Aristocrat,Slot,"April, 2024",6,$3.50,$2.15,0.11,0.2,0.23,0.25,0.00%
,,"1,853",Kronos Unleashed,Light & Wonder,Slot,"March, 2021",17,$2.18,$1.69,0.25,0.2,0.23,0.25,0.01%
,,"1,854",Diamond Mystery 100 Imperial Crown Deluxe,Greentube,Slot,"January, 2024",6,$2.72,$1.92,0.21,0.2,0.23,0.25,0.00%
,,"1,855",Grizzly Gold,Inspired,Slot,"January, 2024",21,$2.58,$0.60,0.20,0.2,0.23,0.25,0.01%
,,"1,856",Fu Gui Hua Jackpot Royale,White Hat Studios,Slot,"February, 2025",25,$1.66,$1.44,0.26,0.2,0.23,0.25,0.01%
,,"1,857",Divine Dynasty Princess,Fantasma Games,Slot,"February, 2024",3,$1.66,$1.34,0.29,0.2,0.23,0.25,0.00%
,,"1,858",Drop Em,Hacksaw Gaming,Slot,"August, 2025",3,$2.00,$2.19,0.29,0.2,0.23,0.25,0.00%
,,"1,859",Green Machine Bingo,Light & Wonder,Bingo/Keno,"January, 2024",19,$1.22,$1.07,0.34,0.2,0.23,0.21,0.01%
,,"1,860",Wild Play Superbet,Light & Wonder,Slot,"March, 2021",17,$2.92,$2.16,0.30,0.3,0.23,0.25,0.00%
,,"1,861",Wild Bazaar,Evolution,Slot,"March, 2021",17,$5.49,$1.73,0.23,0.2,0.23,0.25,0.00%
,,"1,862",Space Invaders,Inspired,Slot,"February, 2022",23,$1.99,$1.26,0.33,0.2,0.23,0.25,0.01%
,,"1,863",Fulong 88,Play N Go,Slot,"July, 2024",23,$2.79,$1.03,0.15,0.1,0.23,0.25,0.00%
,,"1,864",Volts And Bolts,Light & Wonder,Slot,"March, 2021",15,$2.95,$2.49,0.20,0.2,0.23,0.25,0.01%
,,"1,865",9 Line Fortune,Greentube,Slot,"May, 2022",10,$1.65,$1.15,0.31,0.2,0.23,0.25,0.00%
,,"1,866",Golden Goddess,Igt,Slot,"March, 2021",32,$2.72,$1.72,0.18,0.2,0.23,0.25,0.01%
,,"1,867",Golden Blessings,Ags,Slot,"January, 2024",24,$1.67,$1.61,0.19,0.2,0.23,0.25,0.01%
,,"1,868",Crazy Money Ii,Incredible Technologies,Slot,"March, 2021",15,$1.31,$1.08,0.12,0.2,0.23,0.25,0.01%
,,"1,869",Eternal Lady,Playtech,Slot,"June, 2023",9,$1.31,$1.36,0.46,0.2,0.23,0.25,0.00%
,,"1,870",Lock It Link Night Life,Light & Wonder,Slot,"March, 2021",30,$2.38,$2.29,0.28,0.2,0.22,0.25,0.01%
,,"1,871",Infinite Blackjack En Espanol,Evolution,Table Game,"September, 2024",4,$27.06,$26.35,0.13,1.2,0.22,0.09,0.00%
,,"1,872",Dragon Unleashed Treasured Happiness,Light & Wonder,Slot,"October, 2024",27,$1.80,$1.50,0.20,0.2,0.22,0.25,0.01%
,,"1,873",Luck And Luxury,Ags,Slot,"March, 2021",26,$2.24,$1.75,0.19,0.2,0.22,0.25,0.01%
,,"1,874",Da Vinci Extreme,High 5 Games,Slot,"March, 2021",20,$1.17,$1.02,0.47,0.2,0.22,0.25,0.01%
,,"1,875",Epic Monopoly Ii,Light & Wonder,Slot,"March, 2021",7,$2.35,$1.74,0.23,0.2,0.22,0.25,0.00%
,,"1,876",Fluffy Favourites Cash Collect,Playtech,Slot,"March, 2025",13,$1.12,$0.86,0.44,0.2,0.22,0.24,0.00%
,,"1,877",Diamond Cash Mighty Santa,Greentube,Slot,"December, 2021",12,$1.80,$1.21,0.31,0.2,0.22,0.24,0.00%
,,"1,878",Golden Roar Boom,Greentube,Slot,"September, 2024",18,$1.28,$1.18,0.38,0.2,0.22,0.24,0.00%
,,"1,879",Winstones,Aristocrat,Slot,"May, 2024",5,$1.94,$2.01,0.37,0.2,0.22,0.24,0.00%
,,"1,880",Ancient Fortunes Zeus,Games Global,Slot,"August, 2021",11,$2.20,$1.29,0.17,0.2,0.22,0.24,0.01%
,,"1,881",Drive Multiplier Mayhem,Evolution,Slot,"March, 2021",21,$1.76,$1.39,0.51,0.3,0.22,0.24,0.01%
,,"1,882",Jokers Riches,High 5 Games,Slot,"March, 2021",12,$1.30,$1.16,0.61,0.3,0.22,0.24,0.00%
,,"1,883",Net Gains,Relax Gaming,Slot,"May, 2024",10,$1.68,$1.29,0.31,0.2,0.22,0.24,0.00%
,,"1,884",Go High Olympus,Ruby Play,Slot,"August, 2025",6,$1.94,$1.60,0.29,0.2,0.22,0.24,0.00%
,,"1,885",Celestial Sun Riches,Konami,Slot,"March, 2021",14,$2.53,$2.17,0.22,0.2,0.22,0.24,0.00%
,,"1,886",Super Fruits Wild,Inspired,Slot,"March, 2021",7,$0.75,$0.51,0.15,0.2,0.22,0.24,0.00%
,,"1,887",Age Of The Gods Ruler Of The Sky,Playtech,Slot,"April, 2025",10,$1.75,$1.36,0.15,0.1,0.22,0.24,0.00%
,,"1,888",Ancient Thunder,Bragg Gaming Group,Bingo/Keno,"March, 2021",8,$0.29,$0.26,2.21,0.2,0.22,0.21,0.00%
,,"1,889",Hot Slot 777 Crown Xmas Edition,Wazdan,Slot,"November, 2025",6,$1.41,$1.37,0.49,0.3,0.22,0.24,0.00%
,,"1,890",American Roulette,White Hat Studios,Table Game,"August, 2022",10,$16.51,$8.79,0.03,0.2,0.22,0.09,0.00%
,,"1,891",Rich Little Hens Rule The Roost,Light & Wonder,Slot,"August, 2024",27,$1.00,$0.97,0.27,0.2,0.22,0.24,0.01%
,,"1,892",Diamond 777 Mutliplier Retro Roller,Games Global,Slot,"July, 2025",17,$1.73,$1.62,0.24,0.2,0.22,0.24,0.01%
,,"1,893",Fire Blaze Sisters Gift,Playtech,Slot,"October, 2023",7,$1.86,$1.67,0.40,0.2,0.22,0.24,0.00%
,,"1,894",Big Bill Frenzy,White Hat Studios,Slot,"May, 2024",28,$1.50,$1.25,0.27,0.2,0.22,0.24,0.01%
,,"1,895",Bustin Bacon Tap,Igt,Instant Win,"August, 2025",24,$1.16,$1.01,0.35,0.2,0.22,0.40,0.01%
,,"1,896",Crazy Fishin Full House,White Hat Studios,Lottery,"September, 2023",6,$7.05,$7.42,0.08,0.2,0.22,0.15,0.00%
,,"1,897",Golden Yang,Ainsworth,Slot,"November, 2021",7,$6.81,$2.59,0.06,0.2,0.22,0.24,0.00%
,,"1,898",Thors Hammer Strike,Aristocrat,Slot,"February, 2024",8,$3.74,$1.04,0.03,0.2,0.22,0.24,0.00%
,,"1,899",Sands Of Eternity,Slotmill,Slot,"September, 2024",2,$4.34,$4.34,0.11,0.2,0.22,0.24,0.00%
,,"1,900",Well Of Wilds Megaways,Evolution,Slot,"February, 2022",25,$0.90,$0.82,0.34,0.1,0.22,0.24,0.01%
,,"1,901",Bourbon Street Bash,High 5 Games,Slot,"March, 2021",14,$1.39,$1.25,0.24,0.2,0.22,0.24,0.00%
,,"1,902",Extreme Tuna Overload,Spinberry,Slot,"May, 2025",8,$1.38,$0.90,0.27,0.1,0.22,0.24,0.00%
,,"1,903",Craps,Play N Go,Table Game,"May, 2025",3,$15.30,$14.67,0.08,0.4,0.22,0.09,0.00%
,,"1,904",Diamond Explosion Patriots,Ruby Play,Slot,"January, 2025",6,$1.41,$1.31,0.38,0.2,0.22,0.24,0.00%
,,"1,905",Super Fun 21 Extreme,Light & Wonder,Table Game,"March, 2021",4,$10.81,$11.48,0.06,0.2,0.22,0.09,0.00%
,,"1,906",Backcourt Blackjack,Oddsworks,Table Game,"August, 2024",7,$10.62,$11.04,0.13,0.5,0.21,0.09,0.00%
,,"1,907",Almighty Bear Megaways,White Hat Studios,Slot,"March, 2025",29,$1.41,$1.03,0.34,0.2,0.21,0.24,0.01%
,,"1,908",Boo,Evolution,Slot,"October, 2024",21,$3.88,$2.08,0.17,0.2,0.21,0.23,0.01%
,,"1,909",Lucky Cherry,Everi,Slot,"March, 2021",27,$1.72,$1.59,0.23,0.2,0.21,0.23,0.01%
,,"1,910",Diamond Cash Mighty Santa Boarded Up,Greentube,Slot,"December, 2024",3,$1.94,$1.49,0.45,0.2,0.21,0.23,0.00%
,,"1,911",Red Hot Bbq,Evolution,Slot,"January, 2024",29,$1.14,$1.11,0.30,0.1,0.21,0.23,0.01%
,,"1,912",Quest For Riches,Konami,Slot,"April, 2024",15,$1.08,$0.80,0.32,0.2,0.21,0.23,0.01%
,,"1,913",Shah Mat,Evolution,Slot,"June, 2022",20,$1.10,$0.75,0.34,0.2,0.21,0.23,0.01%
,,"1,914",Zen Wins,Ags,Slot,"July, 2024",29,$1.53,$1.36,0.21,0.1,0.21,0.23,0.01%
,,"1,915",Grand Spinn Superpot,Evolution,Slot,"March, 2021",5,$0.38,$0.36,1.17,0.3,0.21,0.23,0.00%
,,"1,916",Forge Of Gems,Play N Go,Slot,"July, 2023",8,$1.15,$0.94,0.19,0.2,0.21,0.23,0.00%
,,"1,917",Fa Fa Babies,Evolution,Slot,"February, 2022",31,$0.99,$0.78,0.80,0.1,0.21,0.23,0.01%
,,"1,918",Captain Bones Big Bounty,Games Global,Slot,"July, 2025",19,$1.66,$1.56,0.20,0.1,0.21,0.23,0.01%
,,"1,919",Hot Hot Chilli Pot,Evolution,Slot,"August, 2023",10,$1.04,$1.04,0.40,0.1,0.21,0.23,0.00%
,,"1,920",Rich Little Piggies Meal Ticket,Light & Wonder,Slot,"July, 2023",30,$1.27,$1.12,0.28,0.1,0.21,0.23,0.01%
,,"1,921",Max Megaways 2,Evolution,Slot,"October, 2023",16,$6.29,$3.97,0.10,0.3,0.21,0.23,0.00%
,,"1,922",Granny Vs Zombies,Games Global,Slot,"June, 2023",20,$1.11,$1.02,0.36,0.1,0.21,0.23,0.01%
,,"1,923",Clover Rush 1000,High 5 Games,Slot,"September, 2025",16,$1.75,$1.28,0.33,0.2,0.21,0.23,0.00%
,,"1,924",Solar Nova Megaways,1x2 Network,Slot,"April, 2025",5,$1.09,$0.95,0.37,0.2,0.21,0.23,0.00%
,,"1,925",Calavera Cash,Design Works Gaming,Slot,"September, 2025",21,$1.36,$1.16,0.22,0.1,0.21,0.23,0.01%
,,"1,926",Dragons Law Fortune Bags,Konami,Slot,"April, 2025",25,$1.78,$1.67,0.18,0.1,0.21,0.23,0.01%
,,"1,927",15 Coins Grand Platinum Edition,Wazdan,Slot,"July, 2025",10,$1.81,$0.81,0.48,0.2,0.21,0.23,0.00%
,,"1,928",Quick Hit Blitz Red,Light & Wonder,Slot,"November, 2023",28,$1.45,$1.07,0.34,0.2,0.21,0.23,0.01%
,,"1,929",Gorilla Go Wilder,Light & Wonder,Slot,"March, 2021",9,$1.85,$1.38,0.35,0.3,0.21,0.23,0.00%
,,"1,930",Halloween Fortune,Playtech,Slot,"August, 2021",11,$3.83,$1.60,0.26,0.1,0.21,0.23,0.00%
,,"1,931",Athenas Glory,Spinomenal,Slot,"June, 2025",2,$1.54,$1.54,0.14,0.1,0.21,0.23,0.00%
,,"1,932",Kingdom Of Gold Mystic Ways,High 5 Games,Slot,"March, 2021",15,$2.28,$0.79,0.05,0.2,0.21,0.23,0.00%
,,"1,933",Hyper Star,Games Global,Slot,"February, 2022",13,$1.14,$1.04,0.26,0.1,0.21,0.23,0.01%
,,"1,934",Royal Mint,Evolution,Slot,"May, 2022",20,$4.48,$2.46,0.11,0.2,0.21,0.23,0.00%
,,"1,935",Hot Rockin Super 7s,Aristocrat,Slot,"October, 2025",3,$1.16,$1.24,0.43,0.1,0.21,0.23,0.00%
,,"1,936",Slingo Riches,Gaming Realms,Slot,"March, 2021",21,$4.63,$3.01,0.13,0.2,0.21,0.23,0.01%
,,"1,937",Fruit Coins Hold And Win,1x2 Network,Slot,"July, 2025",4,$1.08,$1.02,0.78,0.2,0.21,0.23,0.00%
,,"1,938",Bon Bomb Lux Pots,White Hat Studios,Slot,"October, 2024",7,$1.48,$1.47,0.25,0.1,0.21,0.23,0.00%
,,"1,939",Multi Rise Video Poker Classic,Oddsworks,Video Poker,"April, 2025",4,$2.79,$2.94,0.25,0.3,0.21,0.15,0.00%
,,"1,940",Motorhead,Evolution,Slot,"March, 2021",17,$3.01,$1.46,0.23,0.3,0.21,0.23,0.00%
,,"1,941",Triple Pop Fireworks Festival,Incredible Technologies,Slot,"August, 2025",20,$1.88,$1.67,0.19,0.1,0.21,0.23,0.01%
,,"1,942",Fairytale Legends Red Riding Hood,Evolution,Slot,"March, 2021",17,$2.30,$1.25,0.15,0.2,0.21,0.23,0.00%
,,"1,943",Sweet Sweet Slingo,Gaming Realms,Slot,"July, 2025",27,$7.34,$5.50,0.12,0.2,0.21,0.23,0.01%
,,"1,944",Cupids Arrow LuckyTap ™,Design Works Gaming,Instant Win,"February, 2023",15,$1.20,$0.96,0.42,0.2,0.21,0.39,0.00%
,,"1,945",Heroes Arrow,Playtech,Slot,"June, 2023",7,$2.20,$1.10,0.24,0.2,0.21,0.23,0.00%
,,"1,946",Sweet Alchemy,Play N Go,Slot,"July, 2023",11,$1.02,$0.83,0.30,0.2,0.21,0.23,0.01%
,,"1,947",Farmer Franks Golden Wins,Spinberry,Slot,"August, 2025",8,$1.56,$1.39,0.26,0.1,0.21,0.23,0.00%
,,"1,948",Jingle Bells Power Reels,Evolution,Slot,"November, 2022",24,$1.15,$0.76,0.23,0.1,0.21,0.23,0.00%
,,"1,949",European Roulette,Light & Wonder,Table Game,"June, 2021",3,$15.12,$7.42,0.01,0.2,0.21,0.08,0.00%
,,"1,950",Winning Kick LuckyTap™,Design Works Gaming,Instant Win,"March, 2023",16,$2.39,$1.52,0.25,0.2,0.21,0.39,0.00%
,,"1,951",Plenty Of Presents,Games Global,Slot,"November, 2021",4,$1.80,$1.90,0.14,0.1,0.21,0.23,0.00%
,,"1,952",Thunder Cash Candelas Senorita Suerte,Greentube,Slot,"February, 2024",5,$2.13,$1.25,0.21,0.2,0.21,0.23,0.00%
,,"1,953",Diamond Link Mighty Santa Boarded Up,Greentube,Slot,"November, 2024",8,$1.56,$1.18,0.22,0.2,0.21,0.23,0.00%
,,"1,954",Maverick,1x2 Network,Crash,"April, 2024",5,$2.82,$2.66,0.20,0.2,0.21,0.13,0.00%
,,"1,955",Tippys Golden Pot,Games Global,Slot,"May, 2024",7,$1.43,$1.35,0.34,0.2,0.21,0.22,0.00%
,,"1,956",Elements The Awakening,Evolution,Slot,"April, 2021",17,$2.18,$1.63,0.22,0.2,0.21,0.22,0.00%
,,"1,957",Prize Putt LuckyTap ™,Design Works Gaming,Instant Win,"April, 2024",17,$1.74,$1.12,0.19,0.1,0.20,0.38,0.01%
,,"1,958",Ocean Spin Kingdoms Treasures,Konami,Slot,"September, 2022",17,$1.76,$1.67,0.18,0.1,0.20,0.22,0.01%
,,"1,959",Book Of Halloween,Inspired,Slot,"March, 2021",7,$1.02,$0.77,1.20,0.2,0.20,0.22,0.00%
,,"1,960",Mummy Megaways,Evolution,Slot,"April, 2025",30,$1.30,$0.89,0.33,0.2,0.20,0.22,0.01%
,,"1,961",Pearl Catcher,Games Global,Slot,"April, 2023",15,$1.85,$1.38,0.05,0.1,0.20,0.22,0.01%
,,"1,962",Silver Lioness 4x,Konami,Slot,"September, 2022",13,$2.12,$1.25,0.32,0.2,0.20,0.22,0.00%
,,"1,963",Dragons Law Twin Fever,Konami,Slot,"March, 2021",22,$1.36,$1.21,0.23,0.2,0.20,0.22,0.01%
,,"1,964",Lady Luxe Joker,Games Global,Slot,"September, 2024",11,$1.30,$1.25,0.16,0.1,0.20,0.22,0.00%
,,"1,965",Emperors Garden,Light & Wonder,Slot,"March, 2021",4,$2.37,$1.80,0.34,0.2,0.20,0.22,0.00%
,,"1,966",Win Machine Deluxe,Design Works Gaming,Slot,"January, 2023",14,$0.95,$1.00,0.42,0.1,0.20,0.22,0.01%
,,"1,967",Vikings Unchained Megaways,White Hat Studios,Slot,"October, 2022",5,$2.94,$1.48,0.20,0.2,0.20,0.22,0.00%
,,"1,968",Cash Cascade Imperial Crown,Greentube,Slot,"November, 2024",7,$1.52,$1.58,0.24,0.1,0.20,0.22,0.00%
,,"1,969",Red Fortune,Konami,Slot,"March, 2021",16,$1.04,$0.96,0.52,0.2,0.20,0.22,0.01%
,,"1,970",Wild Wild West,Evolution,Slot,"March, 2021",4,$0.98,$0.96,0.70,0.3,0.20,0.22,0.00%
,,"1,971",Vegas All In,Red Rake Gaming,Slot,"May, 2025",10,$1.08,$1.04,0.28,0.2,0.20,0.22,0.00%
,,"1,972",Slingo Super Spin,Gaming Realms,Slot,"April, 2022",19,$6.31,$6.09,0.15,0.2,0.20,0.22,0.01%
,,"1,973",Gold Volcano,Play N Go,Slot,"December, 2022",8,$4.72,$0.89,0.06,0.1,0.20,0.22,0.00%
,,"1,974",Blazing 7s Blackjack,Light & Wonder,Table Game,"March, 2021",14,$13.00,$8.59,0.30,1.3,0.20,0.08,0.00%
,,"1,975",Barnyard Bonanza,Aristocrat,Slot,"June, 2024",4,$1.87,$1.02,0.11,0.2,0.20,0.22,0.00%
,,"1,976",Marshall Money,Games Global,Slot,"August, 2025",18,$0.99,$0.96,0.26,0.1,0.20,0.22,0.01%
,,"1,977",Ufc Gold Blitz Extreme,Games Global,Slot,"September, 2024",22,$1.79,$1.18,0.14,0.1,0.20,0.22,0.01%
,,"1,978",Pegasus Cash Spree,Games Global,Slot,"January, 2025",19,$1.77,$1.43,0.19,0.1,0.20,0.22,0.01%
,,"1,979",Goldstruck Blasts,High 5 Games,Slot,"March, 2023",22,$1.78,$1.13,0.40,0.2,0.20,0.22,0.01%
,,"1,980",Big Bull,Aristocrat,Slot,"February, 2025",6,$5.81,$1.79,0.06,0.2,0.20,0.22,0.00%
,,"1,981",Cash Locomotive Happy Dragon,Aruze,Slot,"November, 2024",7,$3.98,$4.14,0.13,0.2,0.20,0.22,0.00%
,,"1,982",Stellar Cash Chicken Fox 5x,Light & Wonder,Slot,"June, 2023",4,$2.75,$1.45,0.31,0.1,0.20,0.21,0.00%
,,"1,983",Super 25 Stars,Red Rake Gaming,Slot,"September, 2025",3,$1.62,$1.73,0.39,0.2,0.20,0.21,0.00%
,,"1,984",Top Dawgs,Relax Gaming,Slot,"December, 2024",7,$39.68,$1.35,0.39,0.2,0.20,0.21,0.00%
,,"1,985",Deal Or No Deal Blackjack,White Hat Studios,Table Game,"August, 2023",8,$23.38,$17.90,0.27,3.1,0.20,0.08,0.00%
,,"1,986",Hi Lo,Hacksaw Gaming,Instant Win,"February, 2024",7,$4.43,$3.66,0.11,0.1,0.20,0.36,0.00%
,,"1,987",All That Cash Power Bet,High 5 Games,Slot,"March, 2021",8,$2.02,$2.08,0.18,0.2,0.19,0.21,0.00%
,,"1,988",Rainbow Power Potz Ultranudge,Bang Bang Games,Slot,"December, 2024",9,$1.32,$1.22,0.23,0.1,0.19,0.21,0.00%
,,"1,989",Bonanza Tapcards,Evolution,Lottery,"November, 2025",14,$1.15,$1.01,0.34,0.1,0.19,0.14,0.00%
,,"1,990",Spicy Meatballs Megaways,Evolution,Slot,"September, 2024",9,$2.39,$1.54,0.20,0.1,0.19,0.21,0.00%
,,"1,991",Midnight Princess Stargazing,Play N Go,Slot,"October, 2025",12,$1.08,$0.88,0.26,0.1,0.19,0.21,0.00%
,,"1,992",3 Coin Cowboy,Bragg Gaming Group,Slot,"September, 2024",20,$1.86,$1.39,0.17,0.1,0.19,0.21,0.01%
,,"1,993",Millionaire Rush,Evolution,Slot,"November, 2024",24,$6.03,$1.59,0.10,0.2,0.19,0.21,0.01%
,,"1,994",Hyper Strike,Games Global,Slot,"August, 2021",19,$1.65,$1.15,0.23,0.1,0.19,0.21,0.01%
,,"1,995",Dragons Blessings Loot Link,High 5 Games,Slot,"March, 2025",22,$3.16,$2.01,0.10,0.2,0.19,0.21,0.01%
,,"1,996",15 Tridents,Games Global,Slot,"August, 2022",14,$1.96,$1.89,0.19,0.1,0.19,0.21,0.01%
,,"1,997",Zodiac Lantern Rabbit,Light & Wonder,Slot,"March, 2024",28,$1.70,$1.06,0.10,0.1,0.19,0.21,0.01%
,,"1,998",Multi Coins,Greentube,Slot,"October, 2025",14,$1.20,$0.92,0.38,0.2,0.19,0.21,0.01%
,,"1,999",Fishing Deeper Floats Of Cash,Games Global,Slot,"April, 2024",15,$1.43,$1.40,0.22,0.1,0.19,0.21,0.00%
,,"2,000",Captain Payback 2,High 5 Games,Slot,"March, 2021",11,$1.39,$1.11,0.57,0.2,0.19,0.21,0.00%
,,"2,001",Wedding Party,King Show Games,Slot,"March, 2024",11,$1.38,$1.12,0.36,0.2,0.19,0.21,0.00%
,,"2,002",Great Western 4,Relax Gaming,Slot,"January, 2025",4,$6.84,$4.85,0.46,0.2,0.19,0.21,0.00%
,,"2,003",Fun On The Seafront,Aristocrat,Slot,"August, 2024",3,$2.11,$2.06,0.12,0.1,0.19,0.21,0.00%
,,"2,004",Reindeer Royale,Light & Wonder,Slot,"August, 2025",10,$2.14,$1.62,0.15,0.1,0.19,0.21,0.00%
,,"2,005",Tin Can Cash,Inspired,Slot,"August, 2022",8,$1.14,$1.05,0.31,0.2,0.19,0.21,0.00%
,,"2,006",Wildfire Gold,Oddsworks,Slot,"September, 2025",12,$1.33,$1.10,0.28,0.1,0.19,0.21,0.00%
,,"2,007",Tiger Stacks,Playtech,Slot,"June, 2023",5,$1.68,$1.51,0.36,0.2,0.19,0.21,0.00%
,,"2,008",Mighty Symbols Joker,Wazdan,Slot,"February, 2025",8,$1.06,$0.92,0.33,0.2,0.19,0.21,0.00%
,,"2,009",Mega Mystery Mine,Bragg Gaming Group,Slot,"September, 2025",19,$1.53,$1.44,0.27,0.1,0.19,0.21,0.01%
,,"2,010",Hypercharged Jinzita,Light & Wonder,Slot,"March, 2025",27,$1.96,$1.22,0.14,0.1,0.19,0.21,0.01%
,,"2,011",Crazy Money Deluxe,Incredible Technologies,Slot,"March, 2021",12,$1.94,$1.84,0.19,0.1,0.19,0.21,0.00%
,,"2,012",Thunder Cash,Greentube,Slot,"March, 2021",11,$4.81,$1.88,0.15,0.1,0.19,0.21,0.00%
,,"2,013",Gong Xi Fa Cai Grand,Igt,Slot,"July, 2023",17,$0.92,$0.91,0.66,0.1,0.19,0.21,0.00%
,,"2,014",Ramosis Treasures,Igt,Slot,"February, 2025",25,$2.22,$1.61,0.18,0.1,0.19,0.21,0.01%
,,"2,015",Fortune Of Cai Shen,White Hat Studios,Slot,"November, 2024",26,$2.05,$1.44,0.21,0.2,0.19,0.21,0.01%
,,"2,016",Jack In A Pot,Evolution,Slot,"August, 2021",23,$1.14,$1.10,0.47,0.1,0.19,0.21,0.01%
,,"2,017",Santas Winter Wilds,Inspired,Slot,"November, 2024",20,$1.35,$1.23,0.24,0.1,0.19,0.21,0.01%
,,"2,018",Cyber Dragon,Oddsworks,Slot,"August, 2025",14,$1.70,$1.27,0.19,0.2,0.19,0.21,0.00%
,,"2,019",Astrocat,Light & Wonder,Slot,"March, 2021",22,$2.57,$2.14,0.14,0.2,0.19,0.21,0.00%
,,"2,020",In It For The Monet,Aristocrat,Slot,"July, 2024",6,$4.73,$2.46,0.06,0.1,0.19,0.21,0.00%
,,"2,021",10x Minimum Collection,Spinberry,Slot,"February, 2025",9,$1.12,$0.76,0.30,0.1,0.19,0.21,0.00%
,,"2,022",3 Lucky Minecarts Hold And Win,1x2 Network,Slot,"August, 2024",5,$1.43,$1.62,0.26,0.2,0.19,0.21,0.00%
,,"2,023",Star Watch Fire,Konami,Slot,"March, 2021",17,$3.54,$2.93,0.12,0.1,0.19,0.21,0.00%
,,"2,024",Outlaw Waysfecta,Evolution,Slot,"May, 2022",14,$1.88,$1.62,0.18,0.2,0.19,0.20,0.00%
,,"2,025",Blackjack,White Hat Studios,Table Game,"June, 2023",9,$24.75,$10.71,0.52,2.4,0.19,0.07,0.00%
,,"2,026",China Mystery,Konami,Slot,"March, 2021",6,$1.03,$0.95,0.44,0.1,0.19,0.20,0.00%
,,"2,027",Deal Or No Deal Thunder Spins,White Hat Studios,Slot,"December, 2023",21,$1.38,$1.17,0.26,0.2,0.19,0.20,0.01%
,,"2,028",Gordon Ramsay Hells Kitchen,Evolution,Slot,"July, 2021",27,$2.20,$1.58,0.16,0.1,0.19,0.20,0.01%
,,"2,029",Crazy Diamonds,Bragg Gaming Group,Slot,"February, 2025",17,$1.28,$0.98,0.20,0.1,0.19,0.20,0.00%
,,"2,030",Devilicious,Bragg Gaming Group,Slot,"December, 2024",18,$1.86,$1.58,0.26,0.2,0.19,0.20,0.00%
,,"2,031",Age Of Conquest Diamonds And Dragons,Games Global,Slot,"April, 2025",19,$1.00,$0.98,0.27,0.1,0.19,0.20,0.01%
,,"2,032",Viking Runecraft,Play N Go,Slot,"November, 2022",17,$1.08,$0.94,0.40,0.1,0.18,0.20,0.00%
,,"2,033",Xways Hoarder Xsplit,Evolution,Slot,"January, 2025",14,$2.77,$1.97,0.14,0.1,0.18,0.20,0.00%
,,"2,034",Ultimate Hoops Luckytap ™,Design Works Gaming,Instant Win,"September, 2024",19,$1.86,$1.30,0.15,0.1,0.18,0.34,0.01%
,,"2,035",White Wolf Moon,Games Global,Slot,"June, 2024",14,$1.76,$0.89,0.22,0.1,0.18,0.20,0.00%
,,"2,036",Berry Berry Bonanza,Playtech,Slot,"August, 2021",6,$0.95,$0.48,0.22,0.2,0.18,0.20,0.00%
,,"2,037",1001 Mystery Genie Fortunes,Play N Go,Slot,"May, 2025",24,$0.92,$0.82,0.39,0.1,0.18,0.20,0.00%
,,"2,038",Immortal Ways Buffalo,Ruby Play,Slot,"May, 2025",3,$1.45,$1.52,0.38,0.1,0.18,0.20,0.00%
,,"2,039",Alice Riches,Aristocrat,Slot,"March, 2022",11,$2.08,$1.15,0.21,0.2,0.18,0.20,0.00%
,,"2,040",Slingo Racing,Gaming Realms,Slot,"June, 2022",13,$9.59,$7.37,0.14,0.2,0.18,0.20,0.00%
,,"2,041",Mountain Of Zeus,High 5 Games,Slot,"August, 2024",21,$1.27,$1.03,0.33,0.2,0.18,0.20,0.00%
,,"2,042",Super Times Pay Five Play Video Poker,Igt,Video Poker,"November, 2025",20,$4.09,$2.41,0.28,0.3,0.18,0.13,0.01%
,,"2,043",Beam Boys,Hacksaw Gaming,Slot,"January, 2025",15,$1.70,$1.78,0.18,0.2,0.18,0.20,0.01%
,,"2,044",Nugget Frenzy,Games Global,Slot,"March, 2025",19,$1.39,$1.00,0.25,0.1,0.18,0.20,0.01%
,,"2,045",Cosmic Cash,Bragg Gaming Group,Slot,"September, 2024",15,$2.85,$1.47,0.13,0.1,0.18,0.20,0.01%
,,"2,046",Spartacus,Light & Wonder,Slot,"March, 2021",7,$1.67,$1.33,0.41,0.2,0.18,0.20,0.00%
,,"2,047",Slingo Press Your Luck,Gaming Realms,Slot,"November, 2024",27,$13.63,$12.54,0.06,0.1,0.18,0.20,0.01%
,,"2,048",Primate King Megaways,Evolution,Slot,"February, 2025",29,$0.92,$0.76,0.40,0.1,0.18,0.20,0.01%
,,"2,049",Warrior Graveyard Xnudge,Evolution,Slot,"April, 2025",22,$4.82,$4.02,0.09,0.1,0.18,0.20,0.01%
,,"2,050",Vikings Fight For Honour,Games Global,Slot,"December, 2024",20,$1.52,$1.43,0.20,0.1,0.18,0.20,0.01%
,,"2,051",Cleopatra Mines,Igt,Lottery,"June, 2025",25,$10.09,$3.39,0.06,0.1,0.18,0.13,0.01%
,,"2,052",Candy Splasher,Greentube,Slot,"November, 2024",11,$12.77,$1.67,0.07,0.1,0.18,0.20,0.01%
,,"2,053",Cash Falls Add Em Up Chariots Of Rome,Light & Wonder,Slot,"February, 2025",14,$1.83,$1.41,0.19,0.1,0.18,0.20,0.01%
,,"2,054",Casino Roulette,Light & Wonder,Table Game,"June, 2024",2,$15.61,$15.61,0.03,0.2,0.18,0.07,0.00%
,,"2,055",Terrific Tiger Coin Combo,Light & Wonder,Slot,"November, 2022",31,$1.42,$1.33,0.29,0.2,0.18,0.20,0.01%
,,"2,056",Quick Hit Blitz Purple,Light & Wonder,Slot,"November, 2024",28,$1.23,$1.08,0.31,0.1,0.18,0.20,0.01%
,,"2,057",Captains Treasure,Playtech,Slot,"August, 2021",8,$6.89,$0.79,0.04,0.2,0.18,0.20,0.00%
,,"2,058",Rome Fight For Gold Deluxe,Games Global,Slot,"February, 2025",18,$1.65,$1.82,0.19,0.1,0.18,0.20,0.01%
,,"2,059",Power Shot Prosperity,Everi,Slot,"April, 2024",24,$3.75,$3.44,0.09,0.2,0.18,0.20,0.00%
,,"2,060",Deal Or No Deal Megaways Jackpot Royale,White Hat Studios,Slot,"April, 2023",26,$1.72,$1.50,0.28,0.2,0.18,0.20,0.01%
,,"2,061",Thundering Buffalo Golden Stampede,High 5 Games,Slot,"April, 2025",23,$1.80,$1.59,0.25,0.2,0.18,0.20,0.01%
,,"2,062",Gods Of Ireland,Red Rake Gaming,Slot,"June, 2024",13,$1.75,$0.99,0.21,0.2,0.18,0.20,0.01%
,,"2,063",Declaration Of Spindependance,Igt,Slot,"June, 2023",27,$0.98,$0.83,0.58,0.1,0.18,0.20,0.01%
,,"2,064",Bull Mystery,Konami,Slot,"March, 2024",22,$1.53,$1.12,0.16,0.1,0.18,0.20,0.00%
,,"2,065",Goal Strike Rising Rewards,Games Global,Slot,"November, 2024",17,$1.70,$1.29,0.09,0.1,0.18,0.20,0.01%
,,"2,066",Cookie Bonanza,Spearhead Studios,Slot,"September, 2024",4,$5.46,$0.92,0.10,0.1,0.18,0.20,0.00%
,,"2,067",Crazy Prospector Bonanza Jackpot Royale,White Hat Studios,Slot,"June, 2023",6,$1.62,$1.11,0.15,0.1,0.18,0.20,0.00%
,,"2,068",Hockey Fever Penny Roller,Games Global,Slot,"January, 2025",12,$0.08,$0.07,3.43,0.1,0.18,0.20,0.00%
,,"2,069",Greta Goes Wild,Igt,Slot,"September, 2023",12,$3.82,$0.95,0.07,0.2,0.18,0.20,0.00%
,,"2,070",The Great Pigsby,Relax Gaming,Slot,"July, 2023",11,$1.33,$0.87,0.24,0.2,0.18,0.20,0.00%
,,"2,071",Slingo Pirates Treasure,Gaming Realms,Slot,"May, 2023",15,$4.97,$5.14,0.19,0.1,0.18,0.20,0.00%
,,"2,072",Wolf Riches Hold N Spin,Aristocrat,Slot,"May, 2025",12,$2.21,$1.55,0.14,0.1,0.18,0.20,0.00%
,,"2,073",Prosperity Twin,Light & Wonder,Slot,"March, 2021",7,$1.84,$1.62,0.25,0.2,0.18,0.20,0.00%
,,"2,074",Dj Wild Poker,Light & Wonder,Video Poker,"March, 2021",3,$8.40,$8.70,0.31,0.7,0.18,0.13,0.00%
,,"2,075",Book Of Sevens,Crucible Gaming,Slot,"August, 2025",7,$1.24,$0.92,0.34,0.1,0.18,0.20,0.00%
,,"2,076",Piggy Prizes Wish Of Riches,Greentube,Slot,"September, 2024",13,$1.64,$1.23,0.24,0.1,0.18,0.20,0.00%
,,"2,077",Trillionaire Megaways,Evolution,Slot,"June, 2025",27,$1.09,$1.04,0.26,0.1,0.18,0.19,0.01%
,,"2,078",Jinzi Roulette,Everi,Table Game,"June, 2025",16,$15.93,$14.40,0.02,0.2,0.18,0.07,0.00%
,,"2,079",Regal Riches,Igt,Slot,"January, 2023",31,$2.03,$1.60,0.12,0.1,0.18,0.19,0.01%
,,"2,080",Fu Bao Chang,Design Works Gaming,Slot,"July, 2022",12,$1.05,$0.82,0.23,0.1,0.18,0.19,0.00%
,,"2,081",Chocolate Cash Pots,Inspired,Slot,"March, 2022",10,$1.31,$1.02,0.36,0.2,0.18,0.19,0.00%
,,"2,082",Big Juan,Bragg Gaming Group,Slot,"June, 2024",16,$2.44,$1.61,0.17,0.2,0.18,0.19,0.00%
,,"2,083",Midnight Eclipse,High 5 Games,Slot,"March, 2021",12,$3.28,$2.42,0.14,0.2,0.18,0.19,0.00%
,,"2,084",Water Warriors,Igt,Slot,"April, 2024",15,$1.92,$1.10,0.08,0.1,0.18,0.19,0.00%
,,"2,085",Chests Of Gold Power Combo,Games Global,Slot,"June, 2023",16,$1.97,$1.41,0.20,0.1,0.18,0.19,0.01%
,,"2,086",Primate King,Evolution,Slot,"June, 2022",29,$0.96,$0.89,0.27,0.1,0.18,0.19,0.01%
,,"2,087",Wild Hot Chilli Reels,Evolution,Slot,"November, 2022",29,$1.65,$1.06,0.24,0.1,0.18,0.19,0.01%
,,"2,088",Mustang Money 2,Ainsworth,Slot,"March, 2021",11,$4.27,$1.88,0.12,0.1,0.18,0.19,0.00%
,,"2,089",Amazon Gold,Ainsworth,Slot,"June, 2021",6,$2.14,$1.85,0.16,0.2,0.18,0.19,0.00%
,,"2,090",Shou Hu Shen,Ags,Slot,"November, 2022",28,$2.45,$1.61,0.18,0.2,0.18,0.19,0.01%
,,"2,091",Avalon Gold,Light & Wonder,Slot,"August, 2024",10,$5.43,$1.69,0.19,0.1,0.18,0.19,0.00%
,,"2,092",Reel Steal,Evolution,Slot,"May, 2021",4,$0.86,$0.85,0.71,0.2,0.18,0.19,0.00%
,,"2,093",Lucky Fish Finder,Inspired,Lottery,"May, 2023",19,$6.06,$5.50,0.08,0.2,0.18,0.12,0.01%
,,"2,094",Premier Joker Cash Spree,Games Global,Slot,"April, 2025",8,$2.44,$0.96,0.32,0.1,0.18,0.19,0.00%
,,"2,095",Gold Gold Gold Lions Way,Gamecode,Slot,"December, 2023",18,$1.27,$1.08,0.36,0.2,0.18,0.19,0.01%
,,"2,096",Valhall Gold,Light & Wonder,Slot,"July, 2025",10,$1.69,$1.54,0.30,0.1,0.18,0.19,0.00%
,,"2,097",Ocean Spin Mighty Shark,Konami,Slot,"February, 2025",19,$2.13,$1.77,0.12,0.1,0.17,0.19,0.00%
,,"2,098",Pearl Palace,Design Works Gaming,Slot,"December, 2023",20,$2.30,$1.37,0.14,0.2,0.17,0.19,0.01%
,,"2,099",Total Meltdown,Everi,Slot,"March, 2021",26,$2.77,$1.72,0.13,0.1,0.17,0.19,0.01%
,,"2,100",Slingo Piggy Bank,Gaming Realms,Slot,"July, 2023",18,$5.37,$4.11,0.24,0.2,0.17,0.19,0.00%
,,"2,101",Towers,Games Global,Lottery,"October, 2025",19,$1.81,$1.43,0.25,0.2,0.17,0.12,0.01%
,,"2,102",Power Zone Thunder Birds,Playtech,Slot,"October, 2023",6,$1.36,$0.95,0.32,0.2,0.17,0.19,0.00%
,,"2,103",Safe Offer Jackpot LuckyTap ™,Design Works Gaming,Instant Win,"March, 2024",11,$2.39,$1.73,0.16,0.1,0.17,0.32,0.00%
,,"2,104",Astro Cat Deluxe,Incredible Technologies,Slot,"January, 2023",14,$2.22,$1.36,0.10,0.2,0.17,0.19,0.00%
,,"2,105",The Price Is Right,Igt,Slot,"March, 2021",15,$1.21,$1.33,0.24,0.1,0.17,0.19,0.01%
,,"2,106",Power Of Gods Medusa,Wazdan,Slot,"June, 2023",11,$1.06,$0.86,0.62,0.2,0.17,0.19,0.00%
,,"2,107",Foxin Wins A Very Foxin Christmas,Light & Wonder,Slot,"March, 2021",9,$1.79,$1.90,0.20,0.2,0.17,0.19,0.00%
,,"2,108",Rise Of Olympus,Play N Go,Slot,"November, 2022",12,$1.25,$0.88,0.33,0.1,0.17,0.19,0.00%
,,"2,109",Fortune Filler Imperial Temple,Bragg Gaming Group,Slot,"August, 2023",16,$1.41,$1.43,0.18,0.1,0.17,0.19,0.00%
,,"2,110",Asgardian Fire,Games Global,Slot,"November, 2023",12,$2.42,$1.49,0.17,0.1,0.17,0.19,0.00%
,,"2,111",Big Win 777,Play N Go,Slot,"December, 2022",4,$1.37,$1.21,0.14,0.1,0.17,0.19,0.00%
,,"2,112",J Mania Hot Asses,Ruby Play,Slot,"August, 2025",5,$1.23,$1.30,0.37,0.1,0.17,0.19,0.00%
,,"2,113",Interstellar Attack,High 5 Games,Slot,"September, 2021",6,$3.65,$2.60,0.08,0.3,0.17,0.19,0.00%
,,"2,114",San Fa Dragons,Ainsworth,Slot,"September, 2024",11,$2.04,$1.95,0.15,0.1,0.17,0.19,0.00%
,,"2,115",Davy Jones Locker,Rogue,Slot,"October, 2025",8,$1.53,$1.61,0.21,0.1,0.17,0.19,0.00%
,,"2,116",Dragons Vs Pandas,King Show Games,Slot,"August, 2025",20,$1.76,$1.55,0.15,0.1,0.17,0.19,0.01%
,,"2,117",Balloonies,Igt,Slot,"March, 2021",12,$2.29,$1.48,0.25,0.1,0.17,0.19,0.00%
,,"2,118",Go High Gallina,Ruby Play,Slot,"February, 2025",5,$1.12,$1.21,0.22,0.1,0.17,0.19,0.00%
,,"2,119",Xmas Joker,Play N Go,Slot,"December, 2022",4,$1.50,$1.04,0.24,0.2,0.17,0.19,0.00%
,,"2,120",Lucky Sky,Ags,Slot,"June, 2024",30,$1.53,$1.23,0.17,0.1,0.17,0.19,0.01%
,,"2,121",Rainbow Jackpots Megaways,Evolution,Slot,"August, 2025",28,$1.10,$1.00,0.28,0.1,0.17,0.19,0.01%
,,"2,122",Diamond Mystery 40 Charming 7s,Greentube,Slot,"January, 2025",13,$2.32,$1.32,0.14,0.1,0.17,0.19,0.01%
,,"2,123",Lucky Money Pearls,Boom Entertainment,Instant Win,"September, 2023",12,$0.96,$0.99,0.25,0.1,0.17,0.32,0.00%
,,"2,124",Dynamite Riches Megaways Limited,Evolution,Slot,"November, 2023",6,$0.51,$0.60,0.62,0.1,0.17,0.19,0.00%
,,"2,125",Firerush 77 Sevens,High 5 Games,Slot,"July, 2025",24,$1.57,$1.27,0.27,0.2,0.17,0.19,0.00%
,,"2,126",Gonzitas Quest,Evolution,Slot,"June, 2023",20,$0.83,$0.82,0.49,0.1,0.17,0.19,0.00%
,,"2,127",Tomb Of Gold 2,Play N Go,Slot,"August, 2025",21,$1.25,$0.98,0.29,0.1,0.17,0.19,0.00%
,,"2,128",Wild Water,Evolution,Slot,"March, 2021",16,$2.42,$1.44,0.18,0.2,0.17,0.19,0.00%
,,"2,129",6 Tokens Of Gold Mystery Joker Link And Win,Games Global,Slot,"April, 2025",19,$1.26,$1.07,0.23,0.1,0.17,0.19,0.01%
,,"2,130",First Person Hilo,Evolution,Live Casino,"May, 2025",12,$4.92,$4.37,0.23,0.5,0.17,0.05,0.00%
,,"2,131",Lucky Rooster,High 5 Games,Slot,"March, 2021",16,$2.00,$1.45,0.18,0.1,0.17,0.19,0.00%
,,"2,132",Slingo Reel King,Gaming Realms,Slot,"March, 2021",15,$6.35,$5.71,0.20,0.1,0.17,0.18,0.00%
,,"2,133",Lava Fortunes Hold N Spin,Aristocrat,Slot,"July, 2025",11,$1.22,$1.12,0.33,0.1,0.17,0.18,0.00%
,,"2,134",Circuit Shock,Playtech,Slot,"June, 2025",20,$2.20,$0.83,0.15,0.1,0.17,0.18,0.01%
,,"2,135",Fiesta Pop,Everi,Slot,"May, 2025",25,$1.11,$1.00,0.24,0.1,0.17,0.18,0.01%
,,"2,136",Golden Ox,Ainsworth,Slot,"March, 2021",6,$2.90,$2.27,0.15,0.1,0.17,0.18,0.00%
,,"2,137",Triple Pop Bubblegum,Incredible Technologies,Slot,"June, 2025",19,$1.50,$1.30,0.17,0.1,0.17,0.18,0.00%
,,"2,138",Superstars,Evolution,Slot,"October, 2023",21,$4.53,$1.33,0.20,0.1,0.17,0.18,0.00%
,,"2,139",Dragon Unleashed Three Legends,Light & Wonder,Slot,"November, 2024",24,$1.52,$1.38,0.15,0.1,0.17,0.18,0.01%
,,"2,140",Dragon Fa,Ags,Slot,"February, 2022",27,$2.07,$1.66,0.18,0.2,0.17,0.18,0.01%
,,"2,141",Wild Esqueleto Lightning Chase,Boomerang Studios,Slot,"July, 2024",17,$1.40,$1.28,0.22,0.1,0.17,0.18,0.01%
,,"2,142",Mega Fire Blaze Toltec Blocks,Playtech,Slot,"June, 2025",3,$1.75,$0.61,0.18,0.1,0.17,0.18,0.00%
,,"2,143",Reactoonz 2,Play N Go,Slot,"November, 2022",21,$1.14,$1.00,0.35,0.1,0.17,0.18,0.01%
,,"2,144",Freds Food Truck,Hacksaw Gaming,Slot,"May, 2024",8,$1.27,$1.28,0.28,0.1,0.17,0.18,0.00%
,,"2,145",Fighter Pit,Hacksaw Gaming,Slot,"May, 2025",6,$1.17,$1.01,0.41,0.1,0.17,0.18,0.00%
,,"2,146",1 Can 2 Can,Light & Wonder,Slot,"March, 2021",9,$1.04,$1.00,0.31,0.2,0.17,0.18,0.00%
,,"2,147",Dragons Of The North Megaways,Aristocrat,Slot,"August, 2023",13,$2.53,$2.06,0.16,0.1,0.17,0.18,0.00%
,,"2,148",Wolf Peak,King Show Games,Slot,"March, 2024",12,$2.24,$1.76,0.17,0.1,0.17,0.18,0.00%
,,"2,149",The Big Easy,Igt,Slot,"March, 2021",24,$1.11,$0.96,0.21,0.1,0.17,0.18,0.00%
,,"2,150",Reef Raider,Evolution,Slot,"February, 2022",16,$0.96,$1.01,0.30,0.1,0.17,0.18,0.01%
,,"2,151",Grand Spinn,Evolution,Slot,"March, 2021",13,$0.25,$0.14,2.45,0.2,0.17,0.18,0.00%
,,"2,152",Liberty Cashspins,Inspired,Slot,"June, 2021",13,$2.53,$1.73,0.27,0.2,0.17,0.18,0.00%
,,"2,153",Cash Melon,Igt,Slot,"November, 2022",25,$2.98,$1.43,0.15,0.1,0.17,0.18,0.00%
,,"2,154",Banana Town,Relax Gaming,Slot,"April, 2024",10,$2.02,$2.12,0.29,0.2,0.17,0.18,0.00%
,,"2,155",Rabbit Fields,Games Global,Slot,"May, 2024",7,$2.43,$1.45,0.06,0.1,0.17,0.18,0.00%
,,"2,156",Deal Or No Deal Whats In Your Case Jackpot Royale,White Hat Studios,Slot,"March, 2023",5,$1.31,$1.32,0.17,0.1,0.17,0.18,0.00%
,,"2,157",Imperial Luck,Ags,Slot,"June, 2022",26,$2.19,$1.71,0.21,0.2,0.17,0.18,0.01%
,,"2,158",Mad Hit Bearhaus,Ruby Play,Slot,"April, 2025",6,$2.67,$1.98,0.16,0.1,0.17,0.18,0.00%
,,"2,159",Lucky Larrys Lobstermania Tap,Igt,Instant Win,"September, 2025",26,$1.28,$1.22,0.26,0.1,0.17,0.31,0.00%
,,"2,160",Gimme The Honey Megaways,Igt,Slot,"August, 2024",24,$1.75,$1.54,0.22,0.1,0.17,0.18,0.01%
,,"2,161",Platinum Roulette Single Zero,Evolution,Table Game,"December, 2024",8,$34.77,$22.84,0.02,0.2,0.17,0.07,0.00%
,,"2,162",Triple Crown,Design Works Gaming,Slot,"January, 2022",20,$1.68,$1.25,0.13,0.1,0.16,0.18,0.00%
,,"2,163",Grand Ahoy,1x2 Network,Slot,"July, 2025",5,$0.87,$0.69,0.25,0.1,0.16,0.18,0.00%
,,"2,164",Fortune Fishing,Greentube,Slot,"October, 2023",6,$2.15,$0.90,0.19,0.1,0.16,0.18,0.00%
,,"2,165",King Ramses,Ainsworth,Slot,"March, 2021",2,$13.55,$13.55,0.09,0.1,0.16,0.18,0.00%
,,"2,166",Sic Bo,Aristocrat,Table Game,"December, 2024",3,$20.41,$11.68,0.02,0.2,0.16,0.07,0.00%
,,"2,167",Zoltar Speaks,Everi,Slot,"March, 2021",27,$2.07,$1.69,0.13,0.1,0.16,0.18,0.00%
,,"2,168",Beer Barrel Bash,High 5 Games,Slot,"March, 2021",6,$3.10,$2.57,0.13,0.2,0.16,0.18,0.00%
,,"2,169",Fat Cat Classix,Light & Wonder,Slot,"March, 2021",4,$3.28,$1.13,0.66,0.2,0.16,0.18,0.00%
,,"2,170",Spicy Meatballs,Evolution,Slot,"September, 2024",11,$1.49,$1.69,0.15,0.1,0.16,0.18,0.00%
,,"2,171",Diamond Cash Mighty Dwarves Inc,Greentube,Slot,"July, 2024",12,$2.59,$2.05,0.13,0.1,0.16,0.18,0.00%
,,"2,172",Hot Shots Mines,Igt,Instant Win,"September, 2025",22,$8.11,$5.79,0.05,0.1,0.16,0.30,0.00%
,,"2,173",Bananaz 10k Ways,Reel Play,Slot,"June, 2023",20,$1.57,$1.22,0.19,0.2,0.16,0.18,0.00%
,,"2,174",Trinity Treasures Wukong,Greentube,Slot,"July, 2025",9,$1.12,$1.01,0.31,0.1,0.16,0.18,0.00%
,,"2,175",Bonus Fruits,Inspired,Slot,"January, 2022",8,$0.88,$0.71,0.25,0.1,0.16,0.18,0.00%
,,"2,176",Diamonds By Da Vinci,High 5 Games,Slot,"June, 2023",3,$1.23,$1.26,0.34,0.2,0.16,0.18,0.00%
,,"2,177",Bubbly Wild Incredibet,Aristocrat,Slot,"April, 2025",5,$1.90,$2.03,0.13,0.1,0.16,0.18,0.00%
,,"2,178",Vegas Megaways,Evolution,Slot,"November, 2022",20,$1.84,$1.09,0.19,0.2,0.16,0.18,0.00%
,,"2,179",High Seas Jackpots,Greentube,Slot,"August, 2022",14,$1.51,$0.97,0.33,0.1,0.16,0.18,0.00%
,,"2,180",Mega Meltdown,Everi,Slot,"May, 2021",18,$5.72,$5.68,0.05,0.1,0.16,0.18,0.00%
,,"2,181",Immortal Ways Volcano,Ruby Play,Slot,"August, 2025",3,$1.76,$1.79,0.56,0.1,0.16,0.18,0.00%
,,"2,182",4 Wild Wolves,Spearhead Studios,Slot,"June, 2025",6,$1.14,$0.96,0.22,0.1,0.16,0.18,0.00%
,,"2,183",Epic Ape,Playtech,Slot,"October, 2021",8,$1.47,$1.22,0.45,0.1,0.16,0.18,0.00%
,,"2,184",Crazy Fishin,White Hat Studios,Slot,"August, 2022",26,$2.00,$1.44,0.17,0.2,0.16,0.18,0.01%
,,"2,185",Pirate Plunder,Ags,Slot,"January, 2023",15,$1.89,$1.73,0.18,0.1,0.16,0.18,0.00%
,,"2,186",Deal Or No Deal Bankers Bonanza,White Hat Studios,Slot,"April, 2023",5,$0.84,$0.76,0.33,0.1,0.16,0.18,0.00%
,,"2,187",Queen Of The Castle,Light & Wonder,Slot,"March, 2021",5,$1.38,$0.57,0.09,0.2,0.16,0.17,0.00%
,,"2,188",Treasure Mine,Evolution,Slot,"October, 2024",21,$1.15,$0.85,0.21,0.1,0.16,0.17,0.00%
,,"2,189",Luck O The Clover,Spinberry,Slot,"September, 2024",9,$1.46,$0.76,0.23,0.1,0.16,0.17,0.00%
,,"2,190",Lion Safari,Igt,Slot,"April, 2024",27,$2.08,$0.73,1.08,0.1,0.16,0.17,0.00%
,,"2,191",Cave Of 100 Secrets,Oddsworks,Slot,"November, 2024",14,$1.89,$1.44,0.13,0.1,0.16,0.17,0.00%
,,"2,192",Age Of Akkadia,Evolution,Slot,"March, 2022",23,$0.98,$0.83,0.26,0.1,0.16,0.17,0.00%
,,"2,193",Jaguar Princess,High 5 Games,Slot,"September, 2021",20,$1.88,$1.17,0.23,0.2,0.16,0.17,0.01%
,,"2,194",Fuzanglong Fire Wilds,Greentube,Slot,"November, 2021",16,$1.52,$1.39,0.19,0.1,0.16,0.17,0.01%
,,"2,195",Tippy Tavern,Games Global,Slot,"June, 2023",19,$1.53,$1.13,0.17,0.1,0.16,0.17,0.01%
,,"2,196",Tiki Fortune,Ags,Slot,"July, 2023",28,$1.67,$1.19,0.16,0.1,0.16,0.17,0.01%
,,"2,197",Zodiac Infinity Reels,Reel Play,Slot,"May, 2021",15,$1.27,$1.00,0.17,0.2,0.16,0.17,0.00%
,,"2,198",Blackjack Double Deck,Ags,Table Game,"March, 2025",8,$42.90,$35.29,0.16,2.9,0.16,0.06,0.00%
,,"2,199",Wolf Canyon Hold And Win,Igt,Slot,"January, 2025",26,$2.23,$1.34,0.15,0.1,0.16,0.17,0.01%
,,"2,200",Divine Riches Helios,Games Global,Slot,"September, 2022",14,$1.58,$1.26,0.09,0.1,0.16,0.17,0.01%
,,"2,201",Shadow Diamonds Noir,High 5 Games,Slot,"August, 2021",13,$1.48,$1.39,0.35,0.2,0.16,0.17,0.00%
,,"2,202",Diamond Blitz 2,Evolution,Slot,"February, 2025",26,$1.64,$1.37,0.17,0.1,0.16,0.17,0.00%
,,"2,203",Sweet Spotz,Slotmill,Slot,"March, 2025",2,$1.40,$1.40,0.21,0.1,0.16,0.17,0.00%
,,"2,204",Golden Ticket,Play N Go,Slot,"July, 2023",3,$1.35,$1.10,0.39,0.2,0.16,0.17,0.00%
,,"2,205",Monster Blast,Skillzz Gaming,Slot,"January, 2023",4,$1.67,$0.80,0.16,0.1,0.16,0.17,0.00%
,,"2,206",Panda Queen,Design Works Gaming,Slot,"December, 2021",12,$2.43,$1.14,0.20,0.1,0.16,0.17,0.00%
,,"2,207",J Mania Loco Habanero,Ruby Play,Slot,"July, 2025",3,$1.47,$1.50,0.29,0.1,0.16,0.17,0.00%
,,"2,208",Clash Of The Beasts,Evolution,Slot,"August, 2021",24,$1.31,$1.05,0.19,0.1,0.16,0.17,0.00%
,,"2,209",Chilli Picante Megaways,White Hat Studios,Slot,"March, 2023",10,$2.19,$1.88,0.15,0.1,0.16,0.17,0.00%
,,"2,210",24k Gold Tiger,Reel Play,Slot,"May, 2025",13,$1.58,$1.37,0.15,0.1,0.16,0.17,0.00%
,,"2,211",American Double Gold,Games Global,Slot,"August, 2024",18,$1.52,$1.36,0.17,0.1,0.16,0.17,0.01%
,,"2,212",Fruit Blast,Skillzz Gaming,Slot,"January, 2023",4,$3.84,$4.46,0.11,0.1,0.16,0.17,0.00%
,,"2,213",Treasure Box Dynasty,Igt,Slot,"June, 2023",19,$2.10,$1.64,0.15,0.1,0.16,0.17,0.00%
,,"2,214",Buffalo Smash,Octoplay,Instant Win,"October, 2024",5,$1.51,$1.13,0.30,0.1,0.16,0.29,0.00%
,,"2,215",Apex Strike Megaways,1x2 Network,Slot,"January, 2025",5,$1.64,$1.73,0.19,0.2,0.16,0.17,0.00%
,,"2,216",Pixie Garden,Internal,Slot,"April, 2021",4,$1.68,$1.37,0.17,0.2,0.16,0.17,0.00%
,,"2,217",African Diamond,Konami,Slot,"January, 2025",19,$1.43,$1.11,0.16,0.1,0.16,0.17,0.01%
,,"2,218",Alexander The Great,Evolution,Slot,"June, 2025",3,$2.66,$0.44,0.18,0.1,0.16,0.17,0.00%
,,"2,219",Age Of The Gods Wonder Warriors,Playtech,Slot,"July, 2025",14,$1.42,$1.05,0.20,0.1,0.15,0.17,0.00%
,,"2,220",Wildfire Wins Extreme,Games Global,Slot,"March, 2024",2,$1.44,$1.44,0.15,0.1,0.15,0.17,0.00%
,,"2,221",Bonanza Blast Ultratap,Ags,Instant Win,"June, 2024",29,$1.18,$0.87,0.26,0.1,0.15,0.29,0.01%
,,"2,222",Joker Rush Collect Em,Playtech,Slot,"September, 2025",16,$1.18,$1.12,0.20,0.1,0.15,0.17,0.01%
,,"2,223",Abra Cat Dabra,Games Global,Slot,"December, 2022",7,$1.38,$1.04,0.12,0.1,0.15,0.17,0.00%
,,"2,224",Diamond Link Almighty Wolf,Greentube,Slot,"March, 2024",10,$1.39,$1.31,0.21,0.1,0.15,0.17,0.00%
,,"2,225",3 Capybaras,1x2 Network,Slot,"August, 2025",4,$1.16,$1.29,0.22,0.1,0.15,0.17,0.00%
,,"2,226",9 Burning Stars Halloween,Wazdan,Slot,"October, 2025",4,$0.79,$0.80,0.75,0.2,0.15,0.17,0.00%
,,"2,227",Majestic Bison,Spinomenal,Slot,"August, 2025",2,$3.20,$3.20,0.19,0.1,0.15,0.17,0.00%
,,"2,228",Fire Queen,Light & Wonder,Slot,"March, 2021",7,$2.80,$2.87,0.14,0.2,0.15,0.17,0.00%
,,"2,229",Mystery Genie Fortunes Of The Lamp,Play N Go,Slot,"July, 2024",5,$0.71,$0.52,0.22,0.1,0.15,0.17,0.00%
,,"2,230",Wild Drop Multiplier,Inspired,Slot,"January, 2025",19,$1.54,$1.21,0.22,0.1,0.15,0.17,0.00%
,,"2,231",Inspector Wilds,1x2 Network,Slot,"October, 2025",4,$1.31,$1.22,0.24,0.1,0.15,0.17,0.00%
,,"2,232",Quad Cat,High 5 Games,Slot,"February, 2022",7,$2.04,$1.27,0.28,0.2,0.15,0.17,0.00%
,,"2,233",101 Crystal Skulls,High 5 Games,Slot,"July, 2025",22,$1.67,$1.24,0.11,0.1,0.15,0.17,0.01%
,,"2,234",Athens Megaways,Evolution,Slot,"May, 2023",14,$1.06,$0.94,0.21,0.1,0.15,0.17,0.00%
,,"2,235",Tiki Fruits Totem Frenzy,Evolution,Slot,"February, 2022",21,$0.83,$0.80,0.21,0.1,0.15,0.17,0.01%
,,"2,236",Dragon Tao,Ags,Slot,"January, 2023",30,$1.89,$1.83,0.12,0.1,0.15,0.17,0.01%
,,"2,237",Doggy Riches Megaways,Evolution,Slot,"July, 2022",17,$1.15,$0.86,0.25,0.1,0.15,0.17,0.00%
,,"2,238",Irish Magic,Igt,Slot,"March, 2021",24,$0.90,$0.75,0.27,0.1,0.15,0.17,0.00%
,,"2,239",Foxin Wins,Light & Wonder,Slot,"March, 2021",7,$2.76,$1.89,0.10,0.1,0.15,0.17,0.00%
,,"2,240",Winner Workshop Wonderland Luckytap ™,Design Works Gaming,Instant Win,"November, 2024",16,$1.88,$1.37,0.07,0.1,0.15,0.28,0.00%
,,"2,241",Casinomeister,Light & Wonder,Slot,"March, 2021",4,$2.39,$2.21,0.16,0.1,0.15,0.17,0.00%
,,"2,242",Dunes Horizon,Oddsworks,Slot,"October, 2025",8,$1.73,$1.62,0.22,0.1,0.15,0.17,0.00%
,,"2,243",Worms Reloaded Jackpot Royale,White Hat Studios,Slot,"July, 2022",16,$1.78,$1.68,0.12,0.1,0.15,0.17,0.01%
,,"2,244",Pond Life,Inspired,Slot,"June, 2025",22,$1.81,$1.16,0.16,0.1,0.15,0.17,0.01%
,,"2,245",Turkey Day,Spinberry,Slot,"November, 2024",9,$1.36,$1.01,0.15,0.1,0.15,0.17,0.00%
,,"2,246",Eggcellent Wins Luckytap ™,Design Works Gaming,Instant Win,"October, 2023",16,$1.36,$0.90,0.30,0.1,0.15,0.28,0.01%
,,"2,247",Jaws Of Steel,Everi,Slot,"April, 2024",21,$1.79,$1.55,0.17,0.1,0.15,0.17,0.01%
,,"2,248",Diamonds Sapphires Rubies 4 Play,Design Works Gaming,Slot,"March, 2023",12,$4.48,$2.43,0.09,0.1,0.15,0.17,0.00%
,,"2,249",Electric Tiger,Igt,Slot,"March, 2021",24,$4.63,$1.41,0.10,0.1,0.15,0.17,0.01%
,,"2,250",Fish Wishes,Internal,Slot,"April, 2023",9,$1.59,$1.34,0.27,0.1,0.15,0.16,0.00%
,,"2,251",Gladiator Legends,Hacksaw Gaming,Slot,"September, 2023",19,$3.12,$1.98,0.11,0.1,0.15,0.16,0.01%
,,"2,252",Voyage Of Wealth,Spinberry,Slot,"August, 2025",9,$1.98,$1.35,0.11,0.1,0.15,0.16,0.00%
,,"2,253",Rainbow Trinkets,High 5 Games,Slot,"March, 2023",18,$0.83,$0.74,0.32,0.2,0.15,0.16,0.00%
,,"2,254",Spin A Win (City Branded),Playtech,Live Casino,"February, 2025",3,$8.11,$7.71,0.07,0.2,0.15,0.04,0.00%
,,"2,255",9 Masks Of Fire Hyper Spins,Games Global,Slot,"November, 2021",14,$1.10,$1.11,0.19,0.1,0.15,0.16,0.00%
,,"2,256",Holidays Joker Halloween,Spinomenal,Slot,"October, 2025",2,$1.39,$1.39,0.31,0.1,0.15,0.16,0.00%
,,"2,257",Wolf Howl,Games Global,Slot,"August, 2021",11,$1.49,$1.22,0.28,0.2,0.15,0.16,0.00%
,,"2,258",Pharaohs Fortune,Igt,Slot,"July, 2021",26,$1.60,$1.12,0.17,0.1,0.15,0.16,0.00%
,,"2,259",Mega Joker,Evolution,Slot,"March, 2021",5,$1.83,$1.88,0.25,0.2,0.15,0.16,0.00%
,,"2,260",10000 Bass Lightning Blitz,Reel Play,Slot,"October, 2024",27,$1.44,$1.07,0.17,0.1,0.15,0.16,0.00%
,,"2,261",Road Rage,Evolution,Slot,"January, 2025",7,$1.91,$1.19,0.27,0.1,0.15,0.16,0.00%
,,"2,262",Juicy Rolls Feature Frenzy,Octoplay,Slot,"August, 2025",5,$0.84,$0.99,0.37,0.1,0.15,0.16,0.00%
,,"2,263",Down The Chimney,Bragg Gaming Group,Slot,"November, 2023",16,$1.29,$1.34,0.21,0.1,0.15,0.16,0.00%
,,"2,264",Crystal Mirror,Evolution,Slot,"November, 2021",22,$1.36,$0.99,0.18,0.1,0.15,0.16,0.00%
,,"2,265",Blue Coyote,Aruze,Slot,"June, 2023",4,$6.55,$6.51,0.07,0.1,0.15,0.16,0.00%
,,"2,266",Lucky Golden Coins,Spinberry,Slot,"November, 2024",9,$1.45,$0.94,0.20,0.1,0.15,0.16,0.00%
,,"2,267",Angels Touch,Light & Wonder,Slot,"March, 2021",5,$1.70,$1.58,0.46,0.2,0.15,0.16,0.00%
,,"2,268",Bullion Bars Grab The Gold,Inspired,Slot,"August, 2021",11,$0.76,$0.77,0.36,0.1,0.15,0.16,0.00%
,,"2,269",Dream Catcher,Evolution,Live Casino,"March, 2021",12,$9.44,$9.12,0.05,0.2,0.15,0.04,0.00%
,,"2,270",Panda Blessings,Ags,Slot,"October, 2023",27,$1.85,$1.74,0.14,0.1,0.15,0.16,0.01%
,,"2,271",Fire Blaze Toltec Blocks,Playtech,Slot,"February, 2024",10,$0.85,$0.82,0.61,0.1,0.15,0.16,0.00%
,,"2,272",Jackpot Inferno,Everi,Slot,"March, 2021",19,$2.82,$2.29,0.07,0.1,0.15,0.16,0.00%
,,"2,273",Hoard Of Poseidon,Evolution,Slot,"August, 2021",19,$1.27,$0.75,0.15,0.1,0.15,0.16,0.00%
,,"2,274",Crystal Forest Hd,Light & Wonder,Slot,"March, 2021",4,$4.25,$2.55,0.05,0.2,0.15,0.16,0.00%
,,"2,275",Agent Jane Blonde Max Volume,Games Global,Slot,"March, 2022",12,$1.76,$1.47,0.11,0.1,0.15,0.16,0.00%
,,"2,276",Red Diamond,Evolution,Slot,"May, 2024",27,$1.20,$0.96,0.20,0.1,0.15,0.16,0.01%
,,"2,277",Cash O Matic,Evolution,Slot,"March, 2021",20,$1.65,$1.61,0.17,0.2,0.15,0.16,0.00%
,,"2,278",Red Hot Joker Cascade,Igt,Slot,"April, 2025",30,$1.30,$1.11,0.18,0.1,0.15,0.16,0.01%
,,"2,279",Dragon Unleashed Red Fleet,Light & Wonder,Slot,"September, 2024",29,$1.81,$1.55,0.16,0.1,0.15,0.16,0.00%
,,"2,280",Pearl Bay Mermaid Kingdom,High 5 Games,Slot,"February, 2025",22,$2.72,$1.25,0.11,0.2,0.15,0.16,0.01%
,,"2,281",Sugar Craze Rising Rewards,Games Global,Slot,"June, 2025",20,$2.14,$0.91,0.11,0.1,0.15,0.16,0.00%
,,"2,282",Funky Pharaoh Jackpot Royale,White Hat Studios,Slot,"June, 2023",24,$1.49,$1.37,0.16,0.1,0.15,0.16,0.01%
,,"2,283",Ru Yi Wheel Panda,Konami,Slot,"July, 2025",22,$1.81,$1.56,0.13,0.1,0.15,0.16,0.00%
,,"2,284",Wild Destiny,Oddsworks,Slot,"March, 2025",4,$1.93,$1.33,0.20,0.1,0.15,0.16,0.00%
,,"2,285",Fortuna De Los Muertos 4,Spinomenal,Slot,"May, 2025",2,$1.22,$1.22,0.32,0.1,0.15,0.16,0.00%
,,"2,286",Tidal Riches,Greentube,Slot,"January, 2022",13,$1.31,$1.05,0.35,0.1,0.15,0.16,0.00%
,,"2,287",Mystic Spirits,Red Rake Gaming,Slot,"February, 2025",8,$1.34,$1.20,0.20,0.1,0.15,0.16,0.00%
,,"2,288",20 Coins Grand Gold Edition,Wazdan,Slot,"July, 2025",8,$1.53,$1.42,0.33,0.1,0.15,0.16,0.00%
,,"2,289",Zen Panda Loot Link,High 5 Games,Slot,"August, 2025",16,$2.07,$1.75,0.19,0.1,0.15,0.16,0.00%
,,"2,290",Desperados Wild Megaways,Inspired,Slot,"August, 2021",10,$1.89,$1.58,0.28,0.2,0.14,0.16,0.00%
,,"2,291",Wild Wild Nugget,Aristocrat,Slot,"April, 2023",9,$1.28,$1.42,0.20,0.1,0.14,0.16,0.00%
,,"2,292",Cash Noire,Evolution,Slot,"March, 2021",23,$1.98,$1.57,0.21,0.2,0.14,0.16,0.01%
,,"2,293",All Bets Blackjack Live,Playtech,Live Casino,"May, 2024",3,$6.61,$5.70,0.19,1.2,0.14,0.04,0.00%
,,"2,294",Rich N Wild,Ainsworth,Slot,"March, 2021",5,$1.60,$1.51,0.11,0.1,0.14,0.16,0.00%
,,"2,295",777 Multi Jackpots,Oddsworks,Slot,"August, 2024",12,$1.86,$1.09,0.18,0.1,0.14,0.16,0.00%
,,"2,296",Beware The Shark,Igt,Slot,"June, 2025",23,$2.58,$1.71,0.11,0.1,0.14,0.16,0.00%
,,"2,297",Thriller Gorilla Cashpots Jackpot,White Hat Studios,Slot,"December, 2023",4,$1.71,$1.58,0.19,0.1,0.14,0.16,0.00%
,,"2,298",Top O The Pots Jackpot Royale,White Hat Studios,Slot,"February, 2024",24,$1.55,$1.40,0.17,0.1,0.14,0.16,0.00%
,,"2,299",Bling Bling Penguin,Games Global,Slot,"November, 2023",17,$1.89,$1.13,0.13,0.1,0.14,0.16,0.00%
,,"2,300",Gaelic Luck,Playtech,Slot,"August, 2021",6,$4.59,$1.03,0.98,0.2,0.14,0.16,0.00%
,,"2,301",Celestial Moon Riches,Konami,Slot,"October, 2024",24,$2.78,$2.53,0.07,0.1,0.14,0.16,0.00%
,,"2,302",City Of Sound,Play N Go,Slot,"August, 2025",21,$0.97,$0.74,0.24,0.1,0.14,0.16,0.00%
,,"2,303",Carts Of Cash,Bragg Gaming Group,Slot,"February, 2024",17,$1.56,$1.51,0.11,0.1,0.14,0.16,0.00%
,,"2,304",First Person Golden Wealth Baccarat,Evolution,Live Casino,"May, 2022",10,$89.77,$12.68,0.01,0.5,0.14,0.04,0.00%
,,"2,305",Jokers Bonanza,Greentube,Slot,"September, 2025",10,$0.96,$0.96,0.25,0.1,0.14,0.15,0.00%
,,"2,306",Emerald Diamond,Evolution,Slot,"July, 2024",24,$1.49,$0.84,0.18,0.1,0.14,0.15,0.00%
,,"2,307",Gummy Giga Match,Ruby Play,Slot,"March, 2025",6,$2.35,$1.85,0.16,0.1,0.14,0.15,0.00%
,,"2,308",Majestic Blue Panther,Spinomenal,Slot,"June, 2025",2,$2.13,$2.13,0.15,0.1,0.14,0.15,0.00%
,,"2,309",Let It Burn,Evolution,Slot,"July, 2023",13,$1.66,$1.43,0.13,0.1,0.14,0.15,0.00%
,,"2,310",Taco Fury Xxxtreme,Evolution,Slot,"July, 2023",11,$21.60,$1.58,0.04,0.1,0.14,0.15,0.00%
,,"2,311",Xtension Cash Flames Of Glory,Ainsworth,Slot,"December, 2024",8,$2.67,$2.84,0.07,0.1,0.14,0.15,0.00%
,,"2,312",Joker Rush Cash Collect,Playtech,Slot,"March, 2025",19,$1.38,$0.70,0.11,0.1,0.14,0.15,0.00%
,,"2,313",Big Money Wheel,Evolution,Slot,"November, 2024",16,$1.94,$1.54,0.16,0.1,0.14,0.15,0.00%
,,"2,314",Thundering Buffalo,High 5 Games,Slot,"April, 2021",4,$1.42,$1.45,0.16,0.1,0.14,0.15,0.00%
,,"2,315",Vegas Night Life,Evolution,Slot,"March, 2021",24,$1.31,$1.08,0.21,0.1,0.14,0.15,0.00%
,,"2,316",Candy Paradise,Games Global,Slot,"October, 2024",18,$0.96,$0.90,0.14,0.1,0.14,0.15,0.01%
,,"2,317",Chests Of Gold,Games Global,Slot,"June, 2023",3,$2.31,$2.19,0.13,0.1,0.14,0.15,0.00%
,,"2,318",Big Thunder Quad Shot,Ainsworth,Slot,"March, 2021",8,$3.96,$1.93,0.11,0.1,0.14,0.15,0.00%
,,"2,319",Santas World,High 5 Games,Slot,"December, 2021",17,$0.96,$0.84,0.32,0.2,0.14,0.15,0.00%
,,"2,320",Colt Cash Hold And Win,Igt,Slot,"February, 2024",13,$2.04,$1.41,0.11,0.1,0.14,0.15,0.00%
,,"2,321",Sizzlin Stacks,Ags,Slot,"August, 2024",29,$1.89,$1.35,0.14,0.1,0.14,0.15,0.01%
,,"2,322",Pearl Power,Bragg Gaming Group,Slot,"October, 2022",10,$2.53,$1.73,0.13,0.1,0.14,0.15,0.00%
,,"2,323",Mighty Medusa,Oddsworks,Slot,"August, 2025",13,$1.22,$1.21,0.19,0.1,0.14,0.15,0.00%
,,"2,324",Mustang Money Super,Ainsworth,Slot,"June, 2021",8,$3.43,$2.53,0.05,0.1,0.14,0.15,0.00%
,,"2,325",Double Dinosaur Deluxe,High 5 Games,Slot,"March, 2021",11,$1.46,$1.40,0.17,0.1,0.14,0.15,0.00%
,,"2,326",Jolly Roger Wild Kraken,Play N Go,Slot,"June, 2025",16,$1.05,$1.10,0.13,0.1,0.14,0.15,0.00%
,,"2,327",Midnight Princess Origins,Play N Go,Slot,"July, 2025",20,$0.79,$0.82,0.26,0.1,0.14,0.15,0.00%
,,"2,328",Fire Blaze Golden Buccaneer Bells,Playtech,Slot,"June, 2023",14,$1.46,$1.11,0.24,0.1,0.14,0.15,0.00%
,,"2,329",Muerto En Mictlan,Play N Go,Slot,"November, 2024",2,$13.31,$13.31,0.05,0.1,0.14,0.15,0.00%
,,"2,330",Wild Shift,Design Works Gaming,Slot,"January, 2024",17,$1.21,$1.02,0.13,0.1,0.14,0.15,0.00%
,,"2,331",Super Surprise Box LuckyTap ™,Design Works Gaming,Instant Win,"November, 2024",8,$1.31,$1.41,0.17,0.1,0.14,0.26,0.00%
,,"2,332",Prize Miner Gold,White Hat Studios,Slot,"January, 2025",23,$3.04,$1.00,0.13,0.1,0.14,0.15,0.00%
,,"2,333",Bullion Bars,Inspired,Slot,"August, 2021",3,$0.24,$0.15,0.39,0.1,0.14,0.15,0.00%
,,"2,334",Book Of The Sphinx,Igt,Slot,"March, 2021",24,$2.09,$0.95,0.17,0.1,0.14,0.15,0.00%
,,"2,335",Shaolin Panda Chaos Reels,Octoplay,Slot,"October, 2024",5,$1.26,$0.88,0.26,0.1,0.14,0.15,0.00%
,,"2,336",Wings Of Fortune,Greentube,Slot,"June, 2022",6,$1.45,$1.19,0.23,0.1,0.14,0.15,0.00%
,,"2,337",Guss Gold Christmas,Igt,Slot,"November, 2024",24,$1.51,$1.16,0.13,0.1,0.14,0.15,0.01%
,,"2,338",Scatters Matter,Raw Igaming,Slot,"February, 2025",13,$1.27,$0.86,0.10,0.1,0.14,0.15,0.00%
,,"2,339",Azteca Gold Collect,Red Rake Gaming,Slot,"September, 2025",4,$0.96,$0.97,0.43,0.1,0.14,0.15,0.00%
,,"2,340",Big Spinner,Light & Wonder,Slot,"March, 2021",4,$1.31,$1.29,0.40,0.2,0.14,0.15,0.00%
,,"2,341",Diggy Gold,Oddsworks,Slot,"September, 2025",12,$2.42,$1.99,0.13,0.1,0.14,0.15,0.00%
,,"2,342",Royale With Cheese Megaways,Igt,Slot,"October, 2023",2,$0.69,$0.69,0.47,0.1,0.14,0.15,0.00%
,,"2,343",Moonlight Riches,Everi,Slot,"August, 2024",26,$3.51,$3.58,0.06,0.1,0.14,0.15,0.00%
,,"2,344",Cash Cave,Ainsworth,Slot,"March, 2021",9,$2.16,$1.22,0.20,0.1,0.14,0.15,0.00%
,,"2,345",Raging Rex 2,Play N Go,Slot,"January, 2023",15,$1.20,$1.09,0.23,0.1,0.13,0.15,0.00%
,,"2,346",Grizzly Gold Megaways,White Hat Studios,Slot,"January, 2023",11,$1.53,$1.14,0.26,0.2,0.13,0.15,0.00%
,,"2,347",Super Charged 7s Classic,Ainsworth,Slot,"August, 2021",6,$10.23,$3.42,0.05,0.1,0.13,0.15,0.00%
,,"2,348",Lone Star Jackpots,Greentube,Slot,"January, 2022",14,$1.51,$1.19,0.17,0.1,0.13,0.15,0.00%
,,"2,349",Fishtastic,Evolution,Slot,"August, 2025",26,$1.10,$1.02,0.20,0.1,0.13,0.15,0.01%
,,"2,350",Midnight Princess Power Of Love,Play N Go,Slot,"May, 2024",17,$0.95,$0.86,0.31,0.1,0.13,0.15,0.00%
,,"2,351",Egyptian Magic Keno,Bragg Gaming Group,Bingo/Keno,"January, 2025",6,$0.58,$0.50,0.71,0.1,0.13,0.13,0.00%
,,"2,352",Secrets Of Christmas,Evolution,Slot,"March, 2021",17,$2.06,$1.18,0.26,0.2,0.13,0.15,0.00%
,,"2,353",Festival 10k Ways,Reel Play,Slot,"June, 2024",27,$1.59,$1.02,0.21,0.1,0.13,0.15,0.00%
,,"2,354",Hot Slot Mystery Jackpot Joker,Wazdan,Slot,"June, 2023",21,$1.96,$1.37,0.14,0.1,0.13,0.15,0.01%
,,"2,355",Slingo Elf Blitz,Gaming Realms,Slot,"December, 2023",12,$27.97,$5.87,0.09,0.1,0.13,0.15,0.00%
,,"2,356",Merlwins Matchup,Aristocrat,Slot,"September, 2025",2,$1.75,$1.75,0.21,0.1,0.13,0.15,0.00%
,,"2,357",Fortune Treasure,Oddsworks,Slot,"October, 2023",18,$2.56,$1.00,0.15,0.1,0.13,0.15,0.00%
,,"2,358",White Rabbit,Evolution,Slot,"March, 2021",12,$3.62,$2.37,0.18,0.2,0.13,0.15,0.00%
,,"2,359",Buster Hammer Carnival,Reel Play,Slot,"April, 2021",18,$1.52,$1.25,0.19,0.2,0.13,0.15,0.00%
,,"2,360",Piggy Bank Cash,1x2 Network,Slot,"May, 2025",5,$0.95,$0.59,0.33,0.1,0.13,0.15,0.00%
,,"2,361",Diamond Tales The Ugly Duckling,Greentube,Slot,"February, 2023",8,$1.59,$1.45,0.23,0.1,0.13,0.15,0.00%
,,"2,362",Dolphin Thunder Ways,Light & Wonder,Slot,"June, 2025",16,$1.86,$1.52,0.11,0.1,0.13,0.15,0.00%
,,"2,363",Slingo Classic,Gaming Realms,Slot,"March, 2021",17,$3.00,$2.02,0.20,0.1,0.13,0.15,0.00%
,,"2,364",Benny The Beer,Hacksaw Gaming,Slot,"October, 2025",2,$2.57,$2.57,0.17,0.1,0.13,0.15,0.00%
,,"2,365",The Haunted Horseman,High 5 Games,Slot,"March, 2021",9,$3.69,$3.23,0.11,0.1,0.13,0.14,0.00%
,,"2,366",European Roulette Pro,Play N Go,Table Game,"November, 2024",5,$20.02,$20.39,0.02,0.1,0.13,0.05,0.00%
,,"2,367",Lockdown Loot,Playtech,Slot,"February, 2025",18,$0.91,$0.84,1.14,0.1,0.13,0.14,0.00%
,,"2,368",Big Bounty Gold,Games Global,Slot,"March, 2025",20,$1.50,$1.48,0.16,0.1,0.13,0.14,0.00%
,,"2,369",Tomb Of Akhenaten,Evolution,Slot,"September, 2024",22,$2.31,$1.34,0.09,0.1,0.13,0.14,0.00%
,,"2,370",Luck Of The Lamp Cash Link,Igt,Slot,"December, 2024",28,$2.34,$1.76,0.12,0.1,0.13,0.14,0.01%
,,"2,371",Beaver Las Vegas,Crucible Gaming,Slot,"September, 2024",10,$2.62,$1.44,0.13,0.1,0.13,0.14,0.00%
,,"2,372",Super Prize Punch LuckyTap ™,Design Works Gaming,Instant Win,"September, 2023",10,$4.54,$1.29,0.05,0.1,0.13,0.24,0.00%
,,"2,373",Silent Hill Return,Konami,Slot,"July, 2022",10,$1.92,$1.44,0.11,0.1,0.13,0.14,0.00%
,,"2,374",Hot Spot Multipliers The Y,Everi,Slot,"October, 2025",26,$1.62,$1.23,0.16,0.1,0.13,0.14,0.00%
,,"2,375",La Bomba,Light & Wonder,Slot,"March, 2021",5,$2.29,$2.46,0.27,0.1,0.13,0.14,0.00%
,,"2,376",Royal Nuts,Evolution,Slot,"January, 2025",24,$3.55,$1.75,0.21,0.1,0.13,0.14,0.00%
,,"2,377",Nitropolis,Light & Wonder,Slot,"July, 2024",9,$3.62,$2.92,0.21,0.1,0.13,0.14,0.00%
,,"2,378",Dynamite Riches,Evolution,Slot,"May, 2022",22,$1.03,$0.91,0.23,0.1,0.13,0.14,0.00%
,,"2,379",Dragons Of The North,Aristocrat,Slot,"October, 2021",11,$2.93,$1.64,0.14,0.1,0.13,0.14,0.00%
,,"2,380",Alice Mega Riches,Aristocrat,Slot,"August, 2023",12,$2.52,$1.20,0.06,0.1,0.13,0.14,0.00%
,,"2,381",Deadwood Xnudge,Evolution,Slot,"June, 2024",25,$9.28,$2.47,0.08,0.1,0.13,0.14,0.00%
,,"2,382",Viral Spiral,Evolution,Slot,"October, 2022",22,$0.87,$0.76,0.25,0.1,0.13,0.14,0.00%
,,"2,383",Gold Stacks 88 Dancing Foo,Aristocrat,Slot,"April, 2024",10,$1.76,$1.43,0.12,0.1,0.13,0.14,0.00%
,,"2,384",Phoenix Queen,Bragg Gaming Group,Slot,"August, 2025",13,$1.57,$1.47,0.14,0.1,0.13,0.14,0.00%
,,"2,385",Wild Lines American Eagle,Greentube,Slot,"July, 2022",10,$2.17,$1.57,0.08,0.1,0.13,0.14,0.00%
,,"2,386",Devils Number,Evolution,Slot,"September, 2021",14,$0.95,$0.91,0.28,0.1,0.13,0.14,0.00%
,,"2,387",Slingo Gems,Gaming Realms,Slot,"September, 2022",18,$4.64,$2.83,0.14,0.1,0.13,0.14,0.00%
,,"2,388",Off The Hook Good Ol Fishin Hole,Everi,Instant Win,"November, 2024",31,$3.77,$3.78,0.07,0.1,0.13,0.24,0.01%
,,"2,389",Johns Quest,Spinberry,Slot,"September, 2024",4,$1.28,$0.86,0.30,0.1,0.13,0.14,0.00%
,,"2,390",Pyramid,Evolution,Slot,"March, 2021",3,$1.65,$1.30,0.29,0.1,0.13,0.14,0.00%
,,"2,391",Perfect Gems,Play N Go,Slot,"November, 2022",21,$1.03,$1.03,0.22,0.1,0.13,0.14,0.00%
,,"2,392",Lock And Pop,Evolution,Slot,"November, 2024",19,$1.62,$1.45,0.18,0.1,0.13,0.14,0.00%
,,"2,393",Platinum American Roulette,Evolution,Table Game,"July, 2022",12,$91.66,$16.52,0.01,0.1,0.13,0.05,0.00%
,,"2,394",Hypercharged Inca Jungle,Light & Wonder,Slot,"October, 2024",24,$2.08,$1.29,0.15,0.1,0.13,0.14,0.00%
,,"2,395",12 Western Horseshoes,Games Global,Slot,"November, 2021",12,$1.48,$1.51,0.20,0.1,0.13,0.14,0.00%
,,"2,396",Cornelius,Evolution,Slot,"March, 2023",11,$1.54,$1.53,0.22,0.1,0.13,0.14,0.00%
,,"2,397",Royal Swan,Ainsworth,Slot,"April, 2021",5,$5.52,$5.02,0.04,0.1,0.13,0.14,0.00%
,,"2,398",Archdragons Luck Power Reels,Evolution,Slot,"August, 2024",25,$1.02,$0.90,0.21,0.1,0.13,0.14,0.00%
,,"2,399",Give Me Gold Rising Rewards,Games Global,Slot,"April, 2025",18,$1.32,$1.00,0.14,0.1,0.13,0.14,0.00%
,,"2,400",Cops N Robbers Megaways,Inspired,Slot,"February, 2022",4,$0.81,$0.82,0.31,0.1,0.13,0.14,0.00%
,,"2,401",Rise Of The Dragon,Ainsworth,Slot,"March, 2022",9,$2.68,$2.17,0.34,0.2,0.13,0.14,0.00%
,,"2,402",Majestic Cats,High 5 Games,Slot,"March, 2021",15,$1.53,$1.29,0.19,0.1,0.13,0.14,0.00%
,,"2,403",11 Coins Of Fire,Games Global,Slot,"July, 2022",16,$1.97,$1.34,0.13,0.1,0.13,0.14,0.00%
,,"2,404",Nascar Victory Lane,916 Gaming,Slot,"July, 2025",5,$1.23,$1.36,0.34,0.1,0.13,0.14,0.00%
,,"2,405",Gorilla Riches,Konami,Slot,"June, 2024",17,$1.60,$1.37,0.11,0.1,0.13,0.14,0.00%
,,"2,406",Gold Cherry,Inspired,Slot,"November, 2022",9,$0.94,$0.84,0.32,0.1,0.13,0.14,0.00%
,,"2,407",Santas Riches,Greentube,Slot,"November, 2022",11,$1.43,$1.15,0.19,0.1,0.13,0.14,0.00%
,,"2,408",Bank Boom,Light & Wonder,Slot,"October, 2024",26,$1.00,$0.93,0.30,0.1,0.13,0.14,0.00%
,,"2,409",Treasures Of The Pyramid,Igt,Slot,"March, 2021",25,$0.89,$0.74,0.21,0.1,0.13,0.14,0.01%
,,"2,410",Zodiac Lantern Tiger,Light & Wonder,Slot,"January, 2024",29,$1.42,$0.97,0.17,0.1,0.13,0.14,0.01%
,,"2,411",Absolutely Mammoth,Playtech,Slot,"March, 2024",4,$1.32,$1.24,0.09,0.1,0.13,0.14,0.00%
,,"2,412",Sweet As Candy Full House,White Hat Studios,Lottery,"January, 2024",7,$5.12,$5.62,0.08,0.1,0.13,0.09,0.00%
,,"2,413",Plinball,Games Global,Instant Win,"April, 2025",17,$3.27,$2.42,0.13,0.1,0.13,0.24,0.00%
,,"2,414",Dolphins,Ainsworth,Slot,"March, 2021",7,$2.03,$1.88,0.10,0.1,0.13,0.14,0.00%
,,"2,415",Laughing Dragon,Ainsworth,Slot,"March, 2022",12,$2.33,$2.25,0.19,0.2,0.13,0.14,0.00%
,,"2,416",Phoenix Xing,Ags,Slot,"July, 2023",26,$2.18,$1.63,0.15,0.1,0.13,0.14,0.00%
,,"2,417",Money Megaways,Pixiu Gaming,Slot,"February, 2024",3,$2.36,$2.43,0.10,0.1,0.13,0.14,0.00%
,,"2,418",Big Hits Blazinator,White Hat Studios,Slot,"June, 2024",29,$0.84,$0.75,0.22,0.1,0.13,0.14,0.00%
,,"2,419",Danger High Voltage,Evolution,Slot,"March, 2021",23,$2.03,$1.52,0.19,0.1,0.13,0.14,0.00%
,,"2,420",Slots O Luck Freespins,Inspired,Slot,"November, 2023",3,$1.15,$0.98,0.37,0.1,0.13,0.14,0.00%
,,"2,421",Rusty And Curly,Hacksaw Gaming,Slot,"October, 2024",9,$1.27,$1.30,0.07,0.1,0.13,0.14,0.00%
,,"2,422",Lucky Bonanza Cash Spree,Games Global,Slot,"August, 2024",12,$1.19,$0.99,0.18,0.1,0.13,0.14,0.00%
,,"2,423",Wild Leprecoins Double Luck,Aristocrat,Slot,"September, 2024",2,$2.46,$2.46,0.14,0.1,0.13,0.14,0.00%
,,"2,424",Experi Mental,Light & Wonder,Slot,"April, 2024",26,$1.15,$0.98,0.22,0.1,0.13,0.14,0.00%
,,"2,425",Jelly Jillions,Reel Play,Slot,"February, 2024",19,$1.17,$1.02,0.22,0.1,0.13,0.14,0.00%
,,"2,426",The Sword And The Grail,Play N Go,Slot,"November, 2022",9,$1.22,$1.19,0.15,0.1,0.13,0.14,0.00%
,,"2,427",Pyramid Quest For Immortality,Evolution,Slot,"March, 2021",19,$1.24,$1.15,0.25,0.1,0.12,0.14,0.00%
,,"2,428",Piggy Gold Coins,Everymatrix,Slot,"October, 2025",5,$1.51,$1.63,0.14,0.1,0.12,0.14,0.00%
,,"2,429",Power Prizes Noble Peacock,Greentube,Slot,"July, 2022",10,$1.49,$1.04,0.15,0.1,0.12,0.14,0.00%
,,"2,430",Piggy Blitz Disco Gold,Play N Go,Slot,"February, 2025",23,$1.08,$0.94,0.23,0.1,0.12,0.14,0.00%
,,"2,431",Hyper Strike Hyper Spins,Games Global,Slot,"January, 2022",9,$1.41,$1.38,0.12,0.1,0.12,0.14,0.00%
,,"2,432",Epic Joker,Relax Gaming,Slot,"July, 2023",10,$2.16,$0.57,0.39,0.2,0.12,0.14,0.00%
,,"2,433",Coins Of Egypt,Evolution,Slot,"March, 2021",15,$4.59,$1.22,0.07,0.2,0.12,0.14,0.01%
,,"2,434",Jungle Jim And The Lost Sphinx,Games Global,Slot,"August, 2021",15,$1.40,$1.20,0.20,0.1,0.12,0.14,0.00%
,,"2,435",Platinum Goddess Jackpot,High 5 Games,Slot,"November, 2023",4,$1.11,$1.17,0.24,0.1,0.12,0.14,0.00%
,,"2,436",Bewitching Beauties,High 5 Games,Slot,"October, 2021",16,$1.02,$0.91,0.13,0.1,0.12,0.14,0.01%
,,"2,437",Congo King,Ainsworth,Slot,"June, 2021",5,$5.66,$4.67,0.05,0.1,0.12,0.14,0.00%
,,"2,438",Multi Rise Video Poker High Roller,Oddsworks,Video Poker,"April, 2025",4,$4.79,$4.84,0.07,0.1,0.12,0.09,0.00%
,,"2,439",Shark Frenzy,Slotmill,Slot,"February, 2024",7,$1.38,$1.46,0.24,0.1,0.12,0.14,0.00%
,,"2,440",Chicken Night Fever,Games Global,Slot,"May, 2025",16,$1.35,$1.28,0.18,0.1,0.12,0.14,0.00%
,,"2,441",Blackjack Single Deck,Evolution,Table Game,"March, 2021",5,$9.75,$10.67,0.19,0.9,0.12,0.05,0.00%
,,"2,442",Twister,Evolution,Slot,"March, 2025",26,$2.54,$1.47,0.10,0.1,0.12,0.14,0.00%
,,"2,443",Golden Gateway,Aruze,Slot,"July, 2021",6,$1.54,$1.28,0.27,0.1,0.12,0.14,0.00%
,,"2,444",Mystic Staxx,Evolution,Slot,"March, 2023",17,$1.06,$0.67,0.22,0.1,0.12,0.14,0.00%
,,"2,445",Thunder Of The Egyptian Pyramid,Aruze,Slot,"December, 2024",2,$2.40,$2.40,0.24,0.1,0.12,0.14,0.00%
,,"2,446",Great Aztec Mines,Igt,Instant Win,"February, 2025",20,$11.96,$6.34,0.02,0.1,0.12,0.23,0.00%
,,"2,447",Wicked Dragon Wilds Mega Drop,Light & Wonder,Slot,"October, 2021",4,$2.39,$1.28,0.07,0.1,0.12,0.13,0.00%
,,"2,448",Quick Hit Ultra Pays Wolf Mountain,Light & Wonder,Slot,"October, 2022",27,$1.29,$1.29,0.18,0.1,0.12,0.13,0.01%
,,"2,449",Sizzling Bells,Wazdan,Slot,"June, 2023",9,$0.98,$0.82,0.41,0.1,0.12,0.13,0.00%
,,"2,450",Jungle Spirit Call Of The Wild,Evolution,Slot,"March, 2021",19,$1.70,$1.01,0.15,0.2,0.12,0.13,0.00%
,,"2,451",Hockey Power Play Megaways,Evolution,Slot,"May, 2025",27,$0.94,$0.81,0.26,0.1,0.12,0.13,0.01%
,,"2,452",Lucky Lucky,Oddsworks,Slot,"August, 2025",5,$1.60,$0.38,0.46,0.1,0.12,0.13,0.00%
,,"2,453",Divine Wine,Bragg Gaming Group,Slot,"March, 2025",15,$1.72,$1.70,0.15,0.1,0.12,0.13,0.00%
,,"2,454",Crocodile Blitz,Playtech,Slot,"August, 2025",6,$1.33,$1.14,0.17,0.1,0.12,0.13,0.00%
,,"2,455",Wolf Fang Spear Of Fire,Spinomenal,Slot,"August, 2025",2,$1.48,$1.48,0.22,0.1,0.12,0.13,0.00%
,,"2,456",Burn In Love,1x2 Network,Slot,"March, 2025",4,$0.92,$0.72,0.32,0.1,0.12,0.13,0.00%
,,"2,457",Big Bad Buffalo,High 5 Games,Slot,"September, 2023",17,$2.45,$1.51,0.14,0.1,0.12,0.13,0.00%
,,"2,458",Majestic White Leopard,Spinomenal,Slot,"April, 2025",2,$2.47,$2.47,0.12,0.1,0.12,0.13,0.00%
,,"2,459",Key To Success,Light & Wonder,Slot,"November, 2023",18,$1.04,$0.88,0.09,0.1,0.12,0.13,0.00%
,,"2,460",Dont Eat The Candy,Evolution,Slot,"October, 2024",19,$1.31,$0.99,0.22,0.1,0.12,0.13,0.00%
,,"2,461",Gold Stacks 88 Tiger Reign,Aristocrat,Slot,"March, 2024",4,$1.83,$1.50,0.10,0.1,0.12,0.13,0.00%
,,"2,462",Jungle Jim Gold Blitz,Games Global,Slot,"July, 2025",19,$1.20,$1.16,0.17,0.1,0.12,0.13,0.00%
,,"2,463",American Burger Bounty,Evolution,Slot,"June, 2025",26,$0.92,$0.88,0.20,0.1,0.12,0.13,0.00%
,,"2,464",King Of Sweets,Play N Go,Slot,"August, 2025",11,$1.37,$0.83,0.25,0.1,0.12,0.13,0.00%
,,"2,465",Deal Or No Deal Whats In Your Case,White Hat Studios,Slot,"December, 2022",3,$1.61,$1.52,0.10,0.1,0.12,0.13,0.00%
,,"2,466",Golden Treasure,Bragg Gaming Group,Slot,"March, 2023",11,$1.21,$0.97,0.12,0.1,0.12,0.13,0.00%
,,"2,467",Glitter Gems,Ainsworth,Slot,"March, 2021",6,$1.91,$1.19,0.13,0.1,0.12,0.13,0.00%
,,"2,468",Bubbly Wild Super 7,Aristocrat,Slot,"April, 2025",4,$1.28,$1.18,0.22,0.1,0.12,0.13,0.00%
,,"2,469",Fox Trot,Everi,Slot,"March, 2021",25,$1.63,$1.29,0.08,0.1,0.12,0.13,0.01%
,,"2,470",Zombie Destroyers,Spinberry,Slot,"October, 2024",8,$1.37,$1.15,0.14,0.1,0.12,0.13,0.00%
,,"2,471",Dr Wild And The Temple Of Treasure Megaways,White Hat Studios,Slot,"November, 2022",5,$1.32,$0.88,0.24,0.2,0.12,0.13,0.00%
,,"2,472",Stellar Stars,Games Global,Slot,"December, 2024",15,$1.15,$0.99,0.15,0.1,0.12,0.13,0.00%
,,"2,473",Emerald Isle,Light & Wonder,Slot,"March, 2021",16,$1.68,$1.57,0.17,0.1,0.12,0.13,0.00%
,,"2,474",3 Lucky Leprechauns,4theplayer,Slot,"March, 2025",22,$1.23,$0.96,0.17,0.1,0.12,0.13,0.00%
,,"2,475",Vikings,Evolution,Slot,"March, 2021",4,$1.86,$1.79,0.20,0.1,0.12,0.13,0.00%
,,"2,476",Angel Princess Jackpot Royale,White Hat Studios,Slot,"December, 2022",7,$1.64,$1.61,0.12,0.1,0.12,0.13,0.00%
,,"2,477",Blue Diamond,Evolution,Slot,"March, 2024",27,$1.11,$0.87,0.19,0.1,0.12,0.13,0.00%
,,"2,478",Dragon Power Keno,Bragg Gaming Group,Bingo/Keno,"August, 2024",10,$1.54,$1.85,0.13,0.1,0.12,0.11,0.00%
,,"2,479",Lock Breakers Goblin Bros,Greentube,Slot,"June, 2025",12,$1.31,$1.06,0.19,0.1,0.12,0.13,0.00%
,,"2,480",Treat Yo Elf,Bragg Gaming Group,Slot,"August, 2024",15,$1.45,$1.23,0.18,0.1,0.12,0.13,0.00%
,,"2,481",Thors Vengeance,Evolution,Slot,"August, 2025",15,$0.78,$0.78,0.27,0.1,0.12,0.13,0.00%
,,"2,482",Egyptian Underworld,Greentube,Slot,"July, 2023",15,$1.09,$1.08,0.20,0.1,0.12,0.13,0.00%
,,"2,483",Punk Rocker,Evolution,Slot,"June, 2024",17,$10.32,$3.11,0.09,0.1,0.12,0.13,0.00%
,,"2,484",Dolla Dolla Bill Mo Money,1x2 Network,Slot,"July, 2025",4,$1.33,$0.98,0.30,0.1,0.12,0.13,0.00%
,,"2,485",Dragon Ways Multiplier,Inspired,Slot,"March, 2021",11,$2.24,$1.63,0.14,0.1,0.12,0.13,0.00%
,,"2,486",Sizzling Kingdom Bison,Wazdan,Slot,"June, 2023",10,$1.90,$1.70,0.42,0.1,0.12,0.13,0.00%
,,"2,487",Platinum Single Zero Roulette,Evolution,Table Game,"July, 2022",6,$23.24,$19.83,0.02,0.2,0.12,0.05,0.00%
,,"2,488",Wizards Critters,High 5 Games,Slot,"June, 2022",5,$2.83,$1.29,0.10,0.1,0.12,0.13,0.00%
,,"2,489",Wings Over Olympus,Aristocrat,Slot,"March, 2025",15,$1.14,$1.21,0.15,0.1,0.12,0.13,0.00%
,,"2,490",Thriller Gorilla Megaways,White Hat Studios,Slot,"March, 2023",7,$1.33,$1.36,0.24,0.1,0.12,0.13,0.00%
,,"2,491",777 Hot Reels,Octoplay,Slot,"August, 2025",5,$1.06,$0.95,0.31,0.1,0.12,0.13,0.00%
,,"2,492",Hammer Cash,Gamecode,Slot,"December, 2023",6,$1.17,$0.98,0.17,0.1,0.12,0.13,0.00%
,,"2,493",Thoro,Light & Wonder,Slot,"April, 2025",9,$1.96,$1.35,0.15,0.1,0.12,0.13,0.00%
,,"2,494",Wild Dodo,Light & Wonder,Slot,"March, 2021",5,$1.15,$0.83,0.28,0.2,0.12,0.13,0.00%
,,"2,495",Thriller Gorilla Jackpot Royale,White Hat Studios,Slot,"July, 2023",4,$1.73,$1.77,0.10,0.1,0.12,0.13,0.00%
,,"2,496",Mystery Reels,Evolution,Slot,"August, 2021",21,$0.92,$0.65,0.17,0.1,0.12,0.13,0.00%
,,"2,497",Mine Blast,Ags,Slot,"January, 2024",27,$2.00,$1.46,0.08,0.1,0.12,0.13,0.00%
,,"2,498",Genie Nights,Evolution,Slot,"July, 2022",19,$1.75,$1.15,0.09,0.1,0.12,0.13,0.00%
,,"2,499",Top Cat Jackpot Royale,White Hat Studios,Slot,"March, 2023",5,$1.36,$1.33,0.10,0.1,0.12,0.13,0.00%
,,"2,500",Tyrant King Megaways,Igt,Slot,"October, 2023",13,$1.26,$1.03,0.36,0.1,0.12,0.13,0.00%
,,"2,501",Die Pinata Die,Spearhead Studios,Slot,"June, 2024",7,$2.29,$1.47,0.03,0.1,0.12,0.13,0.00%
,,"2,502",Disco Diamonds,Play N Go,Slot,"February, 2023",9,$1.42,$1.00,0.14,0.1,0.12,0.13,0.00%
,,"2,503",Pineapple Pop,Games Global,Slot,"March, 2024",8,$1.88,$0.81,0.09,0.1,0.12,0.13,0.00%
,,"2,504",Coin Quest 2,Slotmill,Slot,"November, 2024",2,$2.56,$2.56,0.12,0.1,0.12,0.13,0.00%
,,"2,505",Immortal Romance Roulette,Games Global,Table Game,"September, 2025",9,$13.85,$5.09,0.01,0.1,0.12,0.05,0.00%
,,"2,506",Masters Of Atlantis 2,White Hat Studios,Slot,"June, 2024",13,$1.22,$1.06,0.21,0.1,0.12,0.13,0.00%
,,"2,507",Ritual Respins,Light & Wonder,Slot,"June, 2023",20,$1.42,$1.12,0.17,0.1,0.12,0.13,0.00%
,,"2,508",Shadow Of The Panther Infinity,High 5 Games,Slot,"October, 2023",21,$1.57,$1.06,0.17,0.1,0.12,0.13,0.00%
,,"2,509",Lucky Fortune Bonus,Inspired,Slot,"September, 2021",11,$1.76,$1.43,0.14,0.1,0.12,0.13,0.00%
,,"2,510",Great Aztec Extra Gold Megaways,Igt,Slot,"February, 2024",15,$1.82,$1.43,0.14,0.1,0.12,0.13,0.00%
,,"2,511",Meltdown,Everi,Slot,"March, 2021",26,$2.11,$1.51,0.07,0.1,0.12,0.13,0.01%
,,"2,512",Dragons Of The North Deluxe,Aristocrat,Slot,"July, 2022",10,$2.92,$1.60,0.19,0.1,0.12,0.13,0.00%
,,"2,513",Stacking Kong,Rogue,Lottery,"August, 2024",16,$10.34,$3.86,0.03,0.1,0.12,0.08,0.01%
,,"2,514",Mystery Reels Deluxe,Evolution,Slot,"August, 2023",18,$1.21,$0.83,0.14,0.1,0.12,0.13,0.00%
,,"2,515",Jungle Jack,High 5 Games,Slot,"March, 2021",4,$2.13,$1.67,0.18,0.1,0.12,0.13,0.00%
,,"2,516",Super Mouse Grand,Aristocrat,Slot,"June, 2025",7,$1.10,$1.25,0.16,0.1,0.12,0.13,0.00%
,,"2,517",Temple Of Tollan,Play N Go,Slot,"August, 2024",16,$0.98,$0.73,0.29,0.1,0.12,0.13,0.00%
,,"2,518",Jackpot Hitz Xtrawin,Oddsworks,Slot,"March, 2024",5,$1.03,$0.91,0.22,0.1,0.12,0.13,0.00%
,,"2,519",Scarab Gold Bonus Buy,Inspired,Slot,"August, 2021",6,$3.68,$2.72,0.07,0.1,0.12,0.13,0.00%
,,"2,520",Xtension Cash Dazzling Stars,Ainsworth,Slot,"April, 2025",7,$3.26,$3.38,0.05,0.1,0.12,0.13,0.00%
,,"2,521",Loaded 7s,Igt,Slot,"November, 2022",28,$0.91,$0.58,0.18,0.1,0.12,0.13,0.00%
,,"2,522",Mirror Joker,Play N Go,Slot,"December, 2024",6,$0.51,$0.37,0.32,0.1,0.11,0.13,0.00%
,,"2,523",Great Nation Megaways,Evolution,Slot,"June, 2025",24,$0.92,$0.70,0.22,0.1,0.11,0.13,0.00%
,,"2,524",Pirates Plenty,Evolution,Slot,"October, 2022",15,$0.82,$0.85,0.32,0.1,0.11,0.13,0.00%
,,"2,525",Lucky Envelope Plum Riches,Konami,Slot,"February, 2024",10,$2.29,$1.52,0.09,0.1,0.11,0.13,0.00%
,,"2,526",Slingo Lucky Joker,Gaming Realms,Slot,"June, 2023",21,$7.33,$5.22,0.08,0.1,0.11,0.13,0.00%
,,"2,527",Bounty Raid,Evolution,Slot,"August, 2021",25,$1.28,$1.30,0.12,0.1,0.11,0.13,0.00%
,,"2,528",Cheshire Cat,Light & Wonder,Slot,"March, 2021",18,$1.78,$1.47,0.17,0.1,0.11,0.13,0.00%
,,"2,529",High 5 Heroes,High 5 Games,Slot,"May, 2025",16,$1.91,$1.51,0.13,0.1,0.11,0.13,0.00%
,,"2,530",I Luv Suits,Light & Wonder,Table Game,"April, 2021",17,$10.89,$10.38,0.07,0.3,0.11,0.05,0.00%
,,"2,531",Kanga Cash,Ainsworth,Slot,"March, 2021",10,$2.85,$2.40,0.10,0.1,0.11,0.12,0.00%
,,"2,532",Gods Of Troy Megaways,Evolution,Slot,"August, 2025",21,$1.28,$1.12,0.17,0.1,0.11,0.12,0.00%
,,"2,533",Stolen Treasures,Evolution,Slot,"May, 2023",19,$1.83,$0.63,0.06,0.1,0.11,0.12,0.00%
,,"2,534",Aurora Wilds,Games Global,Slot,"August, 2021",16,$2.50,$0.68,0.15,0.1,0.11,0.12,0.00%
,,"2,535",Wish Upon A Leprechaun Jackpot Royale,White Hat Studios,Slot,"February, 2023",6,$1.76,$1.54,0.09,0.1,0.11,0.12,0.00%
,,"2,536",Slingo Lucky Mcgold,Gaming Realms,Slot,"April, 2025",27,$5.86,$3.22,0.11,0.1,0.11,0.12,0.00%
,,"2,537",Pirate Pays,Evolution,Slot,"June, 2022",11,$1.31,$1.38,0.14,0.1,0.11,0.12,0.00%
,,"2,538",Super Times Pay Ten Play Video Poker,Igt,Video Poker,"November, 2025",19,$5.86,$4.06,0.14,0.2,0.11,0.08,0.00%
,,"2,539",Destiny Of Athena,Konami,Slot,"March, 2021",7,$2.16,$0.91,0.07,0.1,0.11,0.12,0.00%
,,"2,540",Hollywood Queen,High 5 Games,Slot,"February, 2024",14,$1.59,$1.45,0.09,0.1,0.11,0.12,0.00%
,,"2,541",Egyptian Rebirth Ii Mummys Return,Spinomenal,Slot,"June, 2025",2,$1.48,$1.48,0.10,0.1,0.11,0.12,0.00%
,,"2,542",Back Blackjack,Oddsworks,Table Game,"June, 2024",7,$12.76,$7.66,0.11,0.3,0.11,0.04,0.00%
,,"2,543",3 Shot Poker,Oddsworks,Table Game,"September, 2025",4,$6.33,$7.60,0.05,0.1,0.11,0.04,0.00%
,,"2,544",3 Lucky Witches,4theplayer,Slot,"October, 2024",15,$1.30,$1.11,0.18,0.1,0.11,0.12,0.00%
,,"2,545",Ghostbusters Triple Slime,Igt,Slot,"April, 2023",19,$1.58,$1.23,0.16,0.1,0.11,0.12,0.00%
,,"2,546",Pizza Fiesta,Games Global,Slot,"October, 2024",9,$2.41,$1.55,0.06,0.1,0.11,0.12,0.00%
,,"2,547",Treasure Hunter,Bragg Gaming Group,Slot,"August, 2024",17,$2.07,$1.60,0.10,0.1,0.11,0.12,0.00%
,,"2,548",Energoonz,Play N Go,Slot,"December, 2022",10,$1.09,$0.98,0.19,0.1,0.11,0.12,0.00%
,,"2,549",Quick Hit Ultra Pays Monkeys Fortune,Light & Wonder,Slot,"May, 2023",19,$1.96,$1.60,0.13,0.1,0.11,0.12,0.00%
,,"2,550",Super Fire 7s,Inspired,Slot,"March, 2021",8,$0.93,$0.95,0.24,0.1,0.11,0.12,0.00%
,,"2,551",Launchx,Games Global,Crash,"October, 2025",18,$1.64,$1.26,0.18,0.1,0.11,0.07,0.00%
,,"2,552",Sparkling Roses,Konami,Slot,"March, 2021",16,$1.62,$1.40,0.18,0.1,0.11,0.12,0.00%
,,"2,553",Crazy Fishin Megaways Jackpot Royale,White Hat Studios,Slot,"March, 2024",5,$1.29,$1.25,0.13,0.1,0.11,0.12,0.00%
,,"2,554",Xtension Cash Red Dreams,Ainsworth,Slot,"February, 2025",7,$1.91,$1.74,0.09,0.1,0.11,0.12,0.00%
,,"2,555",Bankers And Cash,Bragg Gaming Group,Slot,"October, 2023",8,$1.10,$1.24,0.09,0.1,0.11,0.12,0.00%
,,"2,556",Electric Nights,Ainsworth,Slot,"March, 2021",9,$1.31,$1.21,0.13,0.1,0.11,0.12,0.00%
,,"2,557",White King Ii,Playtech,Slot,"August, 2021",7,$1.66,$1.46,0.06,0.1,0.11,0.12,0.00%
,,"2,558",Sizzling Bells Halloween,Wazdan,Slot,"October, 2025",9,$0.91,$0.72,0.31,0.1,0.11,0.12,0.00%
,,"2,559",Golden Cryptex,Evolution,Slot,"November, 2021",24,$1.63,$0.93,0.13,0.1,0.11,0.12,0.00%
,,"2,560",Street Fighter 2 The World Warrior Slot,Evolution,Slot,"August, 2021",6,$1.24,$1.15,0.15,0.1,0.11,0.12,0.00%
,,"2,561",Big Prize Bubblegum Deluxe,Incredible Technologies,Slot,"March, 2021",16,$1.61,$1.55,0.12,0.1,0.11,0.12,0.00%
,,"2,562",Gemix 100,Play N Go,Slot,"October, 2024",13,$0.97,$0.75,0.27,0.1,0.11,0.12,0.00%
,,"2,563",Cherry Red Retro Roller,Games Global,Slot,"July, 2024",16,$1.85,$0.71,0.09,0.1,0.11,0.12,0.00%
,,"2,564",King Of Slots,Evolution,Slot,"March, 2021",14,$1.47,$1.04,0.23,0.1,0.11,0.12,0.00%
,,"2,565",Slots For Dummies,Everi,Slot,"April, 2025",28,$5.03,$4.74,0.04,0.1,0.11,0.12,0.00%
,,"2,566",Secrets Of Atlantis,Evolution,Slot,"March, 2021",18,$1.59,$1.22,0.18,0.1,0.11,0.12,0.00%
,,"2,567",Grand Circus,Ainsworth,Slot,"April, 2021",6,$1.63,$1.41,0.19,0.1,0.11,0.12,0.00%
,,"2,568",Pacific Gold,Light & Wonder,Slot,"April, 2024",10,$2.59,$2.48,0.10,0.1,0.11,0.12,0.00%
,,"2,569",The Trolls Treasure,Light & Wonder,Slot,"November, 2023",9,$6.25,$1.16,0.04,0.1,0.11,0.12,0.01%
,,"2,570",Arabian Wins,Red Rake Gaming,Slot,"November, 2024",7,$1.31,$1.13,0.41,0.1,0.11,0.12,0.00%
,,"2,571",Hop N Pop,Hacksaw Gaming,Slot,"October, 2023",8,$6.15,$2.50,0.06,0.1,0.11,0.12,0.00%
,,"2,572",Wild Bandolier,Play N Go,Slot,"September, 2025",4,$1.20,$1.17,0.23,0.1,0.11,0.12,0.00%
,,"2,573",Cash Of Command,Play N Go,Slot,"July, 2023",11,$1.83,$1.70,0.07,0.1,0.11,0.12,0.00%
,,"2,574",Way To Go,Aristocrat,Slot,"March, 2025",14,$1.37,$1.23,0.18,0.1,0.11,0.12,0.00%
,,"2,575",Riverboat Queen,Everi,Slot,"March, 2021",14,$1.37,$1.31,0.15,0.1,0.11,0.12,0.00%
,,"2,576",Golden Gals Cash Towers,Bragg Gaming Group,Slot,"July, 2025",16,$0.74,$0.71,0.50,0.2,0.11,0.12,0.00%
,,"2,577",Jungle Bonanza,White Hat Studios,Slot,"August, 2023",15,$1.76,$1.21,0.13,0.1,0.11,0.12,0.00%
,,"2,578",Treasures Of Kongar,Play N Go,Slot,"May, 2025",24,$1.09,$0.95,0.20,0.1,0.11,0.12,0.00%
,,"2,579",Great Tiger,Everi,Slot,"March, 2021",7,$1.93,$1.44,0.17,0.1,0.11,0.12,0.00%
,,"2,580",7777 American Ways,Oddsworks,Slot,"May, 2025",16,$1.78,$1.45,0.07,0.1,0.11,0.12,0.00%
,,"2,581",10x Minimum Extreme,Spinberry,Slot,"May, 2024",9,$1.50,$1.04,0.14,0.1,0.11,0.12,0.00%
,,"2,582",Millionaires Mile Hold And Win Riches,Igt,Slot,"July, 2025",19,$3.23,$1.88,0.09,0.1,0.11,0.12,0.00%
,,"2,583",Mayhem,Evolution,Slot,"January, 2023",18,$1.71,$0.96,0.08,0.1,0.11,0.12,0.00%
,,"2,584",Multiply Like Bunnies,High 5 Games,Slot,"March, 2021",14,$1.81,$1.36,0.13,0.1,0.11,0.12,0.00%
,,"2,585",Dead Mans Gold,Light & Wonder,Slot,"August, 2024",9,$1.74,$1.38,0.11,0.1,0.11,0.12,0.00%
,,"2,586",Jolly Leprechaun,Sega Sammy,Slot,"October, 2024",19,$1.86,$1.78,0.13,0.1,0.11,0.12,0.00%
,,"2,587",Jesters Vegas Experience,Bragg Gaming Group,Slot,"October, 2024",18,$1.86,$1.32,0.12,0.1,0.11,0.12,0.00%
,,"2,588",Reel Keeper,Evolution,Slot,"August, 2021",21,$0.97,$0.93,0.20,0.1,0.11,0.12,0.00%
,,"2,589",Christmas,Everi,Slot,"March, 2021",24,$1.79,$1.27,0.14,0.1,0.11,0.12,0.00%
,,"2,590",Flaming Fox,Evolution,Slot,"March, 2022",17,$2.00,$1.00,0.08,0.1,0.11,0.12,0.00%
,,"2,591",Mystery Express,Igt,Slot,"March, 2021",16,$3.78,$1.11,0.04,0.1,0.11,0.12,0.00%
,,"2,592",Mighty Monkey Coin Combo,Light & Wonder,Slot,"July, 2023",24,$1.35,$1.17,0.15,0.1,0.11,0.12,0.00%
,,"2,593",Merlins Magic Respins,Light & Wonder,Slot,"March, 2021",4,$1.69,$1.58,0.12,0.1,0.11,0.12,0.00%
,,"2,594",Fortune Reveal Money Card,Spinberry,Instant Win,"August, 2025",5,$1.33,$1.23,0.13,0.1,0.11,0.20,0.00%
,,"2,595",Halloween Fortune Ii,Playtech,Slot,"August, 2021",7,$1.80,$1.38,0.19,0.1,0.11,0.12,0.00%
,,"2,596",La Mafia Heist,Aristocrat,Slot,"March, 2024",9,$1.73,$1.00,0.10,0.1,0.11,0.12,0.00%
,,"2,597",Hippie Days,Skillzz Gaming,Slot,"January, 2023",4,$2.41,$2.19,0.12,0.1,0.11,0.12,0.00%
,,"2,598",Arthur Pendragon,Igt,Slot,"April, 2022",22,$3.41,$1.81,0.08,0.1,0.11,0.12,0.00%
,,"2,599",Mystic Fortune Deluxe,Oddsworks,Slot,"February, 2025",16,$1.09,$0.96,0.16,0.1,0.11,0.12,0.00%
,,"2,600",Dynamite Fortunes,Greentube,Slot,"August, 2024",10,$1.17,$0.94,0.13,0.1,0.11,0.12,0.00%
,,"2,601",Fate Of The 8,Incredible Technologies,Slot,"March, 2021",3,$2.07,$2.17,0.16,0.1,0.11,0.12,0.00%
,,"2,602",Fort Of Fortunes,High 5 Games,Slot,"March, 2021",5,$2.26,$1.74,0.29,0.2,0.11,0.12,0.00%
,,"2,603",Congo Cash,Bragg Gaming Group,Slot,"September, 2023",16,$1.29,$1.24,0.14,0.1,0.11,0.12,0.00%
,,"2,604",Dear Santa,Evolution,Slot,"November, 2024",23,$2.17,$0.90,0.13,0.1,0.11,0.12,0.00%
,,"2,605",Olympus Strikes,Ags,Slot,"March, 2021",25,$2.31,$2.28,0.10,0.1,0.11,0.12,0.00%
,,"2,606",Sonic 77 Sevens,High 5 Games,Slot,"April, 2025",22,$1.34,$1.01,0.23,0.1,0.11,0.12,0.00%
,,"2,607",Rainbow Mania,Oddsworks,Slot,"July, 2025",18,$1.03,$0.68,0.23,0.1,0.11,0.12,0.00%
,,"2,608",Slingo Inca Trail,Gaming Realms,Slot,"May, 2022",11,$7.96,$6.05,0.09,0.1,0.11,0.12,0.00%
,,"2,609",Vortex,Everi,Slot,"March, 2021",26,$1.54,$1.45,0.10,0.1,0.11,0.12,0.01%
,,"2,610",Lucky Envelope Crimson Riches,Konami,Slot,"September, 2024",22,$1.97,$1.68,0.10,0.1,0.11,0.12,0.00%
,,"2,611",Anubis Gold Jackpots,Inspired,Slot,"September, 2023",4,$1.89,$1.16,0.20,0.1,0.10,0.11,0.00%
,,"2,612",Kings Of Crystals 2 Power Combo,Games Global,Slot,"June, 2023",22,$1.19,$1.06,0.16,0.1,0.10,0.11,0.00%
,,"2,613",Banana Splits,High 5 Games,Slot,"March, 2021",3,$1.36,$1.18,0.16,0.1,0.10,0.11,0.00%
,,"2,614",Merlin Journey Of Flame,Play N Go,Slot,"September, 2023",6,$1.65,$1.22,0.14,0.1,0.10,0.11,0.00%
,,"2,615",Gypsy 3 Triple Tarot,High 5 Games,Slot,"April, 2021",6,$0.90,$0.93,0.22,0.1,0.10,0.11,0.00%
,,"2,616",Koi Harmony,Playtech,Slot,"March, 2024",13,$1.51,$1.18,0.12,0.1,0.10,0.11,0.00%
,,"2,617",Fruit Spin,Evolution,Slot,"March, 2021",18,$4.17,$1.42,0.14,0.1,0.10,0.11,0.00%
,,"2,618",Lion Dance,Igt,Slot,"June, 2022",14,$3.06,$1.27,0.14,0.1,0.10,0.11,0.00%
,,"2,619",Golden,Light & Wonder,Slot,"March, 2021",11,$1.09,$0.87,0.30,0.2,0.10,0.11,0.00%
,,"2,620",Treasure Tiles Of Scarab,Games Global,Slot,"June, 2025",18,$1.56,$0.92,0.14,0.1,0.10,0.11,0.00%
,,"2,621",Da Vinci Power Bet,High 5 Games,Slot,"June, 2024",18,$2.32,$1.72,0.16,0.1,0.10,0.11,0.00%
,,"2,622",Lucky Link Beats,Light & Wonder,Slot,"March, 2021",3,$9.27,$2.80,0.02,0.1,0.10,0.11,0.00%
,,"2,623",Lucky Strip,High 5 Games,Slot,"March, 2021",11,$1.19,$1.32,0.17,0.1,0.10,0.11,0.00%
,,"2,624",Night Of The Wolf,High 5 Games,Slot,"October, 2021",7,$1.39,$1.47,0.18,0.1,0.10,0.11,0.00%
,,"2,625",Christmas Cash Spins,Inspired,Slot,"December, 2021",5,$1.31,$1.59,0.12,0.1,0.10,0.11,0.00%
,,"2,626",Dice,Games Global,Instant Win,"June, 2025",9,$1.69,$1.15,0.19,0.1,0.10,0.19,0.00%
,,"2,627",Sun Of Fortune,Wazdan,Slot,"June, 2023",9,$1.25,$1.48,0.26,0.1,0.10,0.11,0.00%
,,"2,628",Moon Dancer,Ainsworth,Slot,"May, 2021",3,$2.06,$1.48,0.15,0.1,0.10,0.11,0.00%
,,"2,629",Kanga Cash Extra,Ainsworth,Slot,"April, 2021",8,$2.71,$3.12,0.11,0.1,0.10,0.11,0.00%
,,"2,630",Book Of The Irish,Inspired,Slot,"March, 2021",10,$2.70,$1.37,0.12,0.1,0.10,0.11,0.00%
,,"2,631",Cash Pots Blazinator,White Hat Studios,Slot,"March, 2025",27,$1.29,$0.87,0.17,0.1,0.10,0.11,0.00%
,,"2,632",Gargantoonz,Play N Go,Lottery,"February, 2024",9,$1.15,$0.98,0.16,0.1,0.10,0.07,0.00%
,,"2,633",Boat Bonanza Colossal Catch,Play N Go,Slot,"November, 2023",8,$1.05,$0.90,0.13,0.1,0.10,0.11,0.00%
,,"2,634",Silver Lux Triple Bonus Gems,Greentube,Slot,"March, 2025",3,$1.24,$1.25,0.17,0.1,0.10,0.11,0.00%
,,"2,635",Sea Of Plenty,Bragg Gaming Group,Slot,"June, 2023",10,$1.76,$1.56,0.10,0.1,0.10,0.11,0.00%
,,"2,636",Hellcatraz,Relax Gaming,Slot,"June, 2024",11,$2.06,$2.00,0.20,0.1,0.10,0.11,0.00%
,,"2,637",Super Cash Drop Deluxe Gigablox,Rogue,Slot,"March, 2025",9,$1.18,$1.26,0.18,0.1,0.10,0.11,0.00%
,,"2,638",Hit Bar,Playtech,Slot,"January, 2025",15,$1.51,$0.73,0.08,0.1,0.10,0.11,0.00%
,,"2,639",Wild Animals,Red Rake Gaming,Slot,"October, 2025",2,$2.83,$2.83,0.09,0.1,0.10,0.11,0.00%
,,"2,640",Trailblazer,White Hat Studios,Slot,"February, 2025",27,$0.95,$0.77,0.15,0.1,0.10,0.11,0.00%
,,"2,641",Duo Fu Duo Cai Grand Dragons,Light & Wonder,Slot,"June, 2023",28,$1.41,$1.18,0.17,0.1,0.10,0.11,0.00%
,,"2,642",Wild Turkey,Evolution,Slot,"March, 2021",20,$1.44,$1.02,0.13,0.1,0.10,0.11,0.00%
,,"2,643",Fortune Rangers,Evolution,Slot,"March, 2021",10,$3.29,$2.30,0.09,0.1,0.10,0.11,0.00%
,,"2,644",Bison Valley,Igt,Slot,"April, 2024",18,$1.87,$1.79,0.17,0.1,0.10,0.11,0.00%
,,"2,645",Fire Coins,White Hat Studios,Slot,"September, 2023",8,$1.26,$1.38,0.12,0.1,0.10,0.11,0.00%
,,"2,646",Pandoras Treasure,Evolution,Slot,"July, 2025",18,$1.51,$1.00,0.20,0.1,0.10,0.11,0.00%
,,"2,647",1942 Sky Warrior,Evolution,Slot,"May, 2022",18,$1.46,$1.30,0.13,0.1,0.10,0.11,0.00%
,,"2,648",Secrets Of The Forest Extreme,High 5 Games,Slot,"March, 2021",17,$1.08,$1.03,0.19,0.1,0.10,0.11,0.00%
,,"2,649",Fu Lai Cai Lai Wild Reveal,Aruze,Slot,"June, 2025",4,$1.70,$1.81,0.16,0.1,0.10,0.11,0.00%
,,"2,650",Sobeks Godly Spins,Play N Go,Slot,"April, 2025",16,$0.86,$0.70,0.14,0.1,0.10,0.11,0.00%
,,"2,651",Wolf Cub,Evolution,Slot,"March, 2021",15,$1.53,$1.24,0.24,0.1,0.10,0.11,0.00%
,,"2,652",Power Of Gods Hades,Wazdan,Slot,"June, 2023",11,$0.96,$0.74,0.42,0.1,0.10,0.11,0.00%
,,"2,653",Rise Of The Mountain King,Light & Wonder,Slot,"March, 2021",11,$1.70,$1.43,0.17,0.1,0.10,0.11,0.00%
,,"2,654",Bohemian Bazaar,High 5 Games,Slot,"August, 2024",12,$9.17,$1.71,0.01,0.1,0.10,0.11,0.00%
,,"2,655",Fire Phoenix Burst,Everi,Slot,"February, 2023",29,$1.62,$1.43,0.13,0.1,0.10,0.11,0.00%
,,"2,656",Spin Em Round,Playtech,Slot,"June, 2025",20,$1.03,$0.93,0.26,0.1,0.10,0.11,0.00%
,,"2,657",Treasures Of The Lamps,Playtech,Slot,"December, 2021",5,$3.45,$1.94,0.16,0.1,0.10,0.11,0.00%
,,"2,658",Majestic King,Spinomenal,Slot,"April, 2025",2,$2.04,$2.04,0.11,0.1,0.10,0.11,0.00%
,,"2,659",Tiger Palace,Design Works Gaming,Slot,"December, 2021",19,$1.85,$1.36,0.11,0.1,0.10,0.11,0.00%
,,"2,660",Reign Of Fire,Games Global,Slot,"October, 2024",10,$1.58,$1.42,0.09,0.1,0.10,0.11,0.00%
,,"2,661",Wild Linx,Playtech,Slot,"June, 2023",12,$0.94,$0.82,0.23,0.1,0.10,0.11,0.00%
,,"2,662",777 Surge,Games Global,Slot,"July, 2022",20,$1.24,$0.98,0.14,0.1,0.10,0.11,0.00%
,,"2,663",Valley Of The Buffalo,Design Works Gaming,Slot,"March, 2024",18,$1.48,$0.91,0.06,0.1,0.10,0.11,0.00%
,,"2,664",King Of The Watering Hole Jackpot Royale,White Hat Studios,Slot,"September, 2022",7,$1.74,$1.83,0.12,0.1,0.10,0.11,0.00%
,,"2,665",Ozzy Osbourne,Evolution,Slot,"March, 2021",23,$1.49,$1.35,0.21,0.1,0.10,0.11,0.00%
,,"2,666",Blazin Hot 7s Bigger Bonus,Light & Wonder,Slot,"May, 2024",22,$1.44,$1.04,0.14,0.1,0.10,0.11,0.00%
,,"2,667",Spin Bonanza,Ags,Slot,"September, 2024",28,$1.22,$0.92,0.17,0.1,0.10,0.11,0.00%
,,"2,668",Beehive Bonanza,Evolution,Slot,"August, 2023",6,$2.33,$2.13,0.18,0.1,0.10,0.11,0.00%
,,"2,669",Rise Of Olympus Origins,Play N Go,Slot,"October, 2024",19,$1.05,$1.10,0.22,0.1,0.10,0.11,0.00%
,,"2,670",Caught In The Widows Web,High 5 Games,Slot,"March, 2021",5,$2.07,$0.96,0.20,0.1,0.10,0.11,0.00%
,,"2,671",Prism Of Gems,Play N Go,Slot,"May, 2025",2,$1.21,$1.21,0.12,0.1,0.10,0.11,0.00%
,,"2,672",Gypsy Riches,Bragg Gaming Group,Slot,"March, 2021",16,$1.45,$1.22,0.19,0.1,0.10,0.11,0.00%
,,"2,673",Almighty 777 Jackpot Royale,White Hat Studios,Slot,"June, 2025",6,$1.75,$1.41,0.10,0.1,0.10,0.11,0.00%
,,"2,674",Wild Expedition,Evolution,Slot,"May, 2023",21,$1.29,$0.85,0.08,0.1,0.10,0.11,0.00%
,,"2,675",Reel Keeper Power Reels,Evolution,Slot,"August, 2023",19,$0.99,$0.95,0.15,0.1,0.10,0.11,0.00%
,,"2,676",Rainbows And Gold,Bragg Gaming Group,Slot,"March, 2024",14,$1.31,$1.27,0.14,0.1,0.10,0.11,0.00%
,,"2,677",Spinata Grande,Evolution,Slot,"March, 2021",30,$2.28,$1.31,0.08,0.1,0.10,0.11,0.00%
,,"2,678",Tropical Thunder,1x2 Network,Slot,"August, 2025",4,$0.96,$0.99,0.19,0.1,0.10,0.11,0.00%
,,"2,679",Money Raid Kodiak,Light & Wonder,Slot,"July, 2025",27,$1.83,$0.87,0.13,0.1,0.10,0.11,0.00%
,,"2,680",Crazy Genie,Evolution,Slot,"February, 2022",20,$0.93,$0.94,0.18,0.1,0.10,0.11,0.00%
,,"2,681",Mustang Spirit,Ainsworth,Slot,"April, 2022",8,$2.30,$2.04,0.10,0.1,0.10,0.11,0.00%
,,"2,682",The Wolfs Bane,Evolution,Slot,"March, 2021",14,$1.19,$0.94,0.33,0.1,0.10,0.11,0.00%
,,"2,683",Spirit Of Mustang Deluxe,Aristocrat,Slot,"April, 2025",9,$1.52,$1.24,0.09,0.1,0.10,0.11,0.00%
,,"2,684",Billy The Goat,White Hat Studios,Slot,"December, 2022",4,$0.96,$1.08,0.13,0.1,0.10,0.11,0.00%
,,"2,685",Diamond Cash Mighty Sevens Win Ways,Greentube,Slot,"October, 2024",4,$2.72,$2.25,0.11,0.1,0.10,0.11,0.00%
,,"2,686",Cocktail Cash,High 5 Games,Slot,"March, 2021",5,$1.67,$1.41,0.22,0.1,0.10,0.11,0.00%
,,"2,687",Vegas Royale,Bragg Gaming Group,Slot,"January, 2025",18,$1.94,$1.36,0.09,0.1,0.10,0.11,0.00%
,,"2,688",J Mania 3 Buffalo,Ruby Play,Slot,"July, 2025",3,$1.32,$1.39,0.18,0.1,0.10,0.11,0.00%
,,"2,689",Egyptian Magic,Bragg Gaming Group,Slot,"November, 2022",16,$1.85,$1.24,0.10,0.1,0.10,0.11,0.00%
,,"2,690",Road To Riches Race Day,Light & Wonder,Slot,"March, 2021",6,$1.71,$1.04,0.08,0.1,0.10,0.11,0.00%
,,"2,691",Fluffy Favourites,Playtech,Slot,"July, 2025",20,$1.65,$1.00,0.20,0.1,0.10,0.11,0.00%
,,"2,692",Goddess Treasures,Ags,Slot,"June, 2021",24,$2.01,$1.42,0.11,0.1,0.10,0.11,0.00%
,,"2,693",Here Kitty Kitty,Evolution,Slot,"December, 2023",19,$1.22,$0.78,0.22,0.1,0.10,0.11,0.00%
,,"2,694",Wonders Of The Deep,Aristocrat,Slot,"May, 2024",6,$1.90,$1.36,0.11,0.1,0.10,0.10,0.00%
,,"2,695",Wheel Of Fortune Power Wedges,Igt,Slot,"February, 2023",32,$2.00,$1.51,0.08,0.1,0.10,0.10,0.00%
,,"2,696",Stormin 7s,Ainsworth,Slot,"March, 2021",6,$1.00,$0.91,0.07,0.1,0.10,0.10,0.00%
,,"2,697",Codex Of Fortune,Evolution,Slot,"January, 2022",22,$1.97,$1.54,0.23,0.2,0.10,0.10,0.00%
,,"2,698",Conan,Evolution,Slot,"March, 2021",11,$1.49,$1.37,0.17,0.1,0.10,0.10,0.00%
,,"2,699",Jack And The Beanstalk,Evolution,Slot,"March, 2021",18,$1.25,$1.12,0.30,0.1,0.10,0.10,0.00%
,,"2,700",First Person Lightning Baccarat,Evolution,Live Casino,"May, 2022",11,$30.44,$14.74,0.02,0.2,0.10,0.03,0.00%
,,"2,701",Masks Of Fortune Megaways,Igt,Slot,"September, 2024",3,$1.47,$1.34,0.15,0.1,0.10,0.10,0.00%
,,"2,702",Santa Lin King,Inspired,Slot,"December, 2022",10,$1.32,$0.96,0.13,0.1,0.10,0.10,0.00%
,,"2,703",Honey Rush,Play N Go,Slot,"November, 2022",15,$1.42,$0.99,0.13,0.1,0.10,0.10,0.00%
,,"2,704",Secrets Of The Forest,High 5 Games,Slot,"March, 2021",8,$2.74,$1.73,0.06,0.1,0.10,0.10,0.00%
,,"2,705",Hot Slot 777 Rubies,Wazdan,Slot,"June, 2023",10,$0.93,$0.75,0.30,0.1,0.10,0.10,0.00%
,,"2,706",Gifts Of Fortune Megaways,Evolution,Slot,"January, 2024",4,$3.24,$2.81,0.10,0.1,0.09,0.10,0.00%
,,"2,707",Eggomatic,Evolution,Slot,"March, 2021",16,$1.57,$1.06,0.17,0.1,0.09,0.10,0.00%
,,"2,708",Lucky Vegas,Aristocrat,Slot,"October, 2021",8,$3.99,$2.86,0.05,0.1,0.09,0.10,0.00%
,,"2,709",Rich Little Piggies Hog Wild,Light & Wonder,Slot,"October, 2023",28,$1.02,$0.87,0.21,0.1,0.09,0.10,0.00%
,,"2,710",Mr Gold,Igt,Slot,"April, 2025",23,$1.10,$0.91,0.15,0.1,0.09,0.10,0.00%
,,"2,711",Beasts Of Fire,Play N Go,Slot,"January, 2023",4,$0.77,$0.53,0.19,0.1,0.09,0.10,0.00%
,,"2,712",10001 Nights,Evolution,Slot,"September, 2023",19,$0.96,$0.93,0.17,0.1,0.09,0.10,0.00%
,,"2,713",Red Zone Blitz,1x2 Network,Slot,"September, 2024",5,$0.91,$0.91,0.16,0.1,0.09,0.10,0.00%
,,"2,714",Coco Coin Pirates Treasure,Aruze,Slot,"February, 2025",9,$1.34,$1.37,0.26,0.1,0.09,0.10,0.00%
,,"2,715",Rich Little Piggies Meal Ticket Christmas Edition,Light & Wonder,Slot,"November, 2024",22,$1.40,$0.84,0.08,0.0,0.09,0.10,0.00%
,,"2,716",Inferno Fortunes Rising Rewards,Games Global,Slot,"February, 2025",16,$1.14,$0.89,0.13,0.1,0.09,0.10,0.00%
,,"2,717",Jingle Ways Megaways,Evolution,Slot,"August, 2022",17,$0.66,$0.63,0.21,0.1,0.09,0.10,0.00%
,,"2,718",Pharaoh Sun,Ags,Slot,"March, 2021",26,$1.93,$1.80,0.10,0.1,0.09,0.10,0.00%
,,"2,719",Full Force Link Mystical Owl,Incredible Technologies,Slot,"October, 2023",15,$1.88,$1.55,0.13,0.1,0.09,0.10,0.00%
,,"2,720",Banquet Of Dead,Play N Go,Slot,"June, 2024",2,$2.45,$2.45,0.02,0.1,0.09,0.10,0.00%
,,"2,721",Thors Lightning,Evolution,Slot,"July, 2024",18,$1.12,$0.86,0.16,0.1,0.09,0.10,0.00%
,,"2,722",Burgers,Evolution,Slot,"August, 2025",26,$1.27,$0.70,0.17,0.1,0.09,0.10,0.00%
,,"2,723",Flash Pays Paradise,Design Works Gaming,Slot,"August, 2024",20,$1.77,$1.06,0.10,0.1,0.09,0.10,0.00%
,,"2,724",Legends Of Troy The Siege,High 5 Games,Slot,"May, 2021",4,$0.99,$1.00,0.20,0.1,0.09,0.10,0.00%
,,"2,725",Wild Leprecoins,Aristocrat,Slot,"March, 2021",10,$1.96,$1.35,0.06,0.1,0.09,0.10,0.00%
,,"2,726",Fire Burner,Igt,Slot,"May, 2021",20,$0.70,$0.70,0.25,0.1,0.09,0.10,0.00%
,,"2,727",Super Charged 7s,Ainsworth,Slot,"March, 2021",6,$2.50,$2.36,0.05,0.1,0.09,0.10,0.00%
,,"2,728",Tiger King Joe Exotic,Evolution,Slot,"December, 2021",13,$1.41,$1.04,0.13,0.1,0.09,0.10,0.00%
,,"2,729",Night Wolf Frozen Flames,Spinomenal,Slot,"April, 2025",2,$2.68,$2.68,0.13,0.1,0.09,0.10,0.00%
,,"2,730",Queen Of Alexandria,Games Global,Slot,"August, 2021",13,$1.15,$0.74,0.10,0.1,0.09,0.10,0.00%
,,"2,731",Dollar Llama,High 5 Games,Slot,"March, 2021",13,$2.80,$2.05,0.07,0.1,0.09,0.10,0.00%
,,"2,732",Snowy Secrets,Igt,Slot,"November, 2023",25,$3.32,$1.07,0.09,0.1,0.09,0.10,0.00%
,,"2,733",Piggy Bank Riches,Rogue,Slot,"August, 2025",15,$1.43,$1.35,0.14,0.1,0.09,0.10,0.00%
,,"2,734",Joker Fire Frenzy,Games Global,Slot,"July, 2023",8,$1.33,$1.06,0.10,0.1,0.09,0.10,0.00%
,,"2,735",Pandamania,Light & Wonder,Slot,"March, 2021",3,$2.39,$1.93,0.11,0.1,0.09,0.10,0.00%
,,"2,736",Toro Shogun,Light & Wonder,Slot,"July, 2024",7,$2.51,$1.97,0.07,0.1,0.09,0.10,0.00%
,,"2,737",Jokrz Wild Jackpot,Bang Bang Games,Slot,"May, 2024",15,$1.15,$1.06,0.12,0.1,0.09,0.10,0.00%
,,"2,738",Golden Horns,Bragg Gaming Group,Slot,"June, 2025",17,$2.01,$1.42,0.13,0.1,0.09,0.10,0.00%
,,"2,739",Diamond Link Mighty Sevens Win Ways,Greentube,Slot,"July, 2024",4,$0.89,$0.62,0.17,0.1,0.09,0.10,0.00%
,,"2,740",Cirque Du Soleil Kooza,Light & Wonder,Slot,"March, 2021",15,$2.36,$1.26,0.12,0.1,0.09,0.10,0.00%
,,"2,741",Love Is In The Fair,Play N Go,Slot,"February, 2025",5,$3.68,$0.97,0.02,0.1,0.09,0.10,0.00%
,,"2,742",San Fa Pandas,Ainsworth,Slot,"August, 2024",8,$1.43,$1.53,0.14,0.1,0.09,0.10,0.00%
,,"2,743",Miss Fortune,Playtech,Slot,"October, 2021",5,$1.49,$0.67,0.27,0.1,0.09,0.10,0.00%
,,"2,744",Trollpot 5000,Evolution,Slot,"March, 2021",19,$0.20,$0.16,1.58,0.1,0.09,0.10,0.00%
,,"2,745",New Year Riches,Play N Go,Slot,"December, 2022",16,$1.42,$0.78,0.24,0.1,0.09,0.10,0.00%
,,"2,746",Guss Gold Mines,Igt,Slot,"December, 2024",20,$8.52,$3.71,0.04,0.1,0.09,0.10,0.00%
,,"2,747",Cosmic Heart,High 5 Games,Slot,"March, 2021",3,$2.14,$1.00,0.22,0.1,0.09,0.10,0.00%
,,"2,748",Ways Of The Phoenix,Playtech,Slot,"August, 2021",3,$0.77,$0.56,0.33,0.1,0.09,0.10,0.00%
,,"2,749",Crush Dynasty,Everi,Instant Win,"August, 2024",24,$3.49,$2.97,0.03,0.1,0.09,0.17,0.00%
,,"2,750",Emerald Dream,Ainsworth,Slot,"March, 2021",7,$2.80,$2.60,0.05,0.1,0.09,0.10,0.00%
,,"2,751",Turbo Multifire Roulette,Games Global,Table Game,"January, 2025",4,$10.09,$8.85,0.02,0.1,0.09,0.04,0.00%
,,"2,752",Volcanic Rock Fire Twin Fever,Konami,Slot,"March, 2021",15,$1.51,$1.45,0.17,0.1,0.09,0.10,0.00%
,,"2,753",3 Clown Monty,Play N Go,Slot,"March, 2023",4,$1.25,$1.00,0.08,0.1,0.09,0.10,0.00%
,,"2,754",Riches Of Aus Hold And Win,Igt,Slot,"July, 2023",12,$2.13,$1.40,0.16,0.1,0.09,0.10,0.00%
,,"2,755",Armadillo Artie Gone Wild,Design Works Gaming,Slot,"December, 2021",16,$1.51,$1.07,0.18,0.1,0.09,0.10,0.00%
,,"2,756",X Wheel Chili,Aruze,Slot,"March, 2025",6,$1.99,$1.63,0.11,0.1,0.09,0.10,0.00%
,,"2,757",Dj Wild Stud Poker,Light & Wonder,Video Poker,"March, 2021",8,$41.79,$13.77,0.05,0.4,0.09,0.06,0.00%
,,"2,758",Ice Heist 2 The Museum Snatch A Roo,Igt,Slot,"September, 2025",31,$1.27,$1.03,0.13,0.1,0.09,0.10,0.00%
,,"2,759",9 Loaded Pots Hyperspins,Games Global,Slot,"February, 2022",13,$1.47,$1.16,0.11,0.1,0.09,0.10,0.00%
,,"2,760",Firebird Fortunes,Games Global,Slot,"February, 2025",18,$1.06,$1.01,0.13,0.1,0.09,0.10,0.00%
,,"2,761",Calacas Cash,Greentube,Slot,"October, 2024",11,$0.99,$0.91,0.15,0.1,0.09,0.10,0.00%
,,"2,762",Coin O Mania,Igt,Slot,"June, 2021",17,$1.78,$1.43,0.11,0.1,0.09,0.10,0.00%
,,"2,763",Buckshot Wilds,Evolution,Slot,"July, 2024",18,$3.32,$1.84,0.03,0.1,0.09,0.10,0.00%
,,"2,764",Golden Goose Megaways,Evolution,Slot,"March, 2025",28,$1.89,$1.54,0.09,0.1,0.09,0.10,0.00%
,,"2,765",Magnificent Power Zeus,Games Global,Slot,"September, 2024",17,$1.54,$1.06,0.08,0.1,0.09,0.10,0.00%
,,"2,766",Dr Wild And The Eye Of Dead,White Hat Studios,Slot,"July, 2022",9,$0.71,$0.59,0.30,0.1,0.09,0.10,0.00%
,,"2,767",9 Masks Of Fire American Roulette,Games Global,Table Game,"October, 2025",9,$7.87,$8.09,0.02,0.1,0.09,0.04,0.00%
,,"2,768",Warlords Crystal Of Power,Evolution,Slot,"March, 2021",5,$1.22,$1.29,0.53,0.1,0.09,0.10,0.00%
,,"2,769",Ithacas Gold,Light & Wonder,Slot,"December, 2024",28,$1.74,$1.61,0.08,0.1,0.09,0.10,0.00%
,,"2,770",Laughing Buddha,Oddsworks,Slot,"May, 2025",18,$1.15,$1.17,0.15,0.1,0.09,0.10,0.00%
,,"2,771",Cash Voyage,Ainsworth,Slot,"November, 2021",6,$12.27,$7.28,0.03,0.1,0.09,0.10,0.00%
,,"2,772",Gorilla Power Megaways,White Hat Studios,Slot,"September, 2022",5,$2.01,$1.79,0.11,0.1,0.09,0.10,0.00%
,,"2,773",Bulls Run Wild,Evolution,Slot,"March, 2023",19,$1.24,$0.84,0.08,0.1,0.09,0.10,0.00%
,,"2,774",Divine Reels,Spinberry,Slot,"October, 2025",3,$1.17,$1.07,0.17,0.0,0.09,0.10,0.00%
,,"2,775",Napoleon Rise Of An Empire,White Hat Studios,Slot,"October, 2022",5,$1.33,$1.34,0.12,0.1,0.09,0.10,0.00%
,,"2,776",Coins And Cannons,Slotmill,Slot,"January, 2025",2,$1.63,$1.63,0.13,0.1,0.09,0.10,0.00%
,,"2,777",King Of Macedonia,Igt,Slot,"March, 2021",16,$2.42,$1.71,0.04,0.1,0.09,0.10,0.00%
,,"2,778",Kiss Reels Of Rock,Play N Go,Slot,"January, 2023",15,$1.04,$0.93,0.16,0.1,0.09,0.10,0.00%
,,"2,779",Captain Riches,Ags,Slot,"April, 2023",27,$1.90,$1.75,0.06,0.1,0.09,0.10,0.00%
,,"2,780",Break Da Bank Retro Roller,Games Global,Slot,"December, 2023",16,$0.84,$0.81,0.17,0.1,0.09,0.10,0.00%
,,"2,781",Ultra Rush Sky Fire,Incredible Technologies,Slot,"June, 2023",13,$1.86,$1.74,0.07,0.1,0.09,0.10,0.00%
,,"2,782",Return Of The Green Knight,Play N Go,Slot,"January, 2024",3,$0.99,$0.96,0.17,0.1,0.09,0.10,0.00%
,,"2,783",Slingo Genie Gemstones,Gaming Realms,Slot,"February, 2025",27,$8.57,$6.23,0.05,0.1,0.09,0.10,0.00%
,,"2,784",Sheriffs Gold Megaways,Igt,Slot,"October, 2023",9,$1.99,$1.10,0.14,0.1,0.09,0.10,0.00%
,,"2,785",Asian Fortunes,Greentube,Slot,"January, 2023",12,$1.02,$0.99,0.15,0.1,0.09,0.10,0.00%
,,"2,786",Fu Lai Cai Lai Wild Destiny,Aruze,Slot,"June, 2025",6,$5.81,$1.69,0.15,0.1,0.09,0.09,0.00%
,,"2,787",Phoenix Fa,Ags,Slot,"May, 2023",26,$3.25,$1.55,0.08,0.1,0.09,0.09,0.00%
,,"2,788",Action Dragons,Ainsworth,Slot,"June, 2021",10,$2.54,$1.96,0.12,0.1,0.09,0.09,0.00%
,,"2,789",Wild Portals Megaways,Evolution,Slot,"June, 2023",6,$3.56,$3.29,0.04,0.1,0.09,0.09,0.00%
,,"2,790",Jungle Spirit Megaways,Evolution,Slot,"September, 2024",20,$1.44,$1.34,0.12,0.1,0.09,0.09,0.00%
,,"2,791",Countess Cash,Games Global,Slot,"December, 2023",13,$0.97,$0.86,0.16,0.1,0.09,0.09,0.00%
,,"2,792",Dragon Drop,Light & Wonder,Slot,"March, 2021",7,$0.88,$0.68,0.16,0.1,0.09,0.09,0.00%
,,"2,793",Ultra Stack Feature Rose,Aruze,Slot,"January, 2022",9,$1.61,$1.36,0.30,0.2,0.09,0.09,0.00%
,,"2,794",10x Minimum Gift Edition,Spinberry,Slot,"December, 2023",9,$1.28,$0.90,0.36,0.0,0.09,0.09,0.00%
,,"2,795",Fu Lai Cai Lai Triple Festival,Aruze,Slot,"May, 2024",7,$1.26,$1.35,0.17,0.1,0.09,0.09,0.00%
,,"2,796",Book Of Buffalo,Bragg Gaming Group,Slot,"March, 2025",12,$2.65,$1.52,0.09,0.1,0.09,0.09,0.00%
,,"2,797",Ticket To Wild,Evolution,Slot,"March, 2025",23,$1.41,$0.85,0.08,0.1,0.09,0.09,0.00%
,,"2,798",Spinnin Records Into The Beat,Play N Go,Slot,"July, 2025",21,$0.80,$0.74,0.16,0.1,0.09,0.09,0.00%
,,"2,799",River Dragons,Ags,Slot,"March, 2021",27,$2.39,$1.76,0.06,0.1,0.09,0.09,0.00%
,,"2,800",Donuts,Evolution,Slot,"March, 2021",25,$0.52,$0.39,0.64,0.1,0.09,0.09,0.00%
,,"2,801",Idol Of Fortune,Play N Go,Slot,"July, 2023",2,$0.76,$0.76,0.11,0.1,0.09,0.09,0.00%
,,"2,802",The Golden Grand,Design Works Gaming,Instant Win,"December, 2021",20,$1.13,$0.99,0.17,0.1,0.09,0.16,0.00%
,,"2,803",Monopoly Big Event,Light & Wonder,Slot,"March, 2021",7,$2.67,$2.11,0.10,0.1,0.09,0.09,0.00%
,,"2,804",Happy Lucky,Bragg Gaming Group,Slot,"October, 2023",14,$1.35,$1.19,0.11,0.1,0.09,0.09,0.00%
,,"2,805",Maya Gold,Igt,Slot,"March, 2021",10,$3.03,$1.50,0.06,0.1,0.09,0.09,0.00%
,,"2,806",Piggi Bank,Aristocrat,Slot,"February, 2025",2,$2.07,$2.07,0.11,0.1,0.09,0.09,0.00%
,,"2,807",Treats Of Terror,Play N Go,Slot,"June, 2025",4,$0.71,$0.73,0.19,0.1,0.08,0.09,0.00%
,,"2,808",Narcos Mexico,Evolution,Slot,"April, 2023",20,$2.06,$1.27,0.09,0.1,0.08,0.09,0.00%
,,"2,809",Easy Gold,Evolution,Slot,"February, 2025",25,$0.95,$0.83,0.16,0.1,0.08,0.09,0.00%
,,"2,810",Jokers Wacky Wilds Pays Both Ways,Games Global,Slot,"April, 2024",13,$1.18,$0.74,0.09,0.1,0.08,0.09,0.00%
,,"2,811",Legacy Of Gems Blitzways,Play N Go,Slot,"April, 2025",22,$0.89,$0.81,0.16,0.1,0.08,0.09,0.00%
,,"2,812",European Roulette Vip,Igt,Table Game,"October, 2025",15,$35.16,$27.56,0.02,0.1,0.08,0.03,0.00%
,,"2,813",Golden Wolves,Konami,Slot,"March, 2021",7,$1.44,$1.40,0.11,0.1,0.08,0.09,0.00%
,,"2,814",Jokers Royal Riches,High 5 Games,Slot,"November, 2024",25,$2.31,$1.78,0.09,0.1,0.08,0.09,0.00%
,,"2,815",Roman Tribune,Konami,Slot,"September, 2022",15,$1.21,$0.96,0.15,0.1,0.08,0.09,0.00%
,,"2,816",Shes A Rich Girl,Igt,Slot,"March, 2021",22,$1.08,$0.73,0.21,0.1,0.08,0.09,0.00%
,,"2,817",Wild Unicorns,Evolution,Slot,"November, 2023",10,$3.74,$2.92,0.06,0.1,0.08,0.09,0.00%
,,"2,818",El Dorado,Everi,Slot,"April, 2021",4,$2.03,$1.32,0.08,0.1,0.08,0.09,0.00%
,,"2,819",Pop,Evolution,Slot,"July, 2021",17,$1.32,$1.06,0.24,0.1,0.08,0.09,0.00%
,,"2,820",Jacks Haunted Wins,Aruze,Slot,"October, 2023",6,$1.20,$1.14,0.23,0.1,0.08,0.09,0.00%
,,"2,821",Super Cash Drop Deluxe,Bang Bang Games,Slot,"June, 2024",10,$1.44,$1.26,0.17,0.1,0.08,0.09,0.00%
,,"2,822",San Xing Riches,Igt,Slot,"April, 2025",22,$1.17,$0.88,0.11,0.1,0.08,0.09,0.00%
,,"2,823",Sugar Rush Fever,Ruby Play,Slot,"January, 2025",5,$1.63,$1.20,0.06,0.1,0.08,0.09,0.00%
,,"2,824",Guss Gold Megaways,Igt,Slot,"April, 2024",22,$1.56,$1.29,0.17,0.1,0.08,0.09,0.00%
,,"2,825",Multi Rise Video Poker Double Bonus Deuces,Oddsworks,Video Poker,"October, 2023",3,$2.55,$2.34,0.10,0.2,0.08,0.06,0.00%
,,"2,826",Wild Party Jokers,Inspired,Slot,"April, 2024",5,$0.85,$0.73,0.18,0.1,0.08,0.09,0.00%
,,"2,827",Fire Joker,Play N Go,Slot,"November, 2022",24,$0.86,$0.74,0.14,0.1,0.08,0.09,0.00%
,,"2,828",Wild Wild Emerald,Aristocrat,Slot,"April, 2024",7,$1.70,$1.44,0.15,0.1,0.08,0.09,0.00%
,,"2,829",Phoenix Fury,Bragg Gaming Group,Slot,"October, 2023",14,$2.60,$1.76,0.05,0.1,0.08,0.09,0.00%
,,"2,830",Gemix,Play N Go,Slot,"November, 2022",20,$1.99,$0.76,0.09,0.1,0.08,0.09,0.01%
,,"2,831",Magnificent Power Bastet,Games Global,Slot,"February, 2025",16,$1.29,$1.22,0.12,0.1,0.08,0.09,0.00%
,,"2,832",Immortal Ways Sweet Coin,Ruby Play,Slot,"January, 2025",5,$1.63,$1.27,0.12,0.1,0.08,0.09,0.00%
,,"2,833",Savannah Pride,Evolution,Slot,"May, 2025",26,$1.68,$0.93,0.07,0.0,0.08,0.09,0.00%
,,"2,834",Tiger And Jewel,Greentube,Slot,"November, 2024",13,$1.35,$1.04,0.11,0.1,0.08,0.09,0.00%
,,"2,835",Crabbin Crazy 2,Igt,Slot,"March, 2024",2,$1.82,$1.82,0.06,0.1,0.08,0.09,0.00%
,,"2,836",Ace Ventura Ultranudge,Light & Wonder,Slot,"September, 2025",4,$1.34,$1.25,0.13,0.1,0.08,0.09,0.00%
,,"2,837",Red Silk,Ags,Slot,"March, 2021",19,$2.02,$1.26,0.08,0.1,0.08,0.09,0.00%
,,"2,838",Gladiatoro,Light & Wonder,Slot,"December, 2024",9,$2.01,$2.14,0.13,0.1,0.08,0.09,0.00%
,,"2,839",Money Maker,Greentube,Slot,"July, 2023",10,$1.36,$1.07,0.11,0.1,0.08,0.09,0.00%
,,"2,840",Basketball Star On Fire,Games Global,Slot,"September, 2021",20,$1.29,$1.20,0.10,0.1,0.08,0.09,0.00%
,,"2,841",Fionas Fortune,Games Global,Slot,"June, 2022",8,$1.01,$0.96,0.20,0.1,0.08,0.09,0.00%
,,"2,842",Mine Blown,Evolution,Slot,"May, 2025",15,$1.91,$0.65,0.04,0.1,0.08,0.09,0.00%
,,"2,843",Slingo Fortunes,Gaming Realms,Slot,"March, 2021",11,$14.62,$6.23,0.02,0.1,0.08,0.09,0.00%
,,"2,844",Expanding 10x Minimum,Spinberry,Slot,"February, 2024",9,$1.21,$1.17,0.26,0.1,0.08,0.09,0.00%
,,"2,845",Gods Of Gold Infinireels,Evolution,Slot,"March, 2021",5,$2.06,$1.01,0.07,0.1,0.08,0.09,0.00%
,,"2,846",Fruitopolis Fortune Play,White Hat Studios,Slot,"January, 2023",5,$1.74,$1.33,0.07,0.1,0.08,0.09,0.00%
,,"2,847",Dead Or Alive 2,Evolution,Slot,"March, 2021",7,$0.59,$0.50,0.98,0.1,0.08,0.09,0.00%
,,"2,848",Hammer Fall,Play N Go,Slot,"January, 2025",2,$0.64,$0.64,0.82,0.1,0.08,0.09,0.00%
,,"2,849",Golfing Glory,Bragg Gaming Group,Crash,"October, 2025",9,$3.96,$3.14,0.03,0.1,0.08,0.05,0.00%
,,"2,850",Bronco Big Bounty,Games Global,Slot,"August, 2024",7,$1.83,$1.28,0.10,0.1,0.08,0.09,0.00%
,,"2,851",Rich Wilde And The Pearls Of Vishnu,Play N Go,Slot,"April, 2025",15,$1.18,$1.10,0.14,0.1,0.08,0.09,0.00%
,,"2,852",Cai Fu Yun Lion,Aruze,Slot,"June, 2023",6,$1.61,$1.61,0.14,0.1,0.08,0.09,0.00%
,,"2,853",Pearl River,Ainsworth,Slot,"May, 2021",6,$2.64,$1.74,0.07,0.1,0.08,0.09,0.00%
,,"2,854",Golden Knight Infinity,High 5 Games,Slot,"March, 2024",21,$3.28,$0.67,0.06,0.1,0.08,0.09,0.00%
,,"2,855",Whack The Bell Tap N Cash,Games Global,Instant Win,"January, 2025",18,$0.41,$0.35,0.42,0.1,0.08,0.15,0.00%
,,"2,856","Jackpot Jester 50,000",Light & Wonder,Slot,"June, 2021",3,$1.27,$1.07,0.13,0.1,0.08,0.09,0.00%
,,"2,857",Mega Money Machine,Reel Play,Slot,"July, 2024",29,$1.78,$1.23,0.12,0.1,0.08,0.09,0.00%
,,"2,858",First Person Bac Bo,Evolution,Table Game,"May, 2025",6,$56.81,$12.52,0.01,0.1,0.08,0.03,0.00%
,,"2,859",Jungle Monkeys,Ainsworth,Slot,"March, 2021",7,$1.04,$0.91,0.19,0.1,0.08,0.09,0.00%
,,"2,860",Golden Wisdom,Ainsworth,Slot,"March, 2021",7,$1.86,$1.48,0.11,0.1,0.08,0.09,0.00%
,,"2,861",Divers Paradise,Spinberry,Slot,"October, 2025",3,$1.21,$1.42,0.13,0.0,0.08,0.09,0.00%
,,"2,862",Dino Pays,Design Works Gaming,Slot,"June, 2024",19,$1.73,$1.21,0.08,0.1,0.08,0.09,0.00%
,,"2,863",Tai The Toad,Hacksaw Gaming,Slot,"December, 2024",5,$1.93,$1.75,0.06,0.1,0.08,0.09,0.00%
,,"2,864",Diamond Rise,Playtech,Slot,"June, 2024",15,$0.66,$0.32,0.42,0.1,0.08,0.09,0.00%
,,"2,865",Pearl Legend Hold And Win,Igt,Slot,"June, 2024",21,$1.46,$1.11,0.09,0.1,0.08,0.09,0.00%
,,"2,866",Boat Bonanza Croconile,Play N Go,Slot,"August, 2025",18,$1.00,$1.01,0.15,0.1,0.08,0.09,0.00%
,,"2,867",Starburst Xxxtreme,Evolution,Slot,"April, 2022",17,$0.73,$0.58,0.31,0.1,0.08,0.09,0.00%
,,"2,868",Power Of Gods Valhalla,Wazdan,Slot,"June, 2023",20,$1.13,$0.99,0.18,0.1,0.08,0.09,0.00%
,,"2,869",Last Chance Saloon,Evolution,Slot,"July, 2023",17,$1.19,$0.96,0.14,0.1,0.08,0.09,0.00%
,,"2,870",Guss Gold Hold And Win,Igt,Slot,"January, 2024",21,$1.66,$1.52,0.08,0.1,0.08,0.09,0.00%
,,"2,871",Sun Of Fortune Xmas Edition,Wazdan,Slot,"November, 2024",8,$1.50,$0.93,0.20,0.1,0.08,0.09,0.00%
,,"2,872",Extreme Multifire Roulette,Games Global,Table Game,"August, 2025",7,$15.22,$12.01,0.01,0.0,0.08,0.03,0.00%
,,"2,873",Rise Of Maya,Evolution,Slot,"March, 2021",9,$1.51,$1.00,0.34,0.1,0.08,0.09,0.00%
,,"2,874",Star Magic,Everi,Slot,"March, 2021",27,$1.95,$1.63,0.11,0.1,0.08,0.09,0.00%
,,"2,875",Big Roar,Bragg Gaming Group,Slot,"July, 2024",16,$1.42,$1.29,0.09,0.1,0.08,0.09,0.00%
,,"2,876",Colossal Heat Sticky Credits,Bragg Gaming Group,Slot,"August, 2022",16,$2.33,$2.52,0.04,0.1,0.08,0.09,0.00%
,,"2,877",Respin Rhino,Light & Wonder,Slot,"March, 2021",17,$1.72,$1.47,0.10,0.1,0.08,0.09,0.00%
,,"2,878",Day Of The Dinero,Games Global,Slot,"October, 2024",16,$1.36,$1.35,0.10,0.1,0.08,0.09,0.00%
,,"2,879",Blobsters Clusterbuster,Evolution,Slot,"September, 2023",20,$0.91,$0.59,0.15,0.1,0.08,0.09,0.00%
,,"2,880",Ultra Rush Golden Steed,Incredible Technologies,Slot,"July, 2023",16,$2.01,$1.60,0.09,0.1,0.08,0.09,0.00%
,,"2,881",9k Yeti,4theplayer,Slot,"June, 2022",23,$1.55,$1.02,0.08,0.1,0.08,0.09,0.00%
,,"2,882",Jack Hammer 3 Diamond Affair,Evolution,Slot,"June, 2024",20,$1.87,$1.68,0.10,0.1,0.08,0.09,0.00%
,,"2,883",Christmas Morning,Evolution,Slot,"November, 2024",27,$1.30,$1.06,0.12,0.1,0.08,0.09,0.00%
,,"2,884",Monopoly Bring The House Down,Light & Wonder,Slot,"March, 2021",4,$10.66,$8.52,0.05,0.1,0.08,0.09,0.00%
,,"2,885",Deuces And Joker Wild,Internal,Video Poker,"April, 2021",4,$1.20,$1.06,0.87,0.3,0.08,0.06,0.00%
,,"2,886",Red Heiress,Ainsworth,Slot,"August, 2021",5,$2.71,$2.54,0.06,0.1,0.08,0.09,0.00%
,,"2,887",Secret 7s,Inspired,Slot,"August, 2023",17,$1.14,$0.83,0.09,0.0,0.08,0.09,0.00%
,,"2,888",The Winners Arms,Spinberry,Slot,"March, 2024",9,$1.15,$0.95,0.11,0.0,0.08,0.09,0.00%
,,"2,889",Case Closed,Evolution,Slot,"March, 2024",24,$1.30,$0.81,0.11,0.1,0.08,0.09,0.00%
,,"2,890",Diamond Spins Cleopatra,Igt,Slot,"March, 2023",12,$0.84,$0.86,0.25,0.1,0.08,0.09,0.00%
,,"2,891",Claw And Roar,Light & Wonder,Slot,"May, 2024",28,$1.73,$1.33,0.07,0.0,0.08,0.09,0.00%
,,"2,892",Armadillo Goes West,Spearhead Studios,Slot,"December, 2022",5,$1.70,$1.35,0.07,0.1,0.08,0.09,0.00%
,,"2,893",Magic Gate,Evolution,Slot,"August, 2025",17,$1.61,$1.01,0.14,0.1,0.08,0.09,0.00%
,,"2,894",Summer Cash,Everi,Slot,"May, 2024",25,$2.10,$2.16,0.06,0.1,0.08,0.09,0.00%
,,"2,895",101 Roulette,Playtech,Table Game,"August, 2021",4,$19.66,$11.25,0.03,0.1,0.08,0.03,0.00%
,,"2,896",Divine Empress,Bragg Gaming Group,Slot,"October, 2024",19,$2.52,$1.82,0.07,0.0,0.08,0.08,0.00%
,,"2,897",Monsters Unchained,Evolution,Slot,"December, 2023",18,$1.26,$0.87,0.09,0.1,0.08,0.08,0.00%
,,"2,898",Soul Queen,Ainsworth,Slot,"June, 2021",4,$1.61,$1.10,0.08,0.1,0.08,0.08,0.00%
,,"2,899",Lone Star Link Eagle Wins,Greentube,Slot,"October, 2024",10,$2.13,$1.60,0.06,0.0,0.08,0.08,0.00%
,,"2,900",Dragon Shard,Games Global,Slot,"August, 2021",11,$3.51,$1.33,0.04,0.1,0.08,0.08,0.00%
,,"2,901",Mighty 777 With Sticky Credits,Incredible Technologies,Slot,"June, 2022",16,$2.16,$2.09,0.05,0.1,0.08,0.08,0.00%
,,"2,902",Cool Catch 2 License 2 Krill,Igt,Slot,"September, 2025",25,$1.26,$1.00,0.11,0.0,0.08,0.08,0.00%
,,"2,903",Minted Coins,1x2 Network,Slot,"May, 2025",5,$1.48,$1.08,0.09,0.1,0.08,0.08,0.00%
,,"2,904",Fizzy Penny Slot,Evolution,Slot,"July, 2025",27,$0.13,$0.08,1.17,0.1,0.08,0.08,0.00%
,,"2,905",Crab Trap,Evolution,Slot,"December, 2023",18,$1.78,$1.78,0.14,0.1,0.08,0.08,0.00%
,,"2,906",Money Frog,Everi,Slot,"January, 2023",22,$1.31,$1.20,0.10,0.1,0.08,0.08,0.00%
,,"2,907",World Of Ripleys,Bragg Gaming Group,Slot,"March, 2021",5,$4.81,$2.52,0.05,0.1,0.08,0.08,0.00%
,,"2,908",Diamond Mystery 100 Wild Fire,Greentube,Slot,"January, 2025",12,$1.18,$1.14,0.12,0.1,0.08,0.08,0.00%
,,"2,909",Ripleys Big Wheel,Gaming Realms,Slot,"November, 2021",15,$1.67,$1.44,0.08,0.1,0.08,0.08,0.00%
,,"2,910",Wild Dragon Riches,Spinomenal,Slot,"April, 2025",2,$0.87,$0.87,0.24,0.1,0.08,0.08,0.00%
,,"2,911",Action Dragons Cash Stacks Gold,Ainsworth,Slot,"March, 2023",8,$2.76,$1.92,0.09,0.1,0.08,0.08,0.00%
,,"2,912",Book Of Oz,Games Global,Slot,"August, 2021",9,$1.02,$1.03,0.18,0.1,0.08,0.08,0.00%
,,"2,913",Bruce Lee,Light & Wonder,Slot,"May, 2021",5,$0.86,$0.89,0.30,0.1,0.08,0.08,0.00%
,,"2,914",Monopoly Hot Property,Light & Wonder,Lottery,"May, 2024",7,$2.08,$1.98,0.04,0.0,0.08,0.05,0.00%
,,"2,915",Beriched,Evolution,Slot,"October, 2021",19,$0.87,$0.80,0.14,0.0,0.08,0.08,0.00%
,,"2,916",Titans Rising,Spinomenal,Slot,"April, 2025",2,$1.92,$1.92,0.06,0.0,0.08,0.08,0.00%
,,"2,917",Polterheist,Light & Wonder,Slot,"March, 2021",5,$2.38,$1.00,0.04,0.1,0.08,0.08,0.00%
,,"2,918",Gifts Of Fortune,Evolution,Slot,"April, 2023",10,$10.03,$2.80,0.05,0.1,0.08,0.08,0.00%
,,"2,919",Great Moai,Konami,Slot,"March, 2021",6,$2.95,$2.57,0.06,0.1,0.08,0.08,0.00%
,,"2,920",10x Minimum Side Bet,Spinberry,Slot,"October, 2024",8,$0.88,$0.87,0.10,0.0,0.08,0.08,0.00%
,,"2,921",Hot Slot 777 Cash Out Grand Diamond Edition,Wazdan,Slot,"February, 2025",8,$1.62,$1.63,0.13,0.1,0.08,0.08,0.00%
,,"2,922",Pyramidion,Igt,Slot,"March, 2021",11,$1.07,$1.15,0.12,0.1,0.08,0.08,0.00%
,,"2,923",Amun Ascension,Bragg Gaming Group,Slot,"October, 2024",18,$1.73,$1.19,0.09,0.1,0.08,0.08,0.00%
,,"2,924",Temple Of Prosperity,Play N Go,Slot,"December, 2023",2,$1.08,$1.08,0.08,0.1,0.08,0.08,0.00%
,,"2,925",Wings Of Ra,Evolution,Slot,"August, 2021",22,$1.22,$0.80,0.11,0.1,0.08,0.08,0.00%
,,"2,926",Egyptian Emeralds,Playtech,Slot,"June, 2023",7,$1.00,$0.90,0.14,0.1,0.08,0.08,0.00%
,,"2,927",Thundering Buffalo Jackpot Dash,High 5 Games,Slot,"March, 2021",10,$0.98,$0.71,0.21,0.1,0.08,0.08,0.00%
,,"2,928",White Rabbit Megaways,Evolution,Slot,"February, 2022",7,$2.02,$1.84,0.15,0.1,0.08,0.08,0.00%
,,"2,929",Space Invaders Roulette,Inspired,Slot,"May, 2022",11,$29.32,$13.01,0.01,0.1,0.08,0.08,0.00%
,,"2,930",Thunder Cash Dollar King,Greentube,Slot,"June, 2023",9,$4.05,$2.81,0.04,0.1,0.08,0.08,0.00%
,,"2,931",Genie Wishmaker Megaways,White Hat Studios,Slot,"December, 2023",7,$0.97,$0.94,0.18,0.1,0.08,0.08,0.00%
,,"2,932",Serpent King,Evolution,Slot,"June, 2025",22,$0.87,$0.62,0.13,0.0,0.08,0.08,0.00%
,,"2,933",Queens Of Ra Power Combo,Games Global,Slot,"December, 2023",9,$1.43,$1.19,0.07,0.1,0.07,0.08,0.00%
,,"2,934",Outlaws Inc,Hacksaw Gaming,Slot,"August, 2023",14,$3.23,$1.83,0.05,0.1,0.07,0.08,0.00%
,,"2,935",In The Rabbit Hole,Evolution,Slot,"August, 2023",22,$0.88,$0.84,0.19,0.1,0.07,0.08,0.00%
,,"2,936",Panda Money Megaways,Evolution,Slot,"September, 2024",4,$1.29,$1.19,0.10,0.0,0.07,0.08,0.00%
,,"2,937",Panther Pays,Playtech,Slot,"March, 2024",4,$1.57,$0.95,0.06,0.0,0.07,0.08,0.00%
,,"2,938",Scroll Of Dead,Play N Go,Slot,"March, 2023",2,$1.27,$1.27,0.09,0.1,0.07,0.08,0.00%
,,"2,939",Aztec Lightning Blitz,Reel Play,Slot,"February, 2025",26,$1.26,$0.86,0.08,0.1,0.07,0.08,0.00%
,,"2,940",Santa Spins,Evolution,Slot,"November, 2023",28,$0.75,$0.70,0.16,0.0,0.07,0.08,0.00%
,,"2,941",Super Fruit Smash,Slotmill,Slot,"August, 2024",2,$1.40,$1.40,0.12,0.1,0.07,0.08,0.00%
,,"2,942",Cool Loot,High 5 Games,Slot,"March, 2021",3,$0.66,$0.37,0.22,0.1,0.07,0.08,0.00%
,,"2,943",San Fa Tigers,Ainsworth,Slot,"September, 2024",11,$1.53,$1.35,0.08,0.1,0.07,0.08,0.00%
,,"2,944",Cool Catch,Igt,Slot,"August, 2023",24,$0.92,$0.79,0.12,0.1,0.07,0.08,0.00%
,,"2,945",Teddy Bears Picnic,Light & Wonder,Slot,"March, 2021",5,$2.05,$1.62,0.09,0.1,0.07,0.08,0.00%
,,"2,946",Dragons Loot Link And Win 4tune,Games Global,Slot,"November, 2023",10,$1.41,$1.15,0.08,0.1,0.07,0.08,0.00%
,,"2,947",Charming Lady Win Ways,Greentube,Slot,"May, 2025",9,$1.86,$1.28,0.06,0.1,0.07,0.08,0.00%
,,"2,948",Boss Level,Igt,Slot,"January, 2025",19,$2.14,$1.07,0.10,0.1,0.07,0.08,0.00%
,,"2,949",Sevens And Suns,Bragg Gaming Group,Slot,"June, 2024",2,$1.11,$1.11,0.07,0.1,0.07,0.08,0.00%
,,"2,950",Apes Dynasty,High 5 Games,Slot,"August, 2024",17,$0.94,$0.59,0.15,0.1,0.07,0.08,0.00%
,,"2,951",Dragon Spin Cross Link Water,Light & Wonder,Slot,"April, 2024",29,$1.36,$1.39,0.10,0.1,0.07,0.08,0.00%
,,"2,952",Find The Diamonds,Igt,Instant Win,"July, 2025",18,$6.92,$5.53,0.02,0.1,0.07,0.14,0.00%
,,"2,953",Little Green Men Nova Wilds,Igt,Slot,"March, 2021",29,$1.59,$1.35,0.08,0.1,0.07,0.08,0.00%
,,"2,954",Bust The Mansion,Games Global,Slot,"March, 2022",7,$1.01,$0.83,0.08,0.1,0.07,0.08,0.00%
,,"2,955",Tiki Fruits,Evolution,Slot,"July, 2025",19,$0.88,$0.84,0.14,0.1,0.07,0.08,0.00%
,,"2,956",Grand Bison,Red Rake Gaming,Slot,"June, 2025",9,$1.19,$1.06,0.18,0.1,0.07,0.08,0.00%
,,"2,957",Aquatic Treasures Coast 2 Coast,Games Global,Slot,"September, 2022",12,$0.90,$0.92,0.15,0.1,0.07,0.08,0.00%
,,"2,958",Agent Destiny,Play N Go,Slot,"July, 2022",4,$5.66,$1.01,0.01,0.0,0.07,0.08,0.00%
,,"2,959",Cannon Cove,High 5 Games,Slot,"July, 2022",10,$1.22,$0.75,0.19,0.1,0.07,0.08,0.00%
,,"2,960",Golden Ticket 2,Play N Go,Slot,"July, 2023",4,$1.38,$0.84,0.10,0.1,0.07,0.08,0.00%
,,"2,961",Book Of Captain Silver,Games Global,Slot,"December, 2021",12,$1.03,$0.73,0.11,0.1,0.07,0.08,0.00%
,,"2,962",Alice Cooper And The Tome Of Madness,Play N Go,Slot,"December, 2022",19,$1.11,$0.99,0.11,0.1,0.07,0.08,0.00%
,,"2,963",Wheels Go Round Bull,Aruze,Slot,"June, 2021",4,$1.25,$1.24,0.16,0.1,0.07,0.08,0.00%
,,"2,964",Frogged Up,Bragg Gaming Group,Slot,"February, 2025",18,$1.36,$1.11,0.10,0.0,0.07,0.08,0.00%
,,"2,965",Fu Dao Le,Light & Wonder,Slot,"March, 2021",23,$1.42,$1.28,0.15,0.1,0.07,0.08,0.00%
,,"2,966",Full Force Link Vegas Revue,Incredible Technologies,Slot,"November, 2023",15,$1.37,$1.27,0.07,0.1,0.07,0.08,0.00%
,,"2,967",Alpha Spirit,Bragg Gaming Group,Slot,"September, 2023",14,$1.41,$1.05,0.09,0.0,0.07,0.08,0.00%
,,"2,968",Druids Magic,Evolution,Slot,"March, 2024",15,$3.09,$1.42,0.03,0.1,0.07,0.08,0.00%
,,"2,969",Viking Runecraft Apocalypse,Play N Go,Slot,"October, 2023",7,$0.99,$0.77,0.15,0.1,0.07,0.08,0.00%
,,"2,970",Kings Honour,Light & Wonder,Slot,"March, 2021",5,$1.05,$0.90,0.07,0.1,0.07,0.08,0.00%
,,"2,971",Loot Boost,Games Global,Slot,"November, 2024",8,$2.83,$0.99,0.06,0.0,0.07,0.08,0.00%
,,"2,972",Mega Money Mountain,Games Global,Instant Win,"February, 2025",9,$3.85,$3.16,0.04,0.1,0.07,0.13,0.00%
,,"2,973",Go High Panda,Ruby Play,Slot,"January, 2025",5,$1.76,$1.79,0.10,0.1,0.07,0.08,0.00%
,,"2,974",Tiger Emperor,Aristocrat,Slot,"November, 2022",10,$4.47,$2.95,0.08,0.1,0.07,0.08,0.00%
,,"2,975",Gods Vs Diamonds,Reel Play,Slot,"February, 2025",11,$2.79,$1.30,0.06,0.1,0.07,0.08,0.00%
,,"2,976",Star Watch Jungle,Konami,Slot,"December, 2022",9,$2.65,$2.39,0.07,0.1,0.07,0.08,0.00%
,,"2,977",Elk Hunter,Evolution,Slot,"February, 2024",13,$3.22,$2.75,0.06,0.1,0.07,0.08,0.00%
,,"2,978",Mythic Maiden,Evolution,Slot,"March, 2021",7,$2.12,$2.17,0.16,0.1,0.07,0.08,0.00%
,,"2,979",Green Machine Supreme,High 5 Games,Slot,"August, 2022",14,$1.65,$1.70,0.12,0.1,0.07,0.08,0.00%
,,"2,980",Arctic Enchantress,Games Global,Slot,"February, 2022",16,$2.16,$1.40,0.09,0.0,0.07,0.08,0.00%
,,"2,981",Mad Hit Wild Alice,Ruby Play,Slot,"January, 2025",4,$1.66,$1.31,0.07,0.1,0.07,0.08,0.00%
,,"2,982",Forest Dragons,Ags,Slot,"March, 2021",26,$2.55,$1.81,0.05,0.1,0.07,0.08,0.00%
,,"2,983",Cash Carts Western Wagons,Games Global,Slot,"July, 2024",6,$1.44,$1.06,0.12,0.1,0.07,0.08,0.00%
,,"2,984",Pandas Fortune,Internal,Slot,"April, 2021",4,$1.51,$1.56,0.18,0.1,0.07,0.08,0.00%
,,"2,985",Bad Bunny Money,Boom Entertainment,Slot,"December, 2024",11,$1.38,$1.19,0.09,0.1,0.07,0.08,0.00%
,,"2,986",Roller Wheel Jungle Roll,Incredible Technologies,Slot,"June, 2021",15,$1.94,$1.65,0.06,0.1,0.07,0.08,0.00%
,,"2,987",Sleepy Hollow,Igt,Slot,"October, 2023",14,$2.22,$1.21,0.07,0.1,0.07,0.08,0.00%
,,"2,988",Mighty Empire Hold And Win,Igt,Slot,"March, 2025",19,$1.77,$1.29,0.09,0.1,0.07,0.08,0.00%
,,"2,989",Hot Off The 7s Deluxe,Aristocrat,Slot,"November, 2024",8,$0.88,$0.87,0.12,0.0,0.07,0.08,0.00%
,,"2,990",Fortune Fireworks,Oddsworks,Slot,"June, 2024",9,$1.08,$1.00,0.17,0.1,0.07,0.08,0.00%
,,"2,991",Tikaani Gold,Bragg Gaming Group,Slot,"November, 2024",17,$3.58,$1.45,0.07,0.0,0.07,0.08,0.00%
,,"2,992",Midnight Princess,Play N Go,Slot,"September, 2024",15,$0.86,$0.90,0.25,0.1,0.07,0.08,0.00%
,,"2,993",Fortune Tree Of Wealth,Aristocrat,Slot,"January, 2025",15,$1.15,$0.99,0.09,0.0,0.07,0.08,0.00%
,,"2,994",Hail King Of Fortune,High 5 Games,Slot,"March, 2021",4,$1.80,$1.36,0.13,0.1,0.07,0.08,0.00%
,,"2,995",Sky Raiders Power Combo,Games Global,Slot,"November, 2024",9,$1.18,$0.75,0.09,0.0,0.07,0.08,0.00%
,,"2,996",Arowanas Luck,Playtech,Slot,"August, 2024",16,$1.33,$1.05,0.08,0.1,0.07,0.08,0.00%
,,"2,997",Heat Em Up Power Wheel,Incredible Technologies,Slot,"March, 2021",16,$1.42,$1.47,0.10,0.1,0.07,0.08,0.00%
,,"2,998",Olympus Zeus Megaways,Igt,Slot,"March, 2024",4,$0.91,$0.83,0.14,0.1,0.07,0.08,0.00%
,,"2,999",Wolves Wolves Wolves,Playtech,Slot,"November, 2021",5,$1.08,$0.64,0.15,0.0,0.07,0.08,0.00%
,,"3,000",Great Bear,Igt,Slot,"June, 2022",18,$3.20,$0.94,0.04,0.1,0.07,0.08,0.00%
,,"3,001",Risque Megaways,Evolution,Slot,"April, 2023",19,$0.81,$0.61,0.10,0.0,0.07,0.08,0.00%
,,"3,002",Zz Top Roadside Riches,Play N Go,Slot,"January, 2023",10,$1.35,$1.30,0.03,0.1,0.07,0.08,0.00%
,,"3,003",Fortune Reels,Wazdan,Slot,"June, 2023",11,$1.61,$1.23,0.18,0.1,0.07,0.08,0.00%
,,"3,004",Luck Of The Devil Power Combo,Games Global,Slot,"March, 2024",10,$1.12,$1.10,0.09,0.0,0.07,0.08,0.00%
,,"3,005",Bonanza Blast,Ags,Slot,"March, 2021",26,$2.12,$1.57,0.10,0.1,0.07,0.08,0.00%
,,"3,006",Loot Crab,1x2 Network,Slot,"August, 2025",5,$0.85,$0.90,0.17,0.1,0.07,0.07,0.00%
,,"3,007",Wolf Ridge,Igt,Slot,"March, 2021",26,$1.82,$1.14,0.06,0.1,0.07,0.07,0.00%
,,"3,008",Dragon Champions,Playtech,Slot,"August, 2021",12,$1.37,$1.03,0.16,0.1,0.07,0.07,0.00%
,,"3,009",Simsalaspinn 2,Igt,Slot,"January, 2023",25,$1.32,$0.75,0.04,0.1,0.07,0.07,0.00%
,,"3,010",Milkshake Xxxtreme,Evolution,Slot,"September, 2023",13,$2.95,$1.70,0.07,0.1,0.07,0.07,0.00%
,,"3,011",Monopoly Travel World Tour,Light & Wonder,Slot,"July, 2024",25,$1.70,$1.11,0.08,0.0,0.07,0.07,0.00%
,,"3,012",Witch Pickings,Light & Wonder,Slot,"March, 2021",2,$1.33,$1.33,0.10,0.1,0.07,0.07,0.00%
,,"3,013",Jingle All The Pays Luckytap ™,Design Works Gaming,Instant Win,"December, 2024",18,$0.79,$0.75,0.12,0.0,0.07,0.13,0.00%
,,"3,014",Blazing 7s Roulette,Light & Wonder,Table Game,"July, 2021",17,$10.44,$7.83,0.01,0.1,0.07,0.03,0.00%
,,"3,015",Max Megaways,Evolution,Slot,"August, 2023",11,$2.74,$2.27,0.10,0.1,0.07,0.07,0.00%
,,"3,016",Merlins Money Burst,Light & Wonder,Slot,"March, 2021",8,$3.99,$3.42,0.09,0.1,0.07,0.07,0.00%
,,"3,017",Crystal Chasers,High 5 Games,Slot,"June, 2021",2,$3.02,$3.02,0.06,0.1,0.07,0.07,0.00%
,,"3,018",Giants Gold,Light & Wonder,Slot,"March, 2021",8,$1.26,$1.10,0.23,0.1,0.07,0.07,0.00%
,,"3,019",Reel Big Boom,Games Global,Slot,"July, 2024",5,$1.21,$1.19,0.15,0.1,0.07,0.07,0.00%
,,"3,020",Pearl Dynasty,Everi,Slot,"November, 2023",25,$2.28,$1.46,0.05,0.0,0.07,0.07,0.00%
,,"3,021",A Dragons Story,Light & Wonder,Slot,"March, 2021",9,$2.13,$1.77,0.08,0.1,0.07,0.07,0.00%
,,"3,022",Fu Bao Chang 2play,Design Works Gaming,Slot,"June, 2024",17,$1.60,$1.20,0.08,0.0,0.07,0.07,0.00%
,,"3,023",Aquatic Treasures,Games Global,Slot,"August, 2021",11,$2.37,$2.19,0.07,0.1,0.07,0.07,0.00%
,,"3,024",Cash Falls Pirates Trove,Light & Wonder,Slot,"November, 2022",2,$6.68,$6.68,0.20,0.1,0.07,0.07,0.00%
,,"3,025",Arabian Fire,Ainsworth,Slot,"March, 2021",4,$1.16,$1.15,0.16,0.1,0.07,0.07,0.00%
,,"3,026",Jackpot 51 Keno,Oddsworks,Bingo/Keno,"October, 2023",5,$1.25,$1.35,0.13,0.1,0.07,0.06,0.00%
,,"3,027",Midnight Matinee,Everi,Slot,"October, 2021",28,$2.78,$1.71,0.06,0.1,0.07,0.07,0.00%
,,"3,028",Mafia Gold,Play N Go,Slot,"November, 2024",14,$1.04,$0.98,0.19,0.0,0.07,0.07,0.00%
,,"3,029",Pandastic Adventure,Play N Go,Slot,"April, 2024",19,$0.97,$0.95,0.09,0.0,0.07,0.07,0.00%
,,"3,030",Colt Lightning,Play N Go,Slot,"August, 2023",23,$0.94,$0.91,0.07,0.0,0.07,0.07,0.00%
,,"3,031",Guardians Of The Deep,High 5 Games,Slot,"July, 2021",4,$1.17,$0.71,0.11,0.1,0.07,0.07,0.00%
,,"3,032",Wild North,Everi,Slot,"August, 2022",18,$1.57,$1.32,0.08,0.1,0.07,0.07,0.00%
,,"3,033",Slingoooal,Gaming Realms,Slot,"November, 2022",14,$3.52,$3.45,0.12,0.1,0.07,0.07,0.00%
,,"3,034",Bay Bounty Bonanza,Betixon,Slot,"September, 2025",2,$1.88,$1.88,0.05,0.1,0.07,0.07,0.00%
,,"3,035",Wild Empire,Design Works Gaming,Slot,"June, 2023",19,$1.50,$1.20,0.08,0.0,0.07,0.07,0.00%
,,"3,036",Lady Of Fortune Remastered,Play N Go,Slot,"February, 2025",23,$1.04,$0.80,0.13,0.0,0.07,0.07,0.00%
,,"3,037",10x Minimum Big Bucks,Spinberry,Slot,"January, 2025",8,$1.33,$1.10,0.12,0.0,0.07,0.07,0.00%
,,"3,038",Free Reelin Joker 1000,Play N Go,Slot,"February, 2024",16,$0.73,$0.71,0.18,0.1,0.07,0.07,0.00%
,,"3,039",Money Jar,Slotmill,Slot,"October, 2024",2,$5.35,$5.35,0.03,0.1,0.07,0.07,0.00%
,,"3,040",Diamond Charge Megaways,1x2 Network,Slot,"May, 2025",4,$0.84,$0.81,0.17,0.1,0.07,0.07,0.00%
,,"3,041",Cat Peak,King Show Games,Slot,"March, 2024",10,$1.79,$1.53,0.07,0.0,0.07,0.07,0.00%
,,"3,042",Charming Lady Deluxe 10 Win Ways,Greentube,Slot,"October, 2023",4,$1.72,$1.47,0.09,0.1,0.07,0.07,0.00%
,,"3,043",Boat Bonanza,Play N Go,Slot,"August, 2023",8,$0.87,$0.76,0.12,0.0,0.07,0.07,0.00%
,,"3,044",Transylvania Night Of Blood,Evolution,Slot,"September, 2023",20,$1.00,$0.77,0.16,0.0,0.07,0.07,0.00%
,,"3,045",Blazin Hot 7s Stack Em Up,Light & Wonder,Slot,"February, 2022",9,$0.92,$0.55,0.30,0.1,0.07,0.07,0.00%
,,"3,046",Keystone Kops,Igt,Slot,"March, 2021",8,$1.53,$1.24,0.13,0.1,0.07,0.07,0.00%
,,"3,047",Go Fish,Inspired,Slot,"February, 2022",9,$1.50,$1.24,0.16,0.1,0.07,0.07,0.00%
,,"3,048",Stadium Megaways,Atlantic Digital,Slot,"December, 2024",9,$1.82,$1.33,0.07,0.0,0.07,0.07,0.00%
,,"3,049",Gates Of Glory,Igt,Slot,"March, 2025",25,$2.40,$1.48,0.04,0.0,0.07,0.07,0.00%
,,"3,050",The Good The Bad And The Rich,Evolution,Slot,"April, 2025",25,$1.01,$0.90,0.12,0.0,0.07,0.07,0.00%
,,"3,051",Murder Mystery,Playtech,Slot,"August, 2021",5,$0.93,$0.89,0.28,0.1,0.07,0.07,0.00%
,,"3,052",Lordi Reel Monster,Play N Go,Slot,"July, 2023",2,$1.53,$1.53,0.07,0.1,0.07,0.07,0.00%
,,"3,053",Noble Sky,Games Global,Slot,"August, 2021",12,$2.03,$1.19,0.06,0.1,0.07,0.07,0.00%
,,"3,054",Enchanted Kingdom Mega Drop,Light & Wonder,Slot,"December, 2021",4,$2.35,$1.74,0.05,0.1,0.07,0.07,0.00%
,,"3,055",The Leprechaun King,High 5 Games,Slot,"March, 2021",15,$2.01,$1.29,0.06,0.1,0.07,0.07,0.00%
,,"3,056",Fever Spin Megaways,Igt,Slot,"May, 2024",5,$0.82,$0.80,0.23,0.1,0.07,0.07,0.00%
,,"3,057",Hotline 2,Evolution,Slot,"March, 2021",6,$3.97,$1.03,0.11,0.1,0.07,0.07,0.00%
,,"3,058",Voodoo Temple,White Hat Studios,Slot,"March, 2023",5,$1.44,$1.26,0.07,0.1,0.07,0.07,0.00%
,,"3,059",Opal Fruits,Evolution,Slot,"March, 2021",20,$1.79,$1.30,0.18,0.1,0.06,0.07,0.00%
,,"3,060",Prosperity Palace,Play N Go,Slot,"December, 2022",4,$0.86,$0.83,0.13,0.0,0.06,0.07,0.00%
,,"3,061",Ternion,Play N Go,Slot,"April, 2025",7,$1.48,$1.36,0.14,0.1,0.06,0.07,0.00%
,,"3,062",Goddess Of Valhalla,High 5 Games,Slot,"March, 2021",12,$3.36,$1.71,0.02,0.1,0.06,0.07,0.00%
,,"3,063",Aztec Chief,Ags,Slot,"May, 2024",19,$1.68,$1.50,0.06,0.0,0.06,0.07,0.00%
,,"3,064",Rising Temple Hold And Win,Igt,Slot,"January, 2024",14,$1.74,$1.12,0.14,0.1,0.06,0.07,0.00%
,,"3,065",Kokeshi Pop,Avatarux,Slot,"March, 2024",10,$1.23,$1.18,0.15,0.0,0.06,0.07,0.00%
,,"3,066",Book Of Christmas,Inspired,Slot,"June, 2021",5,$0.98,$0.99,0.17,0.1,0.06,0.07,0.00%
,,"3,067",Crabbin Crazy Hold And Win,Igt,Slot,"September, 2023",3,$1.66,$1.43,0.12,0.1,0.06,0.07,0.00%
,,"3,068",Book Of Kings,Playtech,Slot,"June, 2023",13,$0.88,$0.82,0.13,0.0,0.06,0.07,0.00%
,,"3,069",Speed Crash,Hacksaw Gaming,Crash,"April, 2025",3,$3.32,$3.74,0.05,0.0,0.06,0.04,0.00%
,,"3,070",Rage Of The Seas,Evolution,Slot,"March, 2021",21,$3.04,$1.44,0.11,0.1,0.06,0.07,0.00%
,,"3,071",Rich Roll Lust For Gold,Playtech,Slot,"November, 2024",4,$0.60,$0.54,0.17,0.1,0.06,0.07,0.00%
,,"3,072",Side Strike,Bragg Gaming Group,Slot,"September, 2025",16,$1.87,$1.69,0.06,0.0,0.06,0.07,0.00%
,,"3,073",Vegas Cash Spins,Inspired,Slot,"May, 2021",11,$1.64,$1.28,0.11,0.1,0.06,0.07,0.00%
,,"3,074",Super 20 Stars,Red Rake Gaming,Slot,"February, 2025",6,$1.89,$1.17,0.08,0.1,0.06,0.07,0.00%
,,"3,075",Sphinx,Igt,Slot,"March, 2021",25,$1.12,$0.81,0.10,0.1,0.06,0.07,0.00%
,,"3,076",American Glory,High 5 Games,Slot,"August, 2025",22,$1.79,$1.05,0.09,0.1,0.06,0.07,0.00%
,,"3,077",Skeleton Key,Igt,Slot,"September, 2021",16,$0.40,$0.41,0.23,0.0,0.06,0.07,0.00%
,,"3,078",Squid Game One Lucky Day,Light & Wonder,Slot,"July, 2024",30,$1.46,$0.94,0.09,0.0,0.06,0.07,0.00%
,,"3,079",5 Lion Festival,Konami,Slot,"January, 2023",16,$1.68,$1.33,0.06,0.0,0.06,0.07,0.00%
,,"3,080",Show Me The Piggy,Oddsworks,Slot,"October, 2024",10,$1.61,$1.45,0.06,0.0,0.06,0.07,0.00%
,,"3,081",Monopoly Hot Offer,Light & Wonder,Slot,"February, 2025",13,$1.07,$0.93,0.09,0.1,0.06,0.07,0.00%
,,"3,082",Buffalo Hunter,Evolution,Slot,"June, 2024",23,$2.03,$1.46,0.09,0.0,0.06,0.07,0.00%
,,"3,083",Monkeys Gold Xpays,Evolution,Slot,"March, 2025",19,$2.75,$1.80,0.05,0.0,0.06,0.07,0.00%
,,"3,084",Bounty Showdown,Fantasma Games,Slot,"May, 2022",7,$1.48,$1.41,0.14,0.1,0.06,0.07,0.00%
,,"3,085",Book Of Independence,Inspired,Slot,"March, 2021",9,$0.99,$1.05,0.20,0.1,0.06,0.07,0.00%
,,"3,086",Chilli Prize Pots,Inspired,Slot,"January, 2023",19,$1.42,$1.04,0.10,0.1,0.06,0.07,0.00%
,,"3,087",Diamond Mystery 40 Imperial Crown Deluxe,Greentube,Slot,"May, 2024",13,$1.99,$1.49,0.07,0.1,0.06,0.07,0.00%
,,"3,088",Shark Shore,High 5 Games,Slot,"July, 2023",10,$1.14,$1.01,0.14,0.1,0.06,0.07,0.00%
,,"3,089",Kiss Of The Rose,High 5 Games,Slot,"September, 2023",15,$1.85,$1.69,0.05,0.1,0.06,0.07,0.00%
,,"3,090",Bubbly Wild Colour Connect,Aristocrat,Slot,"December, 2024",4,$1.17,$1.14,0.06,0.0,0.06,0.07,0.00%
,,"3,091",Fishin Bonanza,Playtech,Slot,"August, 2023",11,$0.88,$0.88,0.16,0.0,0.06,0.07,0.00%
,,"3,092",Secrets Of The Tiger Hold And Gold,Aristocrat,Slot,"June, 2024",4,$3.78,$1.62,0.01,0.1,0.06,0.07,0.00%
,,"3,093",Dungeons And Diamonds,Games Global,Slot,"December, 2022",12,$1.41,$1.29,0.08,0.0,0.06,0.07,0.00%
,,"3,094",Stellar Cash Blown Away,Light & Wonder,Slot,"March, 2021",26,$1.21,$0.92,0.17,0.1,0.06,0.07,0.00%
,,"3,095",Tiger Claw,Playtech,Slot,"August, 2021",7,$1.62,$1.06,0.10,0.1,0.06,0.07,0.00%
,,"3,096",Age Of The Gods Glorius Griffin,Playtech,Slot,"August, 2024",12,$1.59,$1.31,0.04,0.0,0.06,0.07,0.00%
,,"3,097",Eagle Rider,Ainsworth,Slot,"October, 2022",4,$6.58,$6.21,0.02,0.1,0.06,0.07,0.00%
,,"3,098",Mythological Mayhem Supreme Streaks,Everymatrix,Slot,"July, 2024",4,$1.82,$1.76,0.15,0.1,0.06,0.07,0.00%
,,"3,099",Cash Pong Instant Tap,Light & Wonder,Instant Win,"December, 2022",8,$0.93,$0.74,0.12,0.0,0.06,0.12,0.00%
,,"3,100",Cash A Cabana,Play N Go,Slot,"July, 2023",7,$0.70,$0.67,0.09,0.0,0.06,0.07,0.00%
,,"3,101",Lucky Sword Tapper,Greentube,Instant Win,"February, 2025",13,$1.10,$0.68,0.10,0.0,0.06,0.12,0.00%
,,"3,102",5 Doggy Dollars,4theplayer,Slot,"September, 2024",21,$1.31,$1.10,0.08,0.0,0.06,0.07,0.00%
,,"3,103",Million Zeus,Red Rake Gaming,Slot,"July, 2025",6,$1.24,$0.97,0.11,0.1,0.06,0.07,0.00%
,,"3,104",Amazing Riches,Aristocrat,Slot,"July, 2022",10,$4.38,$1.46,0.04,0.1,0.06,0.07,0.00%
,,"3,105",Dragon Lines,Ainsworth,Slot,"March, 2021",11,$2.21,$1.33,0.07,0.0,0.06,0.07,0.00%
,,"3,106",Super Hot Repeater,White Hat Studios,Slot,"January, 2023",4,$1.49,$1.45,0.08,0.1,0.06,0.07,0.00%
,,"3,107",Space Wars Megaways Xxxtreme,Evolution,Slot,"April, 2025",15,$3.85,$2.08,0.07,0.1,0.06,0.07,0.00%
,,"3,108",Space Wars 2 Powerpoints,Evolution,Slot,"December, 2022",11,$9.97,$2.00,0.03,0.1,0.06,0.07,0.00%
,,"3,109",Geese With Attitude,Games Global,Slot,"June, 2023",9,$0.90,$0.72,0.07,0.0,0.06,0.07,0.00%
,,"3,110",Power Fortune,Oddsworks,Slot,"September, 2023",16,$1.27,$1.19,0.10,0.1,0.06,0.07,0.00%
,,"3,111",Wynmors Tales The Rise,Aristocrat,Slot,"October, 2024",8,$2.51,$1.35,0.03,0.1,0.06,0.07,0.00%
,,"3,112",Jinse Dao Dragon,Light & Wonder,Slot,"March, 2021",24,$1.12,$1.05,0.14,0.1,0.06,0.07,0.00%
,,"3,113",Spartan Spirit,Spinberry,Slot,"March, 2025",7,$1.14,$0.82,0.07,0.0,0.06,0.07,0.00%
,,"3,114",Elemental Beasts,Inspired,Slot,"March, 2021",11,$0.95,$0.97,0.16,0.1,0.06,0.07,0.00%
,,"3,115",Montezuma,Light & Wonder,Slot,"March, 2021",20,$1.38,$1.24,0.11,0.1,0.06,0.07,0.00%
,,"3,116",Rich Little Hens Founding Feathers,Light & Wonder,Slot,"May, 2024",32,$0.93,$0.74,0.12,0.0,0.06,0.07,0.00%
,,"3,117",Golden Egg Invaders,Evolution,Slot,"July, 2025",29,$1.39,$0.88,0.11,0.0,0.06,0.07,0.00%
,,"3,118",Jagrs Super Slot,Inspired,Slot,"March, 2021",10,$1.20,$0.97,0.11,0.1,0.06,0.07,0.00%
,,"3,119",Dragon Jin Long Jin Bao,Light & Wonder,Slot,"April, 2024",27,$1.24,$0.78,0.09,0.0,0.06,0.07,0.00%
,,"3,120",Live Dealer Single Zero Roulette,Aristocrat,Table Game,"December, 2024",3,$8.91,$10.00,0.04,0.2,0.06,0.02,0.00%
,,"3,121",Power Of Sun Svarog,Wazdan,Slot,"June, 2023",21,$1.19,$0.79,0.17,0.1,0.06,0.07,0.00%
,,"3,122",Big Boom Riches,Games Global,Slot,"August, 2023",7,$4.40,$1.19,0.03,0.1,0.06,0.07,0.00%
,,"3,123",Ba Fang Jin Bao Fortune Totems,Konami,Slot,"April, 2024",12,$1.50,$1.52,0.08,0.1,0.06,0.07,0.00%
,,"3,124",Tricolore 7s,Igt,Slot,"March, 2021",19,$0.67,$0.38,0.33,0.0,0.06,0.07,0.00%
,,"3,125",Jack Hammer 2,Evolution,Slot,"May, 2021",4,$2.87,$1.98,0.07,0.1,0.06,0.07,0.00%
,,"3,126",Golden Wheels Of Egypt,Evolution,Slot,"January, 2025",20,$1.92,$1.48,0.08,0.1,0.06,0.07,0.00%
,,"3,127",Mustang Money Energized,Ainsworth,Slot,"November, 2023",10,$2.83,$2.29,0.06,0.0,0.06,0.07,0.00%
,,"3,128",Book Of Toro,Light & Wonder,Slot,"March, 2024",9,$10.09,$4.84,0.03,0.0,0.06,0.07,0.00%
,,"3,129",Chiefs Magic,Ainsworth,Slot,"August, 2021",4,$1.34,$1.12,0.08,0.1,0.06,0.07,0.00%
,,"3,130",Ring Tailed Wilds,Konami,Slot,"May, 2025",9,$1.33,$1.08,0.12,0.0,0.06,0.07,0.00%
,,"3,131",Diamond Lights,Games Global,Slot,"June, 2023",8,$1.96,$1.18,0.08,0.0,0.06,0.07,0.00%
,,"3,132",Book Of Oktoberfest,Spinberry,Slot,"October, 2024",8,$1.91,$1.57,0.16,0.0,0.06,0.07,0.00%
,,"3,133",Peking Fantasy,Everi,Slot,"January, 2024",22,$4.15,$1.50,0.04,0.0,0.06,0.07,0.00%
,,"3,134",Bee Hive Bonanza,Evolution,Slot,"August, 2023",8,$1.88,$1.30,0.14,0.1,0.06,0.07,0.00%
,,"3,135",Dan Marino Hail Mary,Pixiu Gaming,Instant Win,"January, 2025",3,$1.21,$1.22,0.12,0.1,0.06,0.11,0.00%
,,"3,136",Fairytale Legends Mirror Mirror,Evolution,Slot,"March, 2021",13,$1.41,$1.00,0.11,0.1,0.06,0.06,0.00%
,,"3,137",Great Gold,Evolution,Slot,"July, 2023",18,$1.89,$1.01,0.06,0.0,0.06,0.06,0.00%
,,"3,138",Wild Chapo,Relax Gaming,Slot,"April, 2024",5,$3.65,$1.87,0.01,0.0,0.06,0.06,0.00%
,,"3,139",Lucky Wealth Cat,King Show Games,Slot,"March, 2024",16,$1.71,$1.27,0.08,0.0,0.06,0.06,0.00%
,,"3,140",Great Western Express 4,Relax Gaming,Slot,"January, 2025",6,$1.04,$1.15,0.13,0.1,0.06,0.06,0.00%
,,"3,141",Majestic Wild Buffalo,Spinomenal,Slot,"May, 2025",2,$2.75,$2.75,0.07,0.1,0.06,0.06,0.00%
,,"3,142",Augustus,Games Global,Slot,"August, 2021",7,$1.22,$1.19,0.07,0.0,0.06,0.06,0.00%
,,"3,143",Age Of The Gods Maze Keeper,Playtech,Slot,"November, 2024",8,$1.22,$1.08,0.06,0.0,0.06,0.06,0.00%
,,"3,144",Motley Crue,Play N Go,Slot,"July, 2023",3,$0.90,$0.91,0.19,0.1,0.06,0.06,0.00%
,,"3,145",Crazy Jokers,Bragg Gaming Group,Slot,"June, 2023",8,$1.89,$1.71,0.07,0.1,0.06,0.06,0.00%
,,"3,146",Queen Of Ice,Spinomenal,Slot,"May, 2025",2,$1.44,$1.44,0.08,0.0,0.06,0.06,0.00%
,,"3,147",Jackpot Fortunes,Aristocrat,Slot,"July, 2022",12,$1.63,$1.24,0.09,0.1,0.06,0.06,0.00%
,,"3,148",Arrr 10k Ways,Reel Play,Slot,"August, 2023",23,$1.70,$1.25,0.09,0.1,0.06,0.06,0.00%
,,"3,149",Loota Palooza,High 5 Games,Slot,"February, 2025",23,$1.99,$1.43,0.05,0.1,0.06,0.06,0.00%
,,"3,150",Kingdom Below,Play N Go,Slot,"March, 2025",16,$1.19,$0.98,0.10,0.0,0.06,0.06,0.00%
,,"3,151",Mighty Titan Link And Win,Games Global,Slot,"January, 2024",13,$1.41,$0.93,0.08,0.0,0.06,0.06,0.00%
,,"3,152",Run With The Wolfs,Ainsworth,Slot,"March, 2021",4,$1.53,$1.41,0.06,0.0,0.06,0.06,0.00%
,,"3,153",Artemis Rising Expand N Win,White Hat Studios,Slot,"April, 2025",20,$0.99,$0.96,0.12,0.0,0.06,0.06,0.00%
,,"3,154",Dragon Tiger,Evolution,Live Casino,"March, 2021",14,$18.05,$10.34,0.01,0.1,0.06,0.02,0.00%
,,"3,155",Gold Of Fortune God,Play N Go,Slot,"July, 2024",16,$1.41,$0.95,0.10,0.0,0.06,0.06,0.00%
,,"3,156",Silver Seas,Games Global,Slot,"August, 2021",12,$1.32,$1.31,0.07,0.1,0.06,0.06,0.00%
,,"3,157",Chillilot,Oddsworks,Slot,"April, 2025",8,$1.00,$0.77,0.10,0.0,0.06,0.06,0.00%
,,"3,158",Coin Quest,Slotmill,Slot,"September, 2024",2,$1.60,$1.60,0.08,0.1,0.06,0.06,0.00%
,,"3,159",The Fury Of Goddess,Aruze,Slot,"November, 2024",2,$2.26,$2.26,0.15,0.1,0.06,0.06,0.00%
,,"3,160",The Jungle House Win Ways,Greentube,Slot,"July, 2025",6,$2.02,$0.98,0.05,0.0,0.06,0.06,0.00%
,,"3,161",Maximus Soldier Of Rome,Inspired,Slot,"August, 2021",6,$1.38,$1.10,0.10,0.0,0.06,0.06,0.00%
,,"3,162",Barkin Clusters,Greentube,Slot,"November, 2024",10,$1.55,$1.26,0.06,0.0,0.06,0.06,0.00%
,,"3,163",Hen Heist Hold And Win,Igt,Slot,"September, 2024",21,$1.36,$1.26,0.08,0.0,0.06,0.06,0.00%
,,"3,164",Tombstone Rip,Evolution,Slot,"March, 2025",2,$0.54,$0.54,0.38,0.0,0.06,0.06,0.00%
,,"3,165",Crystal Cash,Ainsworth,Slot,"April, 2021",8,$1.18,$1.16,0.09,0.0,0.06,0.06,0.00%
,,"3,166",Willys Hot Chillies,Evolution,Slot,"March, 2021",6,$1.68,$1.07,0.24,0.1,0.06,0.06,0.00%
,,"3,167",Lucky Bonus Draw Keno,Pixiu Gaming,Bingo/Keno,"April, 2025",2,$1.68,$1.68,0.32,0.1,0.06,0.05,0.00%
,,"3,168",Kings Mask Eclipse Of Gods,Play N Go,Slot,"October, 2024",14,$1.11,$0.79,0.16,0.0,0.06,0.06,0.00%
,,"3,169",Fire Wolf 2,Ags,Slot,"March, 2021",27,$2.13,$1.60,0.06,0.1,0.06,0.06,0.00%
,,"3,170",Egypt Megaways,Evolution,Slot,"January, 2024",27,$0.97,$0.67,0.16,0.0,0.06,0.06,0.00%
,,"3,171",Honoluloot Smash LuckyTap ™,Design Works Gaming,Instant Win,"June, 2024",14,$1.41,$1.24,0.06,0.0,0.06,0.11,0.00%
,,"3,172",Rich Wilde And The Book Of Dead,Play N Go,Slot,"November, 2022",9,$1.35,$1.51,0.12,0.1,0.06,0.06,0.00%
,,"3,173",Age Of Egypt,Playtech,Slot,"August, 2021",7,$1.01,$0.89,0.22,0.1,0.06,0.06,0.00%
,,"3,174",Olympus Hades Megaways,Igt,Slot,"April, 2024",5,$1.69,$0.74,0.10,0.0,0.06,0.06,0.00%
,,"3,175",Action Ops Snow And Sable,Games Global,Slot,"August, 2021",13,$2.02,$0.88,0.12,0.1,0.06,0.06,0.00%
,,"3,176",Big Bad Bison,Evolution,Slot,"August, 2023",10,$1.54,$1.14,0.14,0.1,0.06,0.06,0.00%
,,"3,177",Fire Fury,Light & Wonder,Slot,"June, 2025",30,$1.76,$0.92,0.05,0.0,0.06,0.06,0.00%
,,"3,178",El Dorado The Lost City,Everi,Slot,"March, 2021",23,$3.00,$1.74,0.04,0.1,0.06,0.06,0.00%
,,"3,179",Norse Legend,Ainsworth,Slot,"August, 2022",7,$6.48,$1.79,0.03,0.1,0.06,0.06,0.00%
,,"3,180",Alexander The Great World Conqueror,Evolution,Slot,"January, 2024",24,$0.69,$0.59,0.14,0.0,0.06,0.06,0.00%
,,"3,181",Unicorn Reels,Wazdan,Slot,"June, 2023",8,$1.10,$0.99,0.11,0.1,0.06,0.06,0.00%
,,"3,182",9 Burning Stars,Wazdan,Slot,"June, 2023",7,$1.28,$0.77,0.21,0.1,0.06,0.06,0.00%
,,"3,183",Vegas Hold And Win,1x2 Network,Slot,"July, 2024",4,$2.47,$2.27,0.03,0.0,0.06,0.06,0.00%
,,"3,184",Valley Of The Fortunes,High 5 Games,Slot,"March, 2021",7,$2.01,$0.72,0.16,0.1,0.06,0.06,0.00%
,,"3,185",Ice Joker,Play N Go,Slot,"November, 2022",22,$1.05,$0.96,0.10,0.0,0.06,0.06,0.00%
,,"3,186",11 Enchanting Relics,Games Global,Slot,"February, 2022",14,$1.51,$1.50,0.07,0.0,0.06,0.06,0.00%
,,"3,187",Coin Of Life,Spinberry,Slot,"May, 2025",9,$0.80,$0.58,0.11,0.0,0.06,0.06,0.00%
,,"3,188",24 Stars Dream,Fantasma Games,Slot,"February, 2024",3,$0.86,$0.79,0.13,0.1,0.06,0.06,0.00%
,,"3,189",Liberty Multiplier Retro Roller,Games Global,Slot,"June, 2025",20,$1.62,$1.52,0.06,0.0,0.06,0.06,0.00%
,,"3,190",Elemental Deluxeways,High 5 Games,Slot,"May, 2025",15,$1.71,$1.57,0.09,0.1,0.06,0.06,0.00%
,,"3,191",Lion Carnival,Konami,Slot,"February, 2022",15,$1.19,$1.09,0.09,0.0,0.06,0.06,0.00%
,,"3,192",Monopoly Big Spin Mega Drop,Light & Wonder,Table Game,"March, 2021",15,$5.75,$4.64,0.02,0.1,0.06,0.02,0.00%
,,"3,193",Boomtown Gold Mine,Konami,Slot,"April, 2023",16,$1.82,$1.58,0.05,0.0,0.06,0.06,0.00%
,,"3,194",Golden Knight,High 5 Games,Slot,"March, 2021",15,$1.88,$1.46,0.06,0.0,0.06,0.06,0.00%
,,"3,195",Fortunes Of Egypt,Igt,Slot,"March, 2021",21,$1.55,$1.02,0.08,0.0,0.05,0.06,0.00%
,,"3,196",Prized Panda,Greentube,Slot,"October, 2021",16,$1.39,$1.14,0.05,0.0,0.05,0.06,0.00%
,,"3,197",Black Mamba,Play N Go,Slot,"July, 2023",3,$0.87,$0.67,0.19,0.1,0.05,0.06,0.00%
,,"3,198",Arcade Bomb,Evolution,Slot,"May, 2024",29,$1.09,$0.64,0.07,0.0,0.05,0.06,0.00%
,,"3,199",White Tiger Palace,Design Works Gaming,Slot,"June, 2025",21,$1.28,$1.27,0.07,0.0,0.05,0.06,0.00%
,,"3,200",Million 777 Wheel,Red Rake Gaming,Slot,"February, 2025",7,$1.25,$1.22,0.08,0.0,0.05,0.06,0.00%
,,"3,201",Anaconda Uncoiled,Playtech,Slot,"September, 2023",11,$1.48,$1.06,0.11,0.1,0.05,0.06,0.00%
,,"3,202",Wild Whopper,Rogue,Slot,"March, 2024",9,$2.52,$1.30,0.07,0.0,0.05,0.06,0.00%
,,"3,203",Beasts Of Fire Maximum,Play N Go,Slot,"February, 2025",24,$0.96,$0.75,0.11,0.0,0.05,0.06,0.00%
,,"3,204",Wheels Of Prosperity Dragon,Aruze,Slot,"June, 2023",4,$1.75,$1.71,0.11,0.1,0.05,0.06,0.00%
,,"3,205",Shootin Hoops,Igt,Instant Win,"September, 2024",24,$1.09,$0.96,0.08,0.0,0.05,0.10,0.00%
,,"3,206",Magic Powers Megaways,Evolution,Slot,"October, 2023",17,$0.77,$0.67,0.14,0.0,0.05,0.06,0.00%
,,"3,207",Riches Of The Nile,Ags,Slot,"June, 2023",16,$1.38,$1.41,0.09,0.0,0.05,0.06,0.00%
,,"3,208",5 Families,Evolution,Slot,"April, 2024",29,$1.07,$0.77,0.11,0.0,0.05,0.06,0.00%
,,"3,209",Turtle Paradise,Evolution,Slot,"August, 2025",22,$0.91,$0.75,0.09,0.0,0.05,0.06,0.00%
,,"3,210",Ms Robin Hood,Evolution,Slot,"July, 2025",17,$2.23,$1.23,0.08,0.0,0.05,0.06,0.00%
,,"3,211",Path Of Destiny,Evolution,Slot,"November, 2021",21,$0.84,$0.81,0.11,0.0,0.05,0.06,0.00%
,,"3,212",Jingle Bells Limited,Evolution,Slot,"November, 2023",7,$1.71,$0.79,0.06,0.0,0.05,0.06,0.00%
,,"3,213",Tiger Palace 2 Play,Design Works Gaming,Slot,"September, 2024",6,$1.60,$1.36,0.06,0.0,0.05,0.06,0.00%
,,"3,214",Rob The Bank,Ainsworth,Slot,"September, 2021",6,$2.42,$2.25,0.05,0.1,0.05,0.06,0.00%
,,"3,215",Bangu Bang LuckyTap ™,Design Works Gaming,Instant Win,"January, 2025",18,$1.27,$1.12,0.07,0.0,0.05,0.10,0.00%
,,"3,216",Divine Mystery Jackpot Royale,White Hat Studios,Slot,"March, 2024",4,$1.56,$1.49,0.05,0.0,0.05,0.06,0.00%
,,"3,217",Silver Lux Coin Run,Greentube,Slot,"June, 2024",6,$3.79,$3.33,0.03,0.1,0.05,0.06,0.00%
,,"3,218",Big Foot,Light & Wonder,Slot,"March, 2021",8,$1.32,$1.14,0.18,0.1,0.05,0.06,0.00%
,,"3,219",Spinsane,Evolution,Slot,"March, 2021",12,$1.00,$1.08,0.15,0.1,0.05,0.06,0.00%
,,"3,220",Slingo X Scream,Gaming Realms,Slot,"October, 2021",26,$3.88,$2.48,0.06,0.0,0.05,0.06,0.00%
,,"3,221",Happily Ever After,Light & Wonder,Slot,"May, 2025",15,$1.33,$1.00,0.10,0.0,0.05,0.06,0.00%
,,"3,222",Wish Upon A Fairytale,White Hat Studios,Slot,"September, 2022",4,$2.12,$1.06,0.04,0.0,0.05,0.06,0.00%
,,"3,223",Venice Magic,Light & Wonder,Slot,"March, 2021",6,$0.64,$0.61,0.17,0.1,0.05,0.06,0.00%
,,"3,224",Hansel And Gretel Candyhouse,Evolution,Slot,"September, 2024",26,$1.24,$0.93,0.08,0.0,0.05,0.06,0.00%
,,"3,225",Way Out Wilds,High 5 Games,Slot,"March, 2021",3,$4.74,$5.64,0.02,0.1,0.05,0.06,0.00%
,,"3,226",Cherries Gone Rich,Bragg Gaming Group,Slot,"June, 2024",15,$1.17,$1.15,0.08,0.0,0.05,0.06,0.00%
,,"3,227",Nefertiti Hot 1,Gaming Realms,Slot,"July, 2025",19,$1.44,$1.26,0.07,0.0,0.05,0.06,0.00%
,,"3,228",Golden Grimoire,Evolution,Slot,"March, 2021",9,$3.99,$1.13,0.04,0.1,0.05,0.06,0.00%
,,"3,229",Roulette Up,Oddsworks,Table Game,"January, 2024",9,$10.68,$9.32,0.01,0.0,0.05,0.02,0.00%
,,"3,230",Eagles Flight Power Bet,High 5 Games,Slot,"September, 2024",24,$2.19,$1.75,0.04,0.0,0.05,0.06,0.00%
,,"3,231",Baron Lord Of Saturday,Play N Go,Slot,"January, 2025",15,$0.76,$0.65,0.15,0.0,0.05,0.06,0.00%
,,"3,232",Xmas Bells,Greentube,Slot,"November, 2024",7,$1.47,$1.11,0.08,0.0,0.05,0.06,0.00%
,,"3,233",Vegas Stacks,Ags,Slot,"April, 2021",26,$2.03,$1.49,0.05,0.1,0.05,0.06,0.00%
,,"3,234",Getaway Gangsters,Games Global,Slot,"June, 2024",12,$4.65,$1.22,0.02,0.0,0.05,0.06,0.00%
,,"3,235",Miss Kitty,Aristocrat,Slot,"April, 2023",9,$1.08,$0.90,0.12,0.0,0.05,0.06,0.00%
,,"3,236",London Tube,Evolution,Slot,"December, 2023",15,$1.46,$1.24,0.06,0.0,0.05,0.06,0.00%
,,"3,237",Wish Master Megaways,Evolution,Slot,"January, 2024",16,$1.11,$1.00,0.08,0.0,0.05,0.06,0.00%
,,"3,238",Book Of Sam,Light & Wonder,Slot,"July, 2024",8,$4.19,$2.41,0.05,0.0,0.05,0.06,0.00%
,,"3,239",1.21 Gigawatts,Rogue,Slot,"April, 2025",6,$1.49,$1.29,0.07,0.0,0.05,0.06,0.00%
,,"3,240",Golden Yak,Light & Wonder,Slot,"February, 2023",15,$3.86,$1.22,0.07,0.1,0.05,0.06,0.00%
,,"3,241",Mustang Spirit Cash Stacks Gold,Ainsworth,Slot,"March, 2023",7,$2.29,$1.69,0.04,0.1,0.05,0.06,0.00%
,,"3,242",15 Crystal Roses A Tale Of Love,Play N Go,Slot,"February, 2023",6,$1.06,$1.10,0.07,0.0,0.05,0.06,0.00%
,,"3,243",Charmed Rabbits,Spinberry,Slot,"March, 2024",8,$0.79,$0.64,0.10,0.0,0.05,0.06,0.00%
,,"3,244",Sizzling 777 Deluxe,Wazdan,Slot,"February, 2023",9,$1.02,$0.82,0.14,0.0,0.05,0.06,0.00%
,,"3,245",Ultra Rich,Evolution,Slot,"May, 2025",26,$0.98,$0.76,0.10,0.0,0.05,0.06,0.00%
,,"3,246",Jackpot Jester Wild Nudge,Light & Wonder,Slot,"March, 2021",2,$1.44,$1.44,0.09,0.0,0.05,0.06,0.00%
,,"3,247",Apollo Stacks,Ags,Slot,"March, 2021",26,$1.38,$1.20,0.09,0.1,0.05,0.06,0.00%
,,"3,248",Enchanted Lamp,Igt,Slot,"March, 2021",18,$1.25,$1.13,0.08,0.0,0.05,0.06,0.00%
,,"3,249",Leprechauns Vault,Play N Go,Slot,"February, 2023",3,$1.40,$1.43,0.06,0.1,0.05,0.06,0.00%
,,"3,250",Bonus Bunnies,Evolution,Slot,"September, 2024",19,$1.65,$1.33,0.05,0.0,0.05,0.06,0.00%
,,"3,251",Buy A Ball Keno,Pixiu Gaming,Bingo/Keno,"November, 2025",3,$2.75,$2.25,0.04,0.0,0.05,0.05,0.00%
,,"3,252",Ez Baccarat,Oddsworks,Table Game,"October, 2024",7,$13.25,$13.86,0.01,0.0,0.05,0.02,0.00%
,,"3,253",Lucy Luck And The Crimson Diamond,Slotmill,Slot,"April, 2025",2,$1.76,$1.76,0.07,0.1,0.05,0.06,0.00%
,,"3,254",Thrill To Grill,Evolution,Slot,"April, 2024",20,$3.43,$1.17,0.02,0.0,0.05,0.06,0.00%
,,"3,255",Twisted Sister,Play N Go,Slot,"January, 2023",8,$1.12,$0.95,0.07,0.0,0.05,0.06,0.00%
,,"3,256",Seasons 7s,Igt,Slot,"March, 2021",18,$0.44,$0.39,0.23,0.0,0.05,0.06,0.00%
,,"3,257",Argos Quest,Bragg Gaming Group,Slot,"June, 2025",11,$2.65,$1.70,0.04,0.0,0.05,0.06,0.00%
,,"3,258",Majestic Cats Loot Link,High 5 Games,Slot,"January, 2025",23,$2.89,$1.93,0.04,0.0,0.05,0.06,0.00%
,,"3,259",Dragons Keep,Games Global,Slot,"March, 2023",13,$1.39,$1.09,0.06,0.0,0.05,0.06,0.00%
,,"3,260",Legends Of Troy,High 5 Games,Slot,"March, 2021",4,$1.42,$1.41,0.07,0.1,0.05,0.06,0.00%
,,"3,261",Fairy Fantasy Exotic Wilds,Spearhead Studios,Slot,"September, 2023",8,$1.85,$1.78,0.05,0.0,0.05,0.06,0.00%
,,"3,262",Reel Em In Tournament Fishing,Light & Wonder,Slot,"November, 2023",15,$2.04,$1.35,0.11,0.0,0.05,0.06,0.00%
,,"3,263",Saxon,Play N Go,Slot,"July, 2023",2,$1.50,$1.50,0.05,0.0,0.05,0.06,0.00%
,,"3,264",Book Of Ra Deluxe 10 Win Ways,Greentube,Slot,"September, 2022",6,$2.92,$2.36,0.05,0.0,0.05,0.06,0.00%
,,"3,265",Roman Emperors,Evolution,Slot,"August, 2025",16,$1.36,$1.07,0.07,0.0,0.05,0.06,0.00%
,,"3,266",Arctic Sky,High 5 Games,Slot,"January, 2024",16,$1.17,$1.04,0.19,0.1,0.05,0.06,0.00%
,,"3,267",90k Yeti,Gaming Realms,Slot,"August, 2023",5,$0.95,$1.01,0.10,0.0,0.05,0.06,0.00%
,,"3,268",Cash Stampede,Light & Wonder,Slot,"March, 2021",6,$2.14,$2.01,0.06,0.0,0.05,0.06,0.00%
,,"3,269",4 The Loot,Bragg Gaming Group,Slot,"October, 2023",13,$1.41,$1.26,0.08,0.0,0.05,0.06,0.00%
,,"3,270",Raging Volcano Legend Of Pompeii,Aruze,Slot,"November, 2024",4,$1.25,$1.22,0.10,0.1,0.05,0.06,0.00%
,,"3,271",Flamenco Stacks,Ags,Slot,"March, 2021",24,$1.89,$1.35,0.07,0.1,0.05,0.06,0.00%
,,"3,272",X Wheel Panda,Aruze,Slot,"March, 2025",6,$1.59,$1.49,0.09,0.1,0.05,0.06,0.00%
,,"3,273",Oasis Of Dead,Play N Go,Slot,"October, 2024",10,$1.24,$1.02,0.12,0.0,0.05,0.06,0.00%
,,"3,274",Divine Riches Diana,Games Global,Slot,"March, 2023",15,$1.68,$1.18,0.05,0.0,0.05,0.06,0.00%
,,"3,275",Legacy Of Oz,Games Global,Slot,"October, 2021",8,$2.63,$1.44,0.05,0.0,0.05,0.06,0.00%
,,"3,276",John Daly Spin It And Win It,Spearhead Studios,Slot,"November, 2022",9,$1.07,$0.98,0.07,0.0,0.05,0.06,0.00%
,,"3,277",Jade Emperor,Ainsworth,Slot,"March, 2021",6,$1.79,$1.27,0.07,0.0,0.05,0.06,0.00%
,,"3,278",Dragon Lines Super,Ainsworth,Slot,"August, 2021",6,$2.81,$3.06,0.07,0.0,0.05,0.06,0.00%
,,"3,279",Lust For Gold,Playtech,Slot,"March, 2024",9,$0.96,$0.68,0.12,0.0,0.05,0.06,0.00%
,,"3,280",Firedrakes Fortune,Games Global,Slot,"June, 2023",4,$1.41,$1.34,0.07,0.0,0.05,0.05,0.00%
,,"3,281",Happy Holidays,Light & Wonder,Slot,"August, 2024",8,$1.43,$0.83,0.08,0.0,0.05,0.05,0.00%
,,"3,282",Rumble Rhino Megaways,Aristocrat,Slot,"April, 2023",4,$1.45,$1.44,0.05,0.0,0.05,0.05,0.00%
,,"3,283",Archangels Salvation,Evolution,Slot,"March, 2021",5,$1.71,$1.97,0.09,0.1,0.05,0.05,0.00%
,,"3,284",Almighty Hera,Bragg Gaming Group,Slot,"April, 2025",11,$1.26,$1.18,0.05,0.0,0.05,0.05,0.00%
,,"3,285",Gold Boom,Games Global,Slot,"November, 2024",6,$1.26,$0.56,0.10,0.0,0.05,0.05,0.00%
,,"3,286",Subbuteo Star Striker,Light & Wonder,Slot,"January, 2024",3,$0.38,$0.38,0.28,0.0,0.05,0.05,0.00%
,,"3,287",Rome Fight For Gold,Games Global,Slot,"August, 2023",11,$2.09,$1.56,0.04,0.0,0.05,0.05,0.00%
,,"3,288",Very Fruity,Light & Wonder,Slot,"March, 2021",5,$1.42,$0.97,0.05,0.0,0.05,0.05,0.00%
,,"3,289",Rasputin Megaways,Evolution,Slot,"May, 2023",12,$1.75,$1.54,0.11,0.1,0.05,0.05,0.00%
,,"3,290",Shields Of Rome,Playtech,Slot,"June, 2023",5,$1.49,$1.42,0.47,0.0,0.05,0.05,0.00%
,,"3,291",Gem Splitter,Wazdan,Slot,"June, 2023",7,$0.81,$0.47,0.65,0.0,0.05,0.05,0.00%
,,"3,292",Vegas Riches,Aruze,Slot,"June, 2023",2,$1.87,$1.87,0.11,0.0,0.05,0.05,0.00%
,,"3,293",Lucky Reels,Wazdan,Slot,"June, 2023",6,$1.30,$1.07,0.14,0.1,0.05,0.05,0.00%
,,"3,294",Republic Empire Hold And Win,Igt,Slot,"November, 2024",24,$2.20,$1.88,0.04,0.0,0.05,0.05,0.00%
,,"3,295",Enchanted Manor,Bragg Gaming Group,Slot,"December, 2023",13,$1.60,$1.75,0.06,0.0,0.05,0.05,0.00%
,,"3,296",Almighty 7s Fortune Play,White Hat Studios,Slot,"April, 2023",6,$1.80,$1.19,0.07,0.0,0.05,0.05,0.00%
,,"3,297",Apache Ways,Evolution,Slot,"April, 2023",21,$1.10,$0.86,0.09,0.0,0.05,0.05,0.00%
,,"3,298",Money Horse,Oddsworks,Slot,"August, 2024",18,$1.23,$0.92,0.08,0.0,0.05,0.05,0.00%
,,"3,299",Abracardabra,Games Global,Slot,"March, 2021",10,$0.48,$0.50,0.37,0.0,0.05,0.05,0.00%
,,"3,300",Aladdins Legacy,Light & Wonder,Slot,"March, 2021",3,$2.06,$2.08,0.07,0.0,0.05,0.05,0.00%
,,"3,301",Elephant Break,Konami,Slot,"July, 2023",15,$1.53,$1.35,0.05,0.0,0.05,0.05,0.00%
,,"3,302",Shark Squad,High 5 Games,Slot,"May, 2022",6,$1.14,$0.59,0.17,0.1,0.05,0.05,0.00%
,,"3,303",Roller Wheel Money Roll,Incredible Technologies,Slot,"May, 2021",15,$1.65,$1.65,0.06,0.0,0.05,0.05,0.00%
,,"3,304",Legacy Of Athena,Red Rake Gaming,Slot,"February, 2025",12,$1.34,$1.18,0.06,0.0,0.05,0.05,0.00%
,,"3,305",Eternal Clash,Octoplay,Slot,"October, 2024",5,$1.06,$1.17,0.09,0.0,0.05,0.05,0.00%
,,"3,306",Golden Lucky Fortune,Spinberry,Slot,"January, 2024",9,$1.23,$1.09,0.08,0.0,0.05,0.05,0.00%
,,"3,307",Raging Rex,Play N Go,Slot,"November, 2022",14,$2.41,$1.23,0.10,0.0,0.05,0.05,0.00%
,,"3,308",Treasure Box Clans,Igt,Slot,"August, 2024",29,$1.03,$0.80,0.07,0.0,0.05,0.05,0.00%
,,"3,309",Hot Slot 777 Stars,Wazdan,Slot,"June, 2023",9,$0.81,$0.79,0.29,0.0,0.05,0.05,0.00%
,,"3,310",Power Zone Legend Of Hydra,Playtech,Slot,"May, 2023",8,$1.31,$1.36,0.03,0.0,0.05,0.05,0.00%
,,"3,311",Giga Blast,Evolution,Slot,"July, 2024",24,$1.14,$0.77,0.07,0.0,0.05,0.05,0.00%
,,"3,312",Raging Rex 3,Play N Go,Slot,"December, 2023",11,$0.90,$0.85,0.12,0.0,0.05,0.05,0.00%
,,"3,313",Diamond Spins Mistress Of Egypt,Igt,Slot,"March, 2023",11,$1.84,$1.55,0.09,0.0,0.05,0.05,0.00%
,,"3,314",Wild Wild Wynmor,Aristocrat,Slot,"May, 2025",9,$1.19,$1.20,0.06,0.0,0.05,0.05,0.00%
,,"3,315",Stars Ablaze,Playtech,Slot,"June, 2023",4,$0.89,$0.58,0.31,0.0,0.05,0.05,0.00%
,,"3,316",Twenty Seven,Igt,Slot,"March, 2021",20,$1.03,$0.67,0.07,0.0,0.05,0.05,0.00%
,,"3,317",Riddle Of Riches,High 5 Games,Slot,"July, 2021",8,$3.03,$1.23,0.07,0.1,0.05,0.05,0.00%
,,"3,318",Slingos Cosmic Clusters,Gaming Realms,Slot,"October, 2023",18,$0.82,$0.78,0.10,0.0,0.05,0.05,0.00%
,,"3,319",Sakura Masks,Evolution,Slot,"March, 2025",24,$0.99,$0.76,0.06,0.0,0.05,0.05,0.00%
,,"3,320",Diamond Spins Dionysus,Igt,Slot,"June, 2024",19,$0.84,$0.78,0.11,0.0,0.05,0.05,0.00%
,,"3,321",Rock N Lock,Evolution,Slot,"June, 2023",21,$0.94,$0.86,0.08,0.0,0.05,0.05,0.00%
,,"3,322",Mammoth Kingdom,Bragg Gaming Group,Slot,"February, 2024",13,$1.64,$1.42,0.06,0.0,0.05,0.05,0.00%
,,"3,323",Twistar,Inspired,Slot,"January, 2022",5,$5.39,$1.71,0.02,0.0,0.05,0.05,0.00%
,,"3,324",Legacy Of The Nile Extreme,High 5 Games,Slot,"November, 2022",9,$0.71,$0.68,0.15,0.1,0.05,0.05,0.00%
,,"3,325",Basketball King Hold And Win,Igt,Slot,"September, 2023",17,$1.84,$1.34,0.05,0.0,0.05,0.05,0.00%
,,"3,326",Desert Cats,Light & Wonder,Slot,"March, 2021",3,$3.20,$1.22,0.12,0.0,0.05,0.05,0.00%
,,"3,327",Realm Of Hades,High 5 Games,Slot,"October, 2021",4,$1.90,$0.57,0.14,0.1,0.05,0.05,0.00%
,,"3,328",Cleos Wish,Light & Wonder,Slot,"March, 2021",5,$1.93,$1.50,0.04,0.0,0.05,0.05,0.00%
,,"3,329",Bound For Riches Egyptian Majesty,Aruze,Slot,"November, 2024",2,$1.34,$1.34,0.18,0.0,0.05,0.05,0.00%
,,"3,330",Lil Devil,Evolution,Slot,"June, 2021",24,$3.13,$1.80,0.06,0.1,0.05,0.05,0.00%
,,"3,331",Stargate Megaways,Light & Wonder,Slot,"February, 2023",17,$2.37,$0.92,0.06,0.0,0.05,0.05,0.00%
,,"3,332",Andvari The Magic Ring,Games Global,Slot,"November, 2023",16,$1.19,$1.04,0.06,0.0,0.05,0.05,0.00%
,,"3,333",Cat Wilde And The Lost Chapter,Play N Go,Slot,"July, 2022",18,$2.35,$0.89,0.09,0.0,0.05,0.05,0.00%
,,"3,334",Robin Hood Prince Of Tweets,Light & Wonder,Slot,"March, 2021",4,$2.94,$2.89,0.05,0.0,0.05,0.05,0.00%
,,"3,335",Empire Treasures Pride Of Persia,Playtech,Slot,"March, 2024",5,$0.80,$0.63,0.06,0.0,0.05,0.05,0.00%
,,"3,336",Electric Charge,Games Global,Slot,"July, 2023",12,$0.99,$0.93,0.08,0.0,0.05,0.05,0.00%
,,"3,337",Carnivale,Oddsworks,Slot,"March, 2024",6,$1.04,$1.11,0.06,0.0,0.05,0.05,0.00%
,,"3,338",Divine Stars,Light & Wonder,Slot,"January, 2023",21,$1.26,$0.96,0.09,0.0,0.05,0.05,0.00%
,,"3,339",Temple Quest Spinfinity,Evolution,Slot,"September, 2025",25,$1.50,$1.16,0.07,0.0,0.05,0.05,0.00%
,,"3,340",Rocket Reels,Hacksaw Gaming,Slot,"September, 2023",9,$1.30,$1.13,0.05,0.0,0.05,0.05,0.00%
,,"3,341",Buffalo Magic,Bragg Gaming Group,Slot,"October, 2024",15,$1.35,$1.34,0.07,0.0,0.05,0.05,0.00%
,,"3,342",Magnificent Power Wolf Fire Spirit,Games Global,Slot,"December, 2024",12,$1.07,$1.03,0.07,0.0,0.05,0.05,0.00%
,,"3,343",Pirates Prosperity,High 5 Games,Slot,"January, 2025",20,$1.73,$1.42,0.04,0.0,0.05,0.05,0.00%
,,"3,344",Grizzly Strike,1x2 Network,Slot,"May, 2024",5,$1.89,$1.65,0.03,0.0,0.05,0.05,0.00%
,,"3,345",Slingo Xing Yun Xian,Gaming Realms,Slot,"March, 2021",17,$3.79,$2.74,0.06,0.0,0.05,0.05,0.00%
,,"3,346",Great Western 2,Relax Gaming,Slot,"February, 2024",5,$1.95,$1.46,0.08,0.0,0.05,0.05,0.00%
,,"3,347",Sun Chief,Ainsworth,Slot,"March, 2021",3,$2.66,$2.66,0.04,0.0,0.05,0.05,0.00%
,,"3,348",Super Flip,Play N Go,Slot,"July, 2023",11,$0.48,$0.35,0.18,0.0,0.05,0.05,0.00%
,,"3,349",Magic Of The Ring Deluxe,Wazdan,Slot,"June, 2023",6,$1.56,$1.46,0.08,0.0,0.05,0.05,0.00%
,,"3,350",Blinged,Play N Go,Slot,"July, 2022",5,$6.35,$0.44,0.01,0.0,0.05,0.05,0.00%
,,"3,351",1k Yeti,4theplayer,Slot,"February, 2024",18,$2.23,$1.38,0.03,0.0,0.05,0.05,0.00%
,,"3,352",The Wild Kiss,Evolution,Slot,"January, 2025",25,$1.25,$0.84,0.09,0.0,0.05,0.05,0.00%
,,"3,353",Scratch Irish Eyes 2,Light & Wonder,Lottery,"March, 2021",7,$0.30,$0.11,0.35,0.0,0.05,0.03,0.00%
,,"3,354",Book Of Blackeyes Bounty,Bragg Gaming Group,Slot,"July, 2024",14,$2.32,$1.86,0.04,0.0,0.05,0.05,0.00%
,,"3,355",Dragonova,Oddsworks,Slot,"June, 2023",16,$1.39,$1.20,0.09,0.1,0.05,0.05,0.00%
,,"3,356",Wheels Go Round Orb Legend,Aruze,Slot,"June, 2021",6,$1.07,$1.12,0.14,0.0,0.05,0.05,0.00%
,,"3,357",Enchanted Eyes,Ainsworth,Slot,"March, 2021",6,$1.32,$1.30,0.06,0.0,0.05,0.05,0.00%
,,"3,358",Highwayman Gold Hold And Win,Igt,Slot,"November, 2024",23,$2.58,$1.70,0.04,0.0,0.05,0.05,0.00%
,,"3,359",90k Yeti Gigablox,4theplayer,Slot,"March, 2023",11,$0.98,$1.07,0.08,0.0,0.05,0.05,0.00%
,,"3,360",Temple Of Nudges,Evolution,Slot,"March, 2021",12,$4.23,$0.98,0.04,0.0,0.05,0.05,0.00%
,,"3,361",Great Balloon Adventure,High 5 Games,Slot,"March, 2021",3,$1.87,$2.02,0.04,0.0,0.05,0.05,0.00%
,,"3,362",Money From Mars,Ainsworth,Slot,"June, 2021",8,$2.08,$1.70,0.04,0.0,0.04,0.05,0.00%
,,"3,363",Lets Get Ready To Rumble,Relax Gaming,Slot,"February, 2024",8,$1.50,$0.65,0.11,0.0,0.04,0.05,0.00%
,,"3,364",Dolla Dolla Bill,1x2 Network,Slot,"July, 2025",4,$1.35,$1.31,0.06,0.0,0.04,0.05,0.00%
,,"3,365",5 Line Hold And Spin,Greentube,Slot,"February, 2024",3,$0.82,$0.89,0.09,0.0,0.04,0.05,0.00%
,,"3,366",Lady Of Hope,High 5 Games,Slot,"March, 2021",2,$1.74,$1.74,0.06,0.0,0.04,0.05,0.00%
,,"3,367",Yucatans Mystery,Evolution,Slot,"February, 2022",23,$1.07,$0.72,0.10,0.0,0.04,0.05,0.00%
,,"3,368",Brilliant Wild,Igt,Slot,"July, 2024",21,$0.67,$0.62,0.11,0.0,0.04,0.05,0.00%
,,"3,369",777 Mania Slots,Betixon,Slot,"February, 2025",2,$0.92,$0.92,0.08,0.0,0.04,0.05,0.00%
,,"3,370",Wolfkin,Evolution,Slot,"February, 2024",14,$1.88,$0.91,0.04,0.0,0.04,0.05,0.00%
,,"3,371",Legacy Of The Wild 2,Playtech,Slot,"May, 2023",12,$1.20,$1.10,0.07,0.0,0.04,0.05,0.00%
,,"3,372",Sheep Gone Wild,Evolution,Slot,"January, 2024",21,$1.76,$1.28,0.04,0.0,0.04,0.05,0.00%
,,"3,373",Bier Party,Aristocrat,Slot,"October, 2023",6,$2.07,$1.13,0.13,0.0,0.04,0.05,0.00%
,,"3,374",Master Of Magic First Strike,Light & Wonder,Slot,"October, 2024",3,$0.80,$0.79,0.08,0.0,0.04,0.05,0.00%
,,"3,375",40 Imperial Crown,Greentube,Slot,"June, 2023",3,$1.73,$1.58,0.03,0.0,0.04,0.05,0.00%
,,"3,376",Clover Lady,Wazdan,Slot,"June, 2023",9,$1.02,$1.00,0.09,0.0,0.04,0.05,0.00%
,,"3,377",Sonic Links,Games Global,Slot,"October, 2022",12,$1.31,$1.21,0.06,0.0,0.04,0.05,0.00%
,,"3,378",Pillars Of Asgard,Light & Wonder,Slot,"March, 2021",9,$7.98,$1.71,0.05,0.1,0.04,0.05,0.00%
,,"3,379",Golden Nile,Ags,Slot,"August, 2023",24,$1.37,$1.26,0.05,0.0,0.04,0.05,0.00%
,,"3,380",Wheel Of Fortune Winning Words,Igt,Lottery,"March, 2021",5,$2.40,$2.49,0.02,0.0,0.04,0.03,0.00%
,,"3,381",Unchain The Dragons,Aristocrat,Slot,"May, 2024",3,$0.78,$0.82,0.06,0.0,0.04,0.05,0.00%
,,"3,382",Harlequin Carnival,Evolution,Slot,"November, 2024",22,$1.69,$1.26,0.05,0.0,0.04,0.05,0.00%
,,"3,383",Sugar Burst,Red Rake Gaming,Slot,"April, 2025",13,$25.26,$1.00,0.07,0.0,0.04,0.05,0.00%
,,"3,384",Stellar Cash Dragon Palace,Light & Wonder,Slot,"July, 2023",24,$1.25,$1.04,0.08,0.0,0.04,0.05,0.00%
,,"3,385",Money Mariachi Fiesta Infinity Reels,Reel Play,Slot,"November, 2024",14,$1.56,$1.37,0.05,0.0,0.04,0.05,0.00%
,,"3,386",Gold Pile Toltec Treasure,Playtech,Slot,"May, 2023",13,$1.13,$0.75,0.12,0.1,0.04,0.05,0.00%
,,"3,387",Silverback Multiplier Mountain,Games Global,Slot,"August, 2021",8,$6.87,$2.82,0.05,0.0,0.04,0.05,0.00%
,,"3,388",Magic Tricks,Evolution,Slot,"January, 2024",19,$1.39,$0.93,0.04,0.0,0.04,0.05,0.00%
,,"3,389",Who Wants To Be A Millionaire Mystery Box,Evolution,Slot,"January, 2025",25,$2.94,$1.37,0.04,0.0,0.04,0.05,0.00%
,,"3,390",Multi Rise Video Poker Double Double Bonus,Oddsworks,Video Poker,"October, 2023",2,$4.30,$4.30,0.04,0.1,0.04,0.03,0.00%
,,"3,391",West Coast Cash Infinity Reels,Reel Play,Slot,"May, 2023",22,$2.45,$1.03,0.06,0.0,0.04,0.05,0.00%
,,"3,392",Wheels Of Prosperity Phoenix,Aruze,Slot,"February, 2023",5,$1.55,$1.60,0.07,0.0,0.04,0.05,0.00%
,,"3,393",Bling Kong,Rogue,Lottery,"June, 2025",12,$7.46,$3.61,0.01,0.0,0.04,0.03,0.00%
,,"3,394",Jungle Giants,Playtech,Slot,"May, 2023",2,$2.24,$2.24,0.04,0.0,0.04,0.05,0.00%
,,"3,395",Naughty Nicks Book,Play N Go,Slot,"August, 2023",5,$1.37,$1.49,0.05,0.0,0.04,0.05,0.00%
,,"3,396",Eagle Strike Lucky Cache,1x2 Network,Slot,"October, 2024",5,$1.84,$1.45,0.04,0.0,0.04,0.05,0.00%
,,"3,397",Victorious,Evolution,Slot,"March, 2021",12,$1.36,$0.97,0.10,0.1,0.04,0.05,0.00%
,,"3,398",Viking Fall,White Hat Studios,Slot,"February, 2023",5,$1.45,$1.39,0.04,0.0,0.04,0.05,0.00%
,,"3,399",Mega Don,Play N Go,Slot,"February, 2023",9,$0.85,$0.79,0.08,0.0,0.04,0.05,0.00%
,,"3,400",Desperados Wild,Inspired,Slot,"March, 2021",3,$5.85,$0.83,0.08,0.0,0.04,0.05,0.00%
,,"3,401",Wish For Cash,Konami,Slot,"July, 2024",19,$2.13,$1.45,0.03,0.0,0.04,0.05,0.00%
,,"3,402",Apollo Pays,Evolution,Slot,"September, 2022",16,$1.33,$0.91,0.11,0.0,0.04,0.05,0.00%
,,"3,403",Candyblasted,High 5 Games,Slot,"March, 2021",5,$0.72,$0.90,0.26,0.0,0.04,0.05,0.00%
,,"3,404",Full Force Link Ch Ing Wa Sheng,Incredible Technologies,Slot,"August, 2023",15,$3.65,$1.70,0.03,0.0,0.04,0.05,0.00%
,,"3,405",Animal Antics,Inspired,Slot,"August, 2022",10,$1.31,$1.14,0.09,0.0,0.04,0.05,0.00%
,,"3,406",The Wild Hatter,Evolution,Slot,"August, 2021",22,$0.85,$0.77,0.07,0.0,0.04,0.05,0.00%
,,"3,407",Amulets Of Horus,Bragg Gaming Group,Slot,"April, 2025",11,$0.65,$0.56,0.11,0.0,0.04,0.05,0.00%
,,"3,408",Workshop Wonders,High 5 Games,Slot,"December, 2022",8,$0.75,$0.70,0.20,0.1,0.04,0.05,0.00%
,,"3,409",Demi Gods 2,Spinomenal,Slot,"June, 2025",2,$1.50,$1.50,0.03,0.0,0.04,0.05,0.00%
,,"3,410",Super Triple Fortune,Greentube,Slot,"February, 2025",10,$1.75,$1.62,0.05,0.0,0.04,0.05,0.00%
,,"3,411",The Demon Code,Light & Wonder,Slot,"March, 2021",7,$1.37,$1.14,0.10,0.0,0.04,0.05,0.00%
,,"3,412",Rising Tiger Sheng Qi De Laohu,Greentube,Slot,"August, 2024",10,$1.49,$1.24,0.05,0.0,0.04,0.05,0.00%
,,"3,413",Golden Dollars,Ainsworth,Slot,"March, 2021",6,$2.11,$1.80,0.04,0.0,0.04,0.05,0.00%
,,"3,414",Money Inferno,Incredible Technologies,Slot,"December, 2021",14,$1.27,$1.36,0.07,0.0,0.04,0.05,0.00%
,,"3,415",Clover Craze,Evolution,Slot,"November, 2024",27,$1.00,$0.85,0.09,0.0,0.04,0.05,0.00%
,,"3,416",Neptunes Champions,High 5 Games,Slot,"June, 2024",12,$1.06,$0.93,0.04,0.0,0.04,0.05,0.00%
,,"3,417",Viper City Heist,Play N Go,Slot,"June, 2025",13,$1.22,$0.83,0.08,0.0,0.04,0.05,0.00%
,,"3,418",Mystery Fox Christmas Party,Aristocrat,Slot,"December, 2023",11,$1.37,$1.17,0.05,0.0,0.04,0.05,0.00%
,,"3,419",Blood And Gold,Light & Wonder,Slot,"March, 2023",20,$1.30,$1.08,0.05,0.0,0.04,0.05,0.00%
,,"3,420",Akiva Claws Of Power,Games Global,Slot,"January, 2024",15,$1.34,$1.23,0.04,0.0,0.04,0.05,0.00%
,,"3,421",Monopoly 250k,Light & Wonder,Slot,"March, 2021",5,$2.52,$3.06,0.06,0.0,0.04,0.05,0.00%
,,"3,422",Bonus 7s Wild,Light & Wonder,Slot,"June, 2025",9,$1.33,$1.08,0.06,0.0,0.04,0.05,0.00%
,,"3,423",Gods Of Kemet,Aristocrat,Slot,"November, 2022",16,$1.87,$1.27,0.04,0.0,0.04,0.05,0.00%
,,"3,424",Piggy Bank Fortune,Spinberry,Slot,"March, 2025",9,$1.60,$1.33,0.05,0.0,0.04,0.05,0.00%
,,"3,425",Lucky Wu,Inspired,Slot,"December, 2021",7,$1.35,$0.78,0.12,0.0,0.04,0.04,0.00%
,,"3,426",Over The Moon,Evolution,Slot,"September, 2023",7,$3.31,$2.75,0.05,0.0,0.04,0.04,0.00%
,,"3,427",Jackpot Hitz,Oddsworks,Slot,"February, 2024",13,$1.71,$1.48,0.04,0.0,0.04,0.04,0.00%
,,"3,428",Lucky Dragon Tree,Boom Entertainment,Slot,"March, 2025",12,$1.15,$1.00,0.06,0.0,0.04,0.04,0.00%
,,"3,429",High Voltage Blackout,Everi,Slot,"March, 2021",10,$4.51,$1.32,0.07,0.0,0.04,0.04,0.00%
,,"3,430",Million Dracula,Red Rake Gaming,Slot,"February, 2025",10,$1.17,$1.13,0.06,0.0,0.04,0.04,0.00%
,,"3,431",Roaming Reels,Ainsworth,Slot,"April, 2021",6,$1.76,$1.63,0.06,0.0,0.04,0.04,0.00%
,,"3,432",Taiko Beats,Oddsworks,Slot,"January, 2025",14,$1.90,$0.86,0.02,0.0,0.04,0.04,0.00%
,,"3,433",Snake Arena,Relax Gaming,Slot,"January, 2024",12,$2.75,$1.69,0.08,0.0,0.04,0.04,0.00%
,,"3,434",Free Reelin Joker,Play N Go,Slot,"September, 2023",6,$0.77,$0.63,0.08,0.0,0.04,0.04,0.00%
,,"3,435",Immortal Romance,Games Global,Slot,"August, 2021",7,$2.80,$1.69,0.05,0.0,0.04,0.04,0.00%
,,"3,436",Da Vinci Gems,High 5 Games,Slot,"June, 2022",8,$1.67,$0.54,0.05,0.0,0.04,0.04,0.00%
,,"3,437",Stallion Fortunes,Aristocrat,Slot,"June, 2022",10,$1.23,$1.06,0.08,0.0,0.04,0.04,0.00%
,,"3,438",7s Wild Gold,Igt,Slot,"January, 2025",29,$1.43,$1.11,0.07,0.0,0.04,0.04,0.00%
,,"3,439",Story Of Loki Master Of Illusions,Spinomenal,Slot,"May, 2025",2,$5.82,$5.82,0.01,0.0,0.04,0.04,0.00%
,,"3,440",Indiana Bones,High 5 Games,Slot,"April, 2023",13,$6.58,$3.57,0.02,0.0,0.04,0.04,0.00%
,,"3,441",Reel Diamonds,1x2 Network,Slot,"April, 2024",5,$0.84,$0.82,0.06,0.0,0.04,0.04,0.00%
,,"3,442",Shikibu,Konami,Slot,"March, 2021",7,$1.03,$0.90,0.06,0.0,0.04,0.04,0.00%
,,"3,443",Redline Rush,Evolution,Slot,"July, 2024",21,$1.14,$0.99,0.06,0.0,0.04,0.04,0.00%
,,"3,444",Golden Elk,Aristocrat,Slot,"March, 2024",9,$1.37,$1.08,0.09,0.0,0.04,0.04,0.00%
,,"3,445",Blazing Piranhas,Games Global,Slot,"September, 2023",13,$1.14,$0.92,0.05,0.0,0.04,0.04,0.00%
,,"3,446",Book Of Fusion,Light & Wonder,Slot,"January, 2023",21,$0.94,$0.86,0.06,0.0,0.04,0.04,0.00%
,,"3,447",Pussy Cat,Ainsworth,Slot,"March, 2021",3,$7.78,$2.35,0.02,0.0,0.04,0.04,0.00%
,,"3,448",Book Of 99,Relax Gaming,Slot,"October, 2024",2,$0.67,$0.67,0.47,0.1,0.04,0.04,0.00%
,,"3,449",Fisherdogs Fortune,Everymatrix,Slot,"June, 2025",6,$2.27,$2.11,0.04,0.0,0.04,0.04,0.00%
,,"3,450",Honey Rush 100,Play N Go,Slot,"October, 2023",9,$1.31,$1.50,0.09,0.0,0.04,0.04,0.00%
,,"3,451",Royal Masquerade,Play N Go,Slot,"November, 2022",6,$1.63,$1.61,0.06,0.0,0.04,0.04,0.00%
,,"3,452",Black Horse Deluxe,Wazdan,Slot,"June, 2023",9,$10.15,$1.12,0.07,0.0,0.04,0.04,0.00%
,,"3,453",Fortune Stacks,Konami,Slot,"March, 2021",14,$1.48,$1.16,0.07,0.0,0.04,0.04,0.00%
,,"3,454",Fu Lai Cai Lai Stack Wild Luxury,Aruze,Slot,"May, 2024",7,$1.18,$1.04,0.07,0.0,0.04,0.04,0.00%
,,"3,455",Full Force Link Good Deal,Incredible Technologies,Slot,"September, 2023",15,$1.79,$1.78,0.04,0.0,0.04,0.04,0.00%
,,"3,456",6 Wild Sharks,4theplayer,Slot,"November, 2022",16,$1.47,$1.11,0.06,0.0,0.04,0.04,0.00%
,,"3,457",Oktoberfest Frenzy,Spinberry,Slot,"October, 2024",6,$0.74,$0.79,0.12,0.0,0.04,0.04,0.00%
,,"3,458",Giant Gems,Light & Wonder,Slot,"March, 2021",3,$4.91,$4.00,0.02,0.0,0.04,0.04,0.00%
,,"3,459",Choco Reels,Wazdan,Slot,"June, 2023",7,$1.65,$1.13,0.09,0.0,0.04,0.04,0.00%
,,"3,460",Ghost Of Dead,Play N Go,Slot,"February, 2023",3,$0.97,$1.02,0.07,0.0,0.04,0.04,0.00%
,,"3,461",Rumble Rhino,Aristocrat,Slot,"January, 2022",11,$1.64,$1.10,0.05,0.0,0.04,0.04,0.00%
,,"3,462",Spin Sorceress,Light & Wonder,Slot,"March, 2021",5,$2.17,$1.61,0.06,0.0,0.04,0.04,0.00%
,,"3,463",Tiki Infinity Reels Megaways,Reel Play,Slot,"June, 2022",13,$1.22,$1.15,0.16,0.0,0.04,0.04,0.00%
,,"3,464",Jokers Riches 2,High 5 Games,Slot,"March, 2021",4,$0.83,$0.69,0.05,0.0,0.04,0.04,0.00%
,,"3,465",Diamond Rush,Ags,Slot,"June, 2023",24,$1.30,$1.07,0.04,0.0,0.04,0.04,0.00%
,,"3,466",Pride Of Egypt,Konami,Slot,"March, 2021",12,$1.55,$1.22,0.11,0.0,0.04,0.04,0.00%
,,"3,467",Royal Diamonds,Ainsworth,Slot,"June, 2021",4,$1.89,$1.84,0.06,0.0,0.04,0.04,0.00%
,,"3,468",Chilli El Toro,Greentube,Slot,"March, 2023",7,$1.39,$1.00,0.05,0.0,0.04,0.04,0.00%
,,"3,469",Dangerous Beauty Blades Edge,High 5 Games,Slot,"November, 2023",14,$1.88,$1.36,0.03,0.0,0.04,0.04,0.00%
,,"3,470",Platinum Goddess Extreme,High 5 Games,Slot,"March, 2021",8,$0.69,$0.66,0.17,0.0,0.04,0.04,0.00%
,,"3,471",Anaconda Wild,Playtech,Slot,"August, 2021",6,$1.26,$1.37,0.06,0.0,0.04,0.04,0.00%
,,"3,472",Big Dragon Lounge,High 5 Games,Slot,"April, 2021",3,$1.77,$0.64,0.03,0.0,0.04,0.04,0.00%
,,"3,473",Bad Bass,King Show Games,Slot,"May, 2024",14,$1.37,$1.14,0.04,0.0,0.04,0.04,0.00%
,,"3,474",Road Trip 66,Crucible Gaming,Slot,"March, 2025",9,$3.30,$2.70,0.02,0.0,0.04,0.04,0.00%
,,"3,475",Lucky Otter,Fantasma Games,Slot,"May, 2024",5,$1.37,$0.81,0.14,0.0,0.04,0.04,0.00%
,,"3,476",Dragon Blast,Ags,Slot,"October, 2022",25,$1.49,$1.27,0.05,0.0,0.04,0.04,0.00%
,,"3,477",Wild Extravaganza,Spearhead Studios,Slot,"January, 2023",6,$0.74,$0.63,0.06,0.0,0.04,0.04,0.00%
,,"3,478",Cat Wilde And The Pyramids Of Dead,Play N Go,Slot,"July, 2024",11,$1.29,$1.24,0.05,0.0,0.04,0.04,0.00%
,,"3,479",Super Hot Joker,Aristocrat,Slot,"November, 2022",13,$1.07,$1.02,0.05,0.0,0.04,0.04,0.00%
,,"3,480",First Person Video Poker,Evolution,Video Poker,"March, 2024",22,$4.97,$4.13,0.12,0.2,0.04,0.03,0.00%
,,"3,481",Fairytale Legends Hansel And Gretel,Evolution,Slot,"March, 2021",12,$1.10,$1.14,0.15,0.0,0.04,0.04,0.00%
,,"3,482",Mustang Money Raging Roosters,Ainsworth,Slot,"June, 2021",4,$1.91,$1.94,0.06,0.0,0.04,0.04,0.00%
,,"3,483",The Hot Offer Deluxe,Light & Wonder,Slot,"January, 2024",9,$0.97,$0.80,0.08,0.0,0.04,0.04,0.00%
,,"3,484",Shark Hunter,Bragg Gaming Group,Slot,"November, 2024",16,$2.35,$1.80,0.03,0.0,0.04,0.04,0.00%
,,"3,485",Blackjack Royal Poker,Light & Wonder,Table Game,"May, 2025",2,$9.99,$9.99,0.01,0.1,0.04,0.01,0.00%
,,"3,486",Golden Peony,High 5 Games,Slot,"March, 2021",2,$2.61,$2.61,0.06,0.0,0.04,0.04,0.00%
,,"3,487",Jacks Or Better,Evolution,Video Poker,"May, 2021",10,$1.85,$1.33,0.09,0.1,0.04,0.03,0.00%
,,"3,488",Ghost Pirates,Evolution,Slot,"March, 2021",5,$1.15,$0.76,0.09,0.0,0.04,0.04,0.00%
,,"3,489",Fu Gui Hua,White Hat Studios,Slot,"January, 2025",16,$1.71,$1.18,0.06,0.0,0.04,0.04,0.00%
,,"3,490",Extreme Tortoise,Aruze,Slot,"December, 2022",4,$1.58,$1.36,0.42,0.1,0.04,0.04,0.00%
,,"3,491",Ronins Honour,Play N Go,Slot,"April, 2025",12,$1.01,$1.05,0.04,0.0,0.04,0.04,0.00%
,,"3,492",Wild West Zone Dynamic Ways,Oddsworks,Slot,"October, 2024",4,$1.39,$0.93,0.12,0.0,0.04,0.04,0.00%
,,"3,493",Rev It Up Redline,High 5 Games,Slot,"January, 2024",5,$1.34,$0.60,0.03,0.1,0.04,0.04,0.00%
,,"3,494",Bingo Staxx Rudolphs Reign,Greentube,Bingo/Keno,"December, 2023",4,$1.11,$1.14,0.06,0.0,0.04,0.03,0.00%
,,"3,495",Grand Emperor,Ainsworth,Slot,"April, 2023",5,$2.12,$1.99,0.05,0.0,0.04,0.04,0.00%
,,"3,496",Phoenix Coins,Light & Wonder,Slot,"September, 2021",11,$1.62,$1.44,0.06,0.0,0.04,0.04,0.00%
,,"3,497",Panda King,Ainsworth,Slot,"March, 2021",3,$1.78,$1.28,0.03,0.0,0.04,0.04,0.00%
,,"3,498",Roulette X,Light & Wonder,Table Game,"May, 2024",2,$30.88,$30.88,0.00,0.1,0.04,0.01,0.00%
,,"3,499",Girl With The Golden Eyes,Bragg Gaming Group,Slot,"January, 2023",10,$1.76,$1.56,0.04,0.0,0.04,0.04,0.00%
,,"3,500",Spirit Of The Lamp,Aristocrat,Slot,"May, 2024",6,$1.44,$1.29,0.07,0.0,0.04,0.04,0.00%
,,"3,501",Phone Tag,King Show Games,Slot,"March, 2024",5,$2.40,$1.14,0.04,0.0,0.04,0.04,0.00%
,,"3,502",Hot Offer Deluxe,Bang Bang Games,Slot,"February, 2024",8,$1.30,$1.08,0.07,0.0,0.04,0.04,0.00%
,,"3,503",Lucky Twins 5x 4tune Reels,Games Global,Slot,"January, 2025",18,$4.16,$1.65,0.02,0.0,0.04,0.04,0.00%
,,"3,504",Go High Safari,Ruby Play,Slot,"September, 2025",6,$1.10,$0.91,0.11,0.0,0.04,0.04,0.00%
,,"3,505",Queen Of The Forest,Spinomenal,Slot,"June, 2025",2,$2.68,$2.68,0.04,0.0,0.04,0.04,0.00%
,,"3,506",Extreme Phoenix,Aruze,Slot,"December, 2022",4,$0.81,$0.80,0.16,0.1,0.04,0.04,0.00%
,,"3,507",Feature Streak Tiger,Aruze,Slot,"June, 2023",4,$1.13,$1.06,0.08,0.0,0.04,0.04,0.00%
,,"3,508",Jewel Of Alexandria,High 5 Games,Slot,"June, 2025",23,$1.79,$1.37,0.05,0.0,0.04,0.04,0.00%
,,"3,509",Nft Megaways,Evolution,Slot,"May, 2022",5,$2.01,$0.73,0.05,0.0,0.04,0.04,0.00%
,,"3,510",Wild Run,Light & Wonder,Slot,"March, 2021",6,$5.77,$5.18,0.02,0.0,0.04,0.04,0.00%
,,"3,511",Golden Sunshine,Spinberry,Slot,"July, 2025",8,$2.12,$1.19,0.07,0.0,0.04,0.04,0.00%
,,"3,512",Mystic Treasures Of The Nile,Internal,Slot,"April, 2021",4,$2.37,$1.41,0.04,0.0,0.04,0.04,0.00%
,,"3,513",Ariana,Games Global,Slot,"August, 2021",11,$2.23,$2.19,0.03,0.0,0.04,0.04,0.00%
,,"3,514",Golden Mane,Light & Wonder,Slot,"March, 2021",9,$1.09,$1.03,0.16,0.0,0.04,0.04,0.00%
,,"3,515",Bushi Sushi,Games Global,Slot,"August, 2021",11,$1.05,$0.83,0.05,0.0,0.04,0.04,0.00%
,,"3,516",Frogs Gift,Playtech,Slot,"June, 2023",15,$1.45,$1.17,0.08,0.0,0.03,0.04,0.00%
,,"3,517",Dragonz 2,Games Global,Slot,"March, 2025",16,$1.11,$0.99,0.05,0.0,0.03,0.04,0.00%
,,"3,518",3 Tiny Gods,Games Global,Slot,"November, 2022",13,$1.21,$1.15,0.04,0.0,0.03,0.04,0.00%
,,"3,519",Thai Flower Megaways,Bragg Gaming Group,Slot,"February, 2023",5,$1.10,$1.23,0.08,0.0,0.03,0.04,0.00%
,,"3,520",Triple Tiki Super Free Spins,Games Global,Slot,"February, 2024",11,$1.12,$0.96,0.05,0.0,0.03,0.04,0.00%
,,"3,521",Curse Of Anubis,Playtech,Slot,"March, 2024",6,$4.39,$1.31,0.01,0.0,0.03,0.04,0.00%
,,"3,522",Wild Bills Bounties,Light & Wonder,Slot,"January, 2024",2,$0.80,$0.80,0.09,0.0,0.03,0.04,0.00%
,,"3,523",Shamrock Miner,Play N Go,Slot,"March, 2024",9,$1.18,$0.99,0.16,0.0,0.03,0.04,0.00%
,,"3,524",Wild Flower,Evolution,Slot,"April, 2022",13,$1.46,$1.27,0.10,0.0,0.03,0.04,0.00%
,,"3,525",Twin Happiness,Evolution,Slot,"June, 2024",19,$1.94,$0.95,0.08,0.0,0.03,0.04,0.00%
,,"3,526",Stepping Diamonds,Play N Go,Slot,"January, 2025",20,$1.19,$0.80,0.05,0.0,0.03,0.04,0.00%
,,"3,527",Casino War,Light & Wonder,Table Game,"March, 2021",16,$7.05,$3.81,0.03,0.1,0.03,0.01,0.00%
,,"3,528",Captain Glum Pirate Hunter,Play N Go,Slot,"August, 2023",10,$1.01,$0.84,0.06,0.0,0.03,0.04,0.00%
,,"3,529",Bingo Staxx Thunder Power,Greentube,Bingo/Keno,"June, 2023",7,$1.16,$1.07,0.06,0.0,0.03,0.03,0.00%
,,"3,530",Magic Stars 3 Xmas,Wazdan,Slot,"November, 2024",7,$0.85,$0.47,0.13,0.0,0.03,0.04,0.00%
,,"3,531",Disco Danny,Evolution,Slot,"March, 2021",10,$1.14,$0.79,0.10,0.0,0.03,0.04,0.00%
,,"3,532",Dragons Rhythm Link And Win,Games Global,Slot,"April, 2024",15,$1.07,$1.13,0.05,0.0,0.03,0.04,0.00%
,,"3,533",Fruit Smash,Slotmill,Slot,"July, 2024",2,$1.30,$1.30,0.05,0.0,0.03,0.04,0.00%
,,"3,534",Ghost Pepper,Design Works Gaming,Slot,"January, 2022",7,$1.06,$0.79,0.17,0.0,0.03,0.04,0.00%
,,"3,535",Fat Cat,Light & Wonder,Slot,"March, 2021",2,$0.56,$0.56,0.24,0.0,0.03,0.04,0.00%
,,"3,536",Queen Of The Amazon,Spinomenal,Slot,"June, 2025",2,$1.93,$1.93,0.03,0.0,0.03,0.04,0.00%
,,"3,537",Dragons Playground,Evolution,Slot,"March, 2025",23,$1.34,$0.80,0.07,0.0,0.03,0.04,0.00%
,,"3,538",Joker Lokos Multiplier Trail,Games Global,Slot,"May, 2024",6,$1.00,$0.86,0.09,0.0,0.03,0.04,0.00%
,,"3,539",Teatime Treasures,High 5 Games,Slot,"March, 2021",8,$1.41,$0.73,0.10,0.0,0.03,0.04,0.00%
,,"3,540",Wolf Strike,1x2 Network,Slot,"April, 2024",5,$1.30,$1.27,0.05,0.0,0.03,0.04,0.00%
,,"3,541",Fu Lai Cai Lai 5 Sea Legends,Aruze,Slot,"May, 2024",4,$1.58,$1.73,0.06,0.0,0.03,0.04,0.00%
,,"3,542",Golden Magic,Aruze,Slot,"July, 2021",4,$1.99,$1.56,0.07,0.0,0.03,0.04,0.00%
,,"3,543",Wild Scoops Tap N Cash,Games Global,Instant Win,"February, 2025",14,$0.51,$0.40,0.18,0.0,0.03,0.06,0.00%
,,"3,544",Dogwood Magic,Aristocrat,Slot,"February, 2023",15,$1.07,$1.12,0.06,0.0,0.03,0.04,0.00%
,,"3,545",Gold Pile Orangutan,Playtech,Slot,"October, 2023",5,$1.63,$1.20,0.10,0.0,0.03,0.04,0.00%
,,"3,546",Fate Of The 8 Power Wheel,Incredible Technologies,Slot,"August, 2021",9,$1.48,$1.28,0.04,0.0,0.03,0.04,0.00%
,,"3,547",Buffalo Untamed,Betixon,Slot,"April, 2025",2,$1.32,$1.32,0.04,0.0,0.03,0.04,0.00%
,,"3,548",Cat Gangster,High 5 Games,Slot,"March, 2021",4,$1.61,$1.12,0.07,0.0,0.03,0.04,0.00%
,,"3,549",Book Of Atem,Games Global,Slot,"August, 2021",14,$0.76,$0.79,0.18,0.0,0.03,0.04,0.00%
,,"3,550",Rocco Gallo,Play N Go,Slot,"May, 2025",2,$0.59,$0.59,0.35,0.0,0.03,0.04,0.00%
,,"3,551",Dreamy Divas,Aristocrat,Slot,"January, 2025",12,$1.65,$1.29,0.03,0.0,0.03,0.04,0.00%
,,"3,552",Cash Hound,Ainsworth,Slot,"March, 2021",5,$1.48,$1.07,0.03,0.0,0.03,0.04,0.00%
,,"3,553",The Widows Ways,High 5 Games,Slot,"October, 2022",11,$2.86,$0.95,0.03,0.0,0.03,0.04,0.00%
,,"3,554",101 Candies,Evolution,Slot,"April, 2024",20,$1.45,$1.13,0.07,0.0,0.03,0.04,0.00%
,,"3,555",Chambers Of Ancients,Play N Go,Slot,"June, 2024",5,$0.76,$0.67,0.05,0.0,0.03,0.04,0.00%
,,"3,556",9 Pearls Of Fortune,Igt,Slot,"December, 2023",2,$1.02,$1.02,0.06,0.0,0.03,0.04,0.00%
,,"3,557",Xipe Con Hambre,Betixon,Slot,"April, 2024",2,$0.84,$0.84,0.07,0.0,0.03,0.04,0.00%
,,"3,558",King Chameleon,Ainsworth,Slot,"April, 2021",5,$1.88,$2.05,0.03,0.0,0.03,0.04,0.00%
,,"3,559",Eagle Ridge Cash Link,Igt,Slot,"October, 2024",25,$1.27,$0.96,0.04,0.0,0.03,0.04,0.00%
,,"3,560",Excalibur,Evolution,Slot,"March, 2021",4,$2.01,$1.99,0.03,0.0,0.03,0.04,0.00%
,,"3,561",Star Stacks,Oddsworks,Slot,"June, 2024",5,$1.69,$1.45,0.08,0.0,0.03,0.04,0.00%
,,"3,562",Hot Hot 777,Aristocrat,Slot,"July, 2022",10,$1.35,$1.17,0.07,0.0,0.03,0.04,0.00%
,,"3,563",Force Of The Gods,Aristocrat,Slot,"July, 2023",4,$2.27,$2.27,0.04,0.0,0.03,0.04,0.00%
,,"3,564",Sevens And Jok3rs,Bragg Gaming Group,Slot,"April, 2025",14,$0.97,$0.90,0.07,0.0,0.03,0.04,0.00%
,,"3,565",Magnificent Power Apollo,Games Global,Slot,"August, 2025",19,$0.97,$0.99,0.04,0.0,0.03,0.04,0.00%
,,"3,566",Wild Star Stacks,Bragg Gaming Group,Slot,"March, 2021",8,$0.11,$0.07,0.45,0.0,0.03,0.04,0.00%
,,"3,567",Santas Fortune,Aristocrat,Slot,"December, 2023",12,$1.24,$1.11,0.04,0.0,0.03,0.04,0.00%
,,"3,568",Blaze And Frost,Bragg Gaming Group,Slot,"August, 2024",15,$1.74,$1.20,0.04,0.0,0.03,0.04,0.00%
,,"3,569",Dragon Waves Rings Of Fortune,Ainsworth,Slot,"November, 2023",7,$2.69,$2.48,0.03,0.0,0.03,0.04,0.00%
,,"3,570",Super Rich,Bragg Gaming Group,Slot,"July, 2025",12,$1.61,$1.37,0.03,0.0,0.03,0.04,0.00%
,,"3,571",Christmas Gift Rush,Oddsworks,Slot,"April, 2025",5,$1.32,$1.26,0.04,0.0,0.03,0.04,0.00%
,,"3,572",Red Roo,Light & Wonder,Slot,"March, 2021",3,$1.56,$1.34,0.05,0.0,0.03,0.04,0.00%
,,"3,573",Slot Vegas Fully Loaded Megaways,Evolution,Slot,"December, 2023",14,$3.10,$1.93,0.03,0.0,0.03,0.04,0.00%
,,"3,574",Jingle Bells Bonanza,Evolution,Slot,"November, 2024",22,$0.79,$0.76,0.07,0.0,0.03,0.04,0.00%
,,"3,575",Sharks Of The Caribbean 2,Oddsworks,Slot,"August, 2024",16,$0.99,$0.96,0.08,0.0,0.03,0.04,0.00%
,,"3,576",Pirates Of The Black Skull,Internal,Slot,"April, 2021",4,$1.95,$1.34,0.08,0.0,0.03,0.04,0.00%
,,"3,577",Anaconda Wild 2,Playtech,Slot,"May, 2023",10,$1.24,$1.18,0.10,0.0,0.03,0.04,0.00%
,,"3,578",Lucky Money Dinos,Boom Entertainment,Instant Win,"August, 2024",12,$1.06,$0.93,0.05,0.0,0.03,0.06,0.00%
,,"3,579",Aurum Codex,Evolution,Slot,"May, 2024",25,$0.88,$0.71,0.06,0.0,0.03,0.04,0.00%
,,"3,580",Electric Flamingo,Greentube,Slot,"July, 2024",11,$2.10,$1.60,0.02,0.0,0.03,0.04,0.00%
,,"3,581",Halloween Riches,Spinberry,Slot,"November, 2023",7,$1.49,$0.86,0.07,0.0,0.03,0.04,0.00%
,,"3,582",4 Secret Pyramids,4theplayer,Slot,"June, 2024",13,$1.02,$0.94,0.08,0.0,0.03,0.03,0.00%
,,"3,583",Paddy O Plunder,Bragg Gaming Group,Slot,"April, 2024",16,$1.31,$1.20,0.05,0.0,0.03,0.03,0.00%
,,"3,584",Dragon Match Megaways,Igt,Slot,"December, 2024",21,$1.15,$0.89,0.05,0.0,0.03,0.03,0.00%
,,"3,585",Royal Spins,Igt,Slot,"March, 2021",12,$0.39,$0.25,0.17,0.0,0.03,0.03,0.00%
,,"3,586",Golden Genie And The Walking Wilds,Evolution,Slot,"April, 2025",17,$1.78,$1.49,0.04,0.0,0.03,0.03,0.00%
,,"3,587",Forensic Fortune,Aristocrat,Slot,"August, 2024",3,$2.00,$1.34,0.05,0.0,0.03,0.03,0.00%
,,"3,588",Lucky Shihtzu,Bragg Gaming Group,Slot,"March, 2021",3,$3.64,$3.05,0.02,0.0,0.03,0.03,0.00%
,,"3,589",Island Princess,Ainsworth,Slot,"March, 2021",3,$6.86,$6.39,0.01,0.0,0.03,0.03,0.00%
,,"3,590",Scourge Of Rome,Play N Go,Slot,"December, 2024",18,$0.92,$0.73,0.08,0.0,0.03,0.03,0.00%
,,"3,591",Sirens Riches,Evolution,Slot,"August, 2025",18,$0.83,$0.72,0.10,0.0,0.03,0.03,0.00%
,,"3,592",12 Super Hot Diamonds Extreme,Aristocrat,Slot,"July, 2023",5,$1.26,$1.27,0.07,0.0,0.03,0.03,0.00%
,,"3,593",Outlaws,Hacksaw Gaming,Slot,"November, 2023",10,$3.08,$0.78,0.02,0.0,0.03,0.03,0.00%
,,"3,594",Manic Millions,Light & Wonder,Slot,"March, 2021",7,$2.57,$3.01,0.02,0.0,0.03,0.03,0.00%
,,"3,595",Fishin Fun,Design Works Gaming,Slot,"May, 2023",15,$1.62,$1.55,0.05,0.0,0.03,0.03,0.00%
,,"3,596",Star Chase,Bragg Gaming Group,Slot,"September, 2021",13,$1.87,$1.14,0.02,0.0,0.03,0.03,0.00%
,,"3,597",Magic Stars 6,Wazdan,Slot,"June, 2023",8,$1.46,$0.76,0.03,0.0,0.03,0.03,0.00%
,,"3,598",Rubies Of Egypt,Games Global,Slot,"December, 2023",7,$0.82,$0.69,0.03,0.0,0.03,0.03,0.00%
,,"3,599",Niulang And Zhinu,Ainsworth,Slot,"June, 2021",4,$1.69,$1.78,0.06,0.0,0.03,0.03,0.00%
,,"3,600",Star Hit Jackpots,Greentube,Slot,"July, 2023",12,$1.24,$0.97,0.06,0.0,0.03,0.03,0.00%
,,"3,601",Power Prizes Royal Crane,Greentube,Slot,"June, 2022",9,$1.68,$1.15,0.03,0.0,0.03,0.03,0.00%
,,"3,602",Wilds Deluxe,Aristocrat,Slot,"March, 2021",5,$1.88,$1.97,0.05,0.0,0.03,0.03,0.00%
,,"3,603",Vegas Rush,Evolution,Slot,"September, 2023",12,$0.76,$0.70,0.09,0.0,0.03,0.03,0.00%
,,"3,604",Golden Realms,Evolution,Slot,"February, 2025",21,$1.27,$0.94,0.04,0.0,0.03,0.03,0.00%
,,"3,605",7 Gold Gigablox,4theplayer,Slot,"April, 2024",17,$0.99,$0.93,0.06,0.0,0.03,0.03,0.00%
,,"3,606",Kingmaker Fully Loaded Megaways,Evolution,Slot,"August, 2024",20,$2.80,$1.93,0.04,0.0,0.03,0.03,0.00%
,,"3,607",Boots Of Luck,Betixon,Slot,"April, 2024",2,$0.90,$0.90,0.04,0.0,0.03,0.03,0.00%
,,"3,608",Rise Of Merlin,Play N Go,Slot,"November, 2022",24,$1.27,$0.91,0.06,0.0,0.03,0.03,0.00%
,,"3,609",Sushi Fruits,Greentube,Slot,"May, 2025",9,$3.28,$2.03,0.01,0.0,0.03,0.03,0.00%
,,"3,610",Fairytale Beauties,Spinomenal,Slot,"June, 2025",2,$2.51,$2.51,0.06,0.0,0.03,0.03,0.00%
,,"3,611",Circus Riches,Spinberry,Slot,"August, 2023",8,$2.85,$2.08,0.02,0.0,0.03,0.03,0.00%
,,"3,612",Rising Phoenix Baccarat,Oddsworks,Table Game,"May, 2024",6,$18.78,$16.50,0.01,0.1,0.03,0.01,0.00%
,,"3,613",Guardians Of Luxor,Red Rake Gaming,Slot,"June, 2024",8,$1.31,$1.05,0.05,0.0,0.03,0.03,0.00%
,,"3,614",1849 Gold Bonanza,Spearhead Studios,Slot,"October, 2024",4,$1.30,$1.28,0.04,0.0,0.03,0.03,0.00%
,,"3,615",Cat To The Future,High 5 Games,Slot,"November, 2021",14,$1.26,$1.18,0.06,0.0,0.03,0.03,0.00%
,,"3,616",Spinberry Stepper,Spinberry,Slot,"October, 2024",7,$2.16,$1.28,0.02,0.0,0.03,0.03,0.00%
,,"3,617",Lotus Dynasty,Red Rake Gaming,Slot,"December, 2024",6,$4.82,$2.47,0.01,0.0,0.03,0.03,0.00%
,,"3,618",Loot And Labyrinths,Play N Go,Slot,"August, 2025",13,$1.23,$1.20,0.05,0.0,0.03,0.03,0.00%
,,"3,619",Mermaids Fortune,Ags,Slot,"August, 2022",25,$1.49,$1.07,0.05,0.0,0.03,0.03,0.00%
,,"3,620",Wheel Of Fortune On The Road,Igt,Slot,"August, 2021",4,$3.38,$3.87,0.01,0.0,0.03,0.03,0.00%
,,"3,621",Fire Joker Freeze,Play N Go,Slot,"December, 2022",2,$0.99,$0.99,0.05,0.0,0.03,0.03,0.00%
,,"3,622",Legion Gold,Play N Go,Slot,"September, 2023",19,$2.06,$0.90,0.04,0.0,0.03,0.03,0.00%
,,"3,623",Pearl Of The Caribbean,Light & Wonder,Slot,"March, 2021",4,$3.18,$3.19,0.05,0.1,0.03,0.03,0.00%
,,"3,624",Payday Express,Fantasma Games,Slot,"July, 2023",5,$1.11,$0.92,0.05,0.0,0.03,0.03,0.00%
,,"3,625",Jollys Gifts,Light & Wonder,Slot,"March, 2021",6,$1.05,$1.06,0.07,0.0,0.03,0.03,0.00%
,,"3,626",Nashville 777 Retro Roller,Games Global,Slot,"February, 2025",18,$1.01,$0.87,0.05,0.0,0.03,0.03,0.00%
,,"3,627",Neon Links,Evolution,Slot,"February, 2022",16,$0.79,$0.69,0.07,0.0,0.03,0.03,0.00%
,,"3,628",Flame,Light & Wonder,Slot,"March, 2021",8,$1.34,$0.80,0.06,0.0,0.03,0.03,0.00%
,,"3,629",Book Of Unseen,Igt,Slot,"February, 2025",21,$1.80,$1.13,0.04,0.0,0.03,0.03,0.00%
,,"3,630",Jack Hammer,Evolution,Slot,"March, 2021",17,$1.81,$1.28,0.06,0.0,0.03,0.03,0.00%
,,"3,631",Legacy Retro Roller,Games Global,Slot,"April, 2024",15,$1.22,$0.97,0.04,0.0,0.03,0.03,0.00%
,,"3,632",Spring Fortune,Bragg Gaming Group,Slot,"March, 2021",13,$1.72,$1.64,0.04,0.0,0.03,0.03,0.00%
,,"3,633",10x Minimum Lucky Clover,Spinberry,Slot,"February, 2025",9,$1.07,$0.81,0.05,0.0,0.03,0.03,0.00%
,,"3,634",Golden Gallina,Igt,Slot,"March, 2024",13,$2.84,$2.09,0.05,0.0,0.03,0.03,0.00%
,,"3,635",Galaxy Gold Cashstacks Gold,Ainsworth,Slot,"November, 2023",8,$1.57,$1.70,0.06,0.0,0.03,0.03,0.00%
,,"3,636",Mystic Moon,Ainsworth,Slot,"March, 2021",4,$1.06,$0.90,0.05,0.0,0.03,0.03,0.00%
,,"3,637",Professor Bigwin,Bragg Gaming Group,Slot,"January, 2024",15,$1.10,$1.02,0.05,0.0,0.03,0.03,0.00%
,,"3,638",Money Rain,Incredible Technologies,Slot,"March, 2021",13,$1.50,$1.41,0.04,0.0,0.03,0.03,0.00%
,,"3,639",Age Of Conquest,Games Global,Slot,"August, 2021",9,$1.58,$1.00,0.03,0.0,0.03,0.03,0.00%
,,"3,640",Money Heat,Ainsworth,Slot,"March, 2021",5,$1.59,$1.42,0.02,0.0,0.03,0.03,0.00%
,,"3,641",Alexanders Conquest,High 5 Games,Slot,"May, 2024",19,$1.00,$0.70,0.10,0.0,0.03,0.03,0.00%
,,"3,642",Wild Streets,Light & Wonder,Slot,"March, 2021",5,$1.63,$1.13,0.07,0.0,0.03,0.03,0.00%
,,"3,643",Reel Rush 2,Evolution,Slot,"March, 2021",4,$0.94,$0.99,0.09,0.0,0.03,0.03,0.00%
,,"3,644",Silk And Steel,High 5 Games,Slot,"March, 2021",3,$0.98,$0.54,0.04,0.0,0.03,0.03,0.00%
,,"3,645",Hot Flaming Bars,Spinberry,Slot,"August, 2024",6,$0.76,$0.63,0.10,0.0,0.03,0.03,0.00%
,,"3,646",Book Of Enchantments,Aristocrat,Slot,"August, 2022",8,$1.33,$1.10,0.04,0.0,0.03,0.03,0.00%
,,"3,647",Amulet And The Charm Power Bet,High 5 Games,Slot,"March, 2021",12,$1.84,$1.52,0.04,0.0,0.03,0.03,0.00%
,,"3,648",Patricks Jackpot,Oddsworks,Slot,"October, 2024",5,$1.19,$0.77,0.07,0.0,0.03,0.03,0.00%
,,"3,649",Dracula Awakening,Evolution,Slot,"October, 2022",17,$0.73,$0.68,0.08,0.0,0.03,0.03,0.00%
,,"3,650",Hot Nudge,Evolution,Slot,"August, 2024",17,$0.85,$0.77,0.07,0.0,0.03,0.03,0.00%
,,"3,651",Adventures Of Captain Blackjack,Games Global,Slot,"April, 2022",14,$1.02,$0.95,0.04,0.0,0.03,0.03,0.00%
,,"3,652",3 Jokers Plus,Spearhead Studios,Slot,"April, 2025",8,$0.97,$0.89,0.05,0.0,0.03,0.03,0.00%
,,"3,653",Twin Spin Xxxtreme,Evolution,Slot,"October, 2023",10,$1.23,$1.01,0.06,0.0,0.03,0.03,0.00%
,,"3,654",Bier Haus Riches,Aristocrat,Slot,"February, 2024",9,$1.25,$1.00,0.07,0.0,0.03,0.03,0.00%
,,"3,655",Yahtzee Instant Tap,Light & Wonder,Instant Win,"November, 2023",14,$0.90,$0.53,0.05,0.0,0.03,0.05,0.00%
,,"3,656",Wild Hot Wasabi,Light & Wonder,Slot,"November, 2021",19,$1.58,$0.88,0.06,0.0,0.03,0.03,0.00%
,,"3,657",Sands Of Mystery,Konami,Slot,"January, 2023",13,$2.11,$1.91,0.02,0.0,0.03,0.03,0.00%
,,"3,658",Great Aztec Megaways,Igt,Slot,"November, 2023",10,$1.71,$0.91,0.04,0.0,0.03,0.03,0.00%
,,"3,659",Lights,Evolution,Slot,"March, 2021",10,$0.84,$0.78,0.16,0.0,0.03,0.03,0.00%
,,"3,660",White King,Playtech,Slot,"August, 2021",5,$0.90,$0.98,0.03,0.0,0.03,0.03,0.00%
,,"3,661",Irish Wilds,Spinberry,Slot,"January, 2024",8,$1.62,$0.94,0.05,0.0,0.03,0.03,0.00%
,,"3,662",Sevens Staxx,Greentube,Slot,"January, 2022",13,$1.17,$1.01,0.04,0.0,0.03,0.03,0.00%
,,"3,663",Judgement Day Megaways,Evolution,Slot,"June, 2024",22,$0.70,$0.60,0.08,0.0,0.03,0.03,0.00%
,,"3,664",Ave Caesar Dynamic Ways,Raw Igaming,Slot,"March, 2025",16,$1.26,$0.97,0.02,0.0,0.03,0.03,0.00%
,,"3,665",Plenty O Fortune,Playtech,Slot,"September, 2021",3,$0.58,$0.50,0.04,0.0,0.03,0.03,0.00%
,,"3,666",Munition Mine,Spearhead Studios,Slot,"May, 2024",8,$1.32,$1.03,0.03,0.0,0.03,0.03,0.00%
,,"3,667",Wellspring Eternal,High 5 Games,Slot,"February, 2023",14,$0.97,$0.81,0.07,0.0,0.03,0.03,0.00%
,,"3,668",Midnight Princess Christmas Kingdom,Play N Go,Slot,"December, 2024",16,$1.06,$0.90,0.08,0.0,0.03,0.03,0.00%
,,"3,669",Persian Jewels,Games Global,Slot,"October, 2023",15,$1.54,$1.51,0.03,0.0,0.03,0.03,0.00%
,,"3,670",Ankh Of Anubis,Play N Go,Slot,"July, 2022",5,$2.07,$0.98,0.02,0.0,0.03,0.03,0.00%
,,"3,671",Cai Shen 168,Evolution,Slot,"August, 2023",22,$1.03,$0.88,0.06,0.0,0.03,0.03,0.00%
,,"3,672",Love Fool,Playtech,Slot,"June, 2023",5,$0.83,$0.73,0.06,0.0,0.03,0.03,0.00%
,,"3,673",Duo Fu Duo Cai Flower Of Riches,Light & Wonder,Slot,"April, 2023",21,$0.95,$0.96,0.09,0.0,0.03,0.03,0.00%
,,"3,674",Welcome Fortune,Greentube,Slot,"March, 2023",8,$2.54,$1.14,0.03,0.0,0.03,0.03,0.00%
,,"3,675",Super Hot 7s,Ainsworth,Slot,"March, 2021",3,$1.82,$1.72,0.04,0.0,0.03,0.03,0.00%
,,"3,676",Fishermans Bounty Deluxe,Aristocrat,Slot,"February, 2023",10,$0.89,$0.90,0.11,0.0,0.03,0.03,0.00%
,,"3,677",Sweet Alchemy 2,Play N Go,Slot,"September, 2023",9,$0.89,$0.72,0.08,0.0,0.03,0.03,0.00%
,,"3,678",Golden Chief,Light & Wonder,Slot,"March, 2021",10,$2.23,$2.39,0.05,0.0,0.03,0.03,0.00%
,,"3,679",46656 Bc Megaways,White Hat Studios,Slot,"September, 2022",3,$0.83,$0.83,0.08,0.0,0.03,0.03,0.00%
,,"3,680",Huang Jin Shu,Kalamba Games,Slot,"August, 2023",2,$1.00,$1.00,0.05,0.0,0.03,0.03,0.00%
,,"3,681",Medusa 2 Hq,Light & Wonder,Slot,"March, 2021",4,$1.10,$1.10,0.09,0.0,0.03,0.03,0.00%
,,"3,682",Asian Warriors,Oddsworks,Slot,"October, 2024",18,$1.49,$1.49,0.04,0.0,0.03,0.03,0.00%
,,"3,683",Live Dealer Lightning Blackjack,Evolution,Live Casino,"September, 2022",12,$20.01,$15.71,0.04,0.2,0.03,0.01,0.00%
,,"3,684",Legion Gold And The Sphinx Of Dead,Play N Go,Slot,"December, 2024",6,$0.66,$0.46,0.09,0.0,0.03,0.03,0.00%
,,"3,685",Teddys Tavern,Aristocrat,Slot,"February, 2023",7,$0.84,$0.90,0.06,0.0,0.03,0.03,0.00%
,,"3,686",Volcano Eruption Extreme,White Hat Studios,Slot,"March, 2021",11,$1.45,$1.15,0.05,0.0,0.03,0.03,0.00%
,,"3,687",Rise Of Athena,Play N Go,Slot,"November, 2022",12,$1.32,$0.88,0.04,0.0,0.03,0.03,0.00%
,,"3,688",Magic Of The Nile,Igt,Slot,"January, 2022",21,$1.67,$1.06,0.05,0.0,0.03,0.03,0.00%
,,"3,689",Golden Plunder,Spinberry,Slot,"May, 2025",8,$5.46,$0.96,0.01,0.0,0.03,0.03,0.00%
,,"3,690",Diamond Safari,Bragg Gaming Group,Slot,"June, 2023",13,$1.24,$1.11,0.03,0.0,0.03,0.03,0.00%
,,"3,691",Radiant Gems Rapid Respin,Light & Wonder,Slot,"April, 2024",10,$1.07,$1.05,0.05,0.0,0.03,0.03,0.00%
,,"3,692",Ultra Stack Bison,Aruze,Slot,"May, 2024",2,$1.89,$1.89,0.06,0.0,0.03,0.03,0.00%
,,"3,693",Great Western 3,Relax Gaming,Slot,"January, 2024",5,$10.30,$4.28,0.01,0.0,0.03,0.03,0.00%
,,"3,694",Tower Quest Legacy,Play N Go,Slot,"June, 2025",7,$1.21,$1.23,0.03,0.0,0.03,0.03,0.00%
,,"3,695",Serengeti Kings,Evolution,Slot,"March, 2021",4,$6.71,$1.49,0.07,0.0,0.03,0.03,0.00%
,,"3,696",Sizzling Bells Xmas,Wazdan,Slot,"November, 2024",5,$0.76,$0.75,0.10,0.0,0.03,0.03,0.00%
,,"3,697",Georges Gold,Games Global,Slot,"September, 2023",11,$1.29,$1.06,0.02,0.0,0.03,0.03,0.00%
,,"3,698",Amazing Ripleys,Bragg Gaming Group,Slot,"March, 2021",12,$2.37,$1.61,0.02,0.0,0.03,0.03,0.00%
,,"3,699",African Blaze,Aruze,Slot,"June, 2023",4,$1.14,$1.24,0.09,0.0,0.03,0.03,0.00%
,,"3,700",Bonus Train Bandits,Playtech,Slot,"May, 2023",2,$1.26,$1.26,0.05,0.0,0.03,0.03,0.00%
,,"3,701",Pyramid Jackpots,King Show Games,Slot,"March, 2024",6,$1.83,$1.82,0.02,0.0,0.03,0.03,0.00%
,,"3,702",Pots Of Treasure Win Ways,Greentube,Slot,"August, 2023",9,$2.67,$1.68,0.03,0.0,0.03,0.03,0.00%
,,"3,703",Hammer Gods,Evolution,Slot,"May, 2022",18,$1.09,$0.85,0.04,0.0,0.03,0.03,0.00%
,,"3,704",Pay Day,Greentube,Slot,"September, 2021",13,$0.89,$0.82,0.05,0.0,0.03,0.03,0.00%
,,"3,705",Child Of Battle,Golden Spin,Slot,"April, 2025",10,$2.39,$1.82,0.03,0.0,0.03,0.03,0.00%
,,"3,706",Luminous Life,Playtech,Slot,"November, 2021",2,$2.82,$2.82,0.10,0.0,0.03,0.03,0.00%
,,"3,707",Moonlit Diamonds,Ainsworth,Slot,"December, 2022",4,$2.58,$2.47,0.02,0.0,0.03,0.03,0.00%
,,"3,708",Power Prizes Eternal Mandarin Ducks,Greentube,Slot,"May, 2022",3,$2.72,$2.53,0.01,0.0,0.03,0.03,0.00%
,,"3,709",The Price Is Right Come On Down,Igt,Instant Win,"April, 2021",6,$0.81,$0.65,0.05,0.0,0.03,0.05,0.00%
,,"3,710",Lamp Of Wonders Tapper,Greentube,Instant Win,"March, 2025",10,$1.37,$1.27,0.04,0.0,0.03,0.05,0.00%
,,"3,711",Secrets Of The Stones,Evolution,Slot,"March, 2021",10,$2.05,$1.77,0.06,0.0,0.03,0.03,0.00%
,,"3,712",Santa Bonanza,Aristocrat,Slot,"November, 2024",8,$1.26,$1.24,0.05,0.0,0.03,0.03,0.00%
,,"3,713",Wolf Guardian,High 5 Games,Slot,"October, 2021",10,$1.09,$0.97,0.06,0.0,0.03,0.03,0.00%
,,"3,714",Goddess Of Egypt,Greentube,Slot,"June, 2023",6,$1.14,$0.56,0.06,0.0,0.03,0.03,0.00%
,,"3,715",Last Dragon,Ainsworth,Slot,"March, 2024",8,$1.71,$1.59,0.04,0.0,0.03,0.03,0.00%
,,"3,716",Enchanted Meadow,Play N Go,Slot,"January, 2023",6,$3.33,$2.95,0.02,0.0,0.03,0.03,0.00%
,,"3,717",Mr Porky Banker Cash Stash,1x2 Network,Slot,"October, 2024",5,$0.89,$0.91,0.09,0.0,0.03,0.03,0.00%
,,"3,718",Serengeti Pride,Games Global,Slot,"September, 2021",12,$1.40,$1.22,0.03,0.0,0.03,0.03,0.00%
,,"3,719",Hotter Than Hot,Ainsworth,Slot,"April, 2021",4,$4.69,$2.12,0.01,0.0,0.03,0.03,0.00%
,,"3,720",Wild Explosion Get Cha Money,Aruze,Slot,"May, 2024",7,$1.33,$1.25,0.11,0.0,0.03,0.03,0.00%
,,"3,721",Gang Wars,Greentube,Slot,"June, 2025",9,$2.99,$2.42,0.03,0.0,0.03,0.03,0.00%
,,"3,722",Party Parrots,Greentube,Slot,"April, 2025",10,$1.18,$0.94,0.01,0.0,0.03,0.03,0.00%
,,"3,723",Diamond Rush Fortune,Betixon,Slot,"January, 2025",2,$1.33,$1.33,0.04,0.0,0.03,0.03,0.00%
,,"3,724",Hook Em Up Frenzy,Igt,Slot,"October, 2023",14,$1.44,$1.21,0.04,0.0,0.03,0.03,0.00%
,,"3,725",Drop The Wilds,Spinberry,Slot,"July, 2023",4,$0.91,$0.88,0.06,0.0,0.03,0.03,0.00%
,,"3,726",Def Leppard Hysteria,Play N Go,Slot,"January, 2023",6,$0.99,$0.90,0.04,0.0,0.03,0.03,0.00%
,,"3,727",Lavish Lifestyles,High 5 Games,Slot,"July, 2024",13,$0.82,$0.51,0.14,0.0,0.03,0.03,0.00%
,,"3,728",Buzz Thrill,Light & Wonder,Slot,"August, 2025",4,$2.04,$1.78,0.04,0.0,0.03,0.03,0.00%
,,"3,729",Pin Rush X,1x2 Network,Instant Win,"July, 2024",3,$0.41,$0.49,0.08,0.0,0.03,0.05,0.00%
,,"3,730",7s On Fire Power Mix,Light & Wonder,Slot,"June, 2023",18,$1.04,$0.89,0.04,0.0,0.03,0.03,0.00%
,,"3,731",Diamond Fruits,Evolution,Slot,"March, 2022",22,$5.77,$1.91,0.02,0.0,0.03,0.03,0.00%
,,"3,732",Tombstone,Evolution,Slot,"June, 2024",23,$0.80,$0.68,0.06,0.0,0.03,0.03,0.00%
,,"3,733",Prison Escape,Inspired,Slot,"March, 2021",6,$1.77,$1.07,0.09,0.0,0.03,0.03,0.00%
,,"3,734",Heroic Heroes,Spinberry,Slot,"April, 2024",7,$1.91,$0.87,0.01,0.0,0.03,0.03,0.00%
,,"3,735",Lone Star Link Grizzly Wins,Greentube,Slot,"September, 2024",10,$1.32,$1.22,0.02,0.0,0.03,0.03,0.00%
,,"3,736",Sizzling Kingdom Bison Xmas,Wazdan,Slot,"December, 2024",8,$2.22,$1.98,0.05,0.0,0.03,0.03,0.00%
,,"3,737",Great Aztec,Igt,Slot,"August, 2024",4,$2.46,$1.13,0.01,0.0,0.03,0.03,0.00%
,,"3,738",Bushido Bounty,High 5 Games,Slot,"April, 2022",10,$1.26,$0.72,0.10,0.0,0.03,0.03,0.00%
,,"3,739",Lucky 8 Emperor,Ainsworth,Slot,"November, 2022",6,$1.51,$1.26,0.02,0.0,0.03,0.03,0.00%
,,"3,740",Boitata The Fire Guardian,Aristocrat,Slot,"March, 2025",12,$0.94,$0.96,0.03,0.0,0.03,0.03,0.00%
,,"3,741",Queen Of Water,Spinomenal,Slot,"April, 2025",2,$1.67,$1.67,0.03,0.0,0.03,0.03,0.00%
,,"3,742",Double Fancy Royalty,Design Works Gaming,Slot,"July, 2025",21,$1.11,$0.87,0.04,0.0,0.03,0.03,0.00%
,,"3,743",Manhattan Goes Wild,Evolution,Slot,"January, 2025",15,$1.32,$1.09,0.04,0.0,0.03,0.03,0.00%
,,"3,744",Bounty O Bucks,Igt,Slot,"February, 2024",22,$0.90,$0.79,0.05,0.0,0.03,0.03,0.00%
,,"3,745",Top O The Bonus,Inspired,Slot,"June, 2021",10,$1.20,$0.87,0.07,0.0,0.03,0.03,0.00%
,,"3,746",Mega Magic Spell,Games Global,Slot,"July, 2024",5,$1.08,$0.80,0.06,0.0,0.03,0.03,0.00%
,,"3,747",Book Of Deities,Spinberry,Slot,"April, 2025",4,$1.48,$1.31,0.04,0.0,0.03,0.03,0.00%
,,"3,748",Blue Diamond Book,Spearhead Studios,Slot,"March, 2022",10,$0.80,$0.81,0.09,0.0,0.03,0.03,0.00%
,,"3,749",Mystical Forest,Bragg Gaming Group,Slot,"June, 2024",11,$1.22,$1.23,0.03,0.0,0.03,0.03,0.00%
,,"3,750",Alchemist,High 5 Games,Slot,"October, 2023",14,$1.51,$1.32,0.04,0.0,0.03,0.03,0.00%
,,"3,751",The Asp Of Cleopatra,Red Rake Gaming,Slot,"December, 2024",6,$3.30,$1.95,0.02,0.0,0.03,0.03,0.00%
,,"3,752",Dr Toonz,Play N Go,Slot,"April, 2023",2,$0.86,$0.86,0.06,0.0,0.03,0.03,0.00%
,,"3,753",Invading Vegas Las Christmas,Play N Go,Slot,"December, 2023",11,$0.85,$0.71,0.08,0.0,0.03,0.03,0.00%
,,"3,754",Fruity Classic Hold N Bingo,Aristocrat,Slot,"March, 2025",8,$0.88,$0.81,0.05,0.0,0.03,0.03,0.00%
,,"3,755",Light The Lamp,Spinberry,Slot,"April, 2025",4,$2.48,$1.51,0.04,0.0,0.03,0.03,0.00%
,,"3,756",Thor Infinity Reels Megaways,Reel Play,Slot,"December, 2022",3,$1.39,$1.03,0.04,0.0,0.03,0.03,0.00%
,,"3,757",Burning Stars 3,Wazdan,Slot,"June, 2023",7,$2.22,$1.93,0.06,0.0,0.03,0.03,0.00%
,,"3,758",Rise Of The Sabertooth,Igt,Slot,"March, 2025",19,$2.66,$0.89,0.03,0.0,0.03,0.03,0.00%
,,"3,759",Age Of The Gods Furious Four,Playtech,Slot,"June, 2024",11,$1.18,$1.04,0.03,0.0,0.02,0.03,0.00%
,,"3,760",Eye Of Anubis,Playtech,Slot,"October, 2023",2,$0.88,$0.88,0.06,0.0,0.02,0.03,0.00%
,,"3,761",Wealthy Monkey,Konami,Slot,"March, 2021",6,$1.19,$1.28,0.05,0.0,0.02,0.03,0.00%
,,"3,762",Guss Gold Minecart Mayhem,Igt,Crash,"May, 2025",20,$5.03,$1.76,0.01,0.0,0.02,0.02,0.00%
,,"3,763",Mega Don Feeding Frenzy,Play N Go,Slot,"February, 2024",5,$0.98,$0.74,0.04,0.0,0.02,0.03,0.00%
,,"3,764",Viracocha,Igt,Slot,"May, 2025",19,$1.79,$1.33,0.03,0.0,0.02,0.03,0.00%
,,"3,765",Potion Of Madness,Play N Go,Slot,"April, 2025",19,$1.31,$1.03,0.04,0.0,0.02,0.03,0.00%
,,"3,766",Grand Legacy,Ainsworth,Slot,"January, 2024",6,$2.00,$1.70,0.04,0.0,0.02,0.03,0.00%
,,"3,767",Gems Wild Tiles,Oddsworks,Slot,"January, 2025",16,$1.49,$1.00,0.03,0.0,0.02,0.03,0.00%
,,"3,768",Bugsys Bar,Evolution,Slot,"September, 2023",18,$1.01,$0.82,0.08,0.0,0.02,0.03,0.00%
,,"3,769",Beating Alcatraz,Red Rake Gaming,Slot,"July, 2025",8,$1.18,$0.92,0.05,0.0,0.02,0.03,0.00%
,,"3,770",9 Burning Dragons,Wazdan,Slot,"June, 2023",9,$1.03,$0.69,0.10,0.0,0.02,0.03,0.00%
,,"3,771",Peles Paradise Extreme,High 5 Games,Slot,"March, 2021",6,$1.22,$0.88,0.05,0.0,0.02,0.03,0.00%
,,"3,772",Elven Gold,Games Global,Slot,"August, 2023",6,$1.47,$1.07,0.03,0.0,0.02,0.03,0.00%
,,"3,773",Wicked Kitty,Fantasma Games,Slot,"January, 2024",4,$1.73,$1.60,0.03,0.0,0.02,0.03,0.00%
,,"3,774",Chili Chase,Boom Entertainment,Slot,"June, 2023",11,$1.32,$1.03,0.02,0.0,0.02,0.03,0.00%
,,"3,775",Super 12 Stars,Red Rake Gaming,Slot,"December, 2024",7,$1.13,$1.17,0.05,0.0,0.02,0.03,0.00%
,,"3,776",Golden Three Kingdom,High 5 Games,Slot,"April, 2021",3,$0.84,$0.87,0.06,0.0,0.02,0.03,0.00%
,,"3,777",One Coin,Wazdan,Slot,"January, 2025",9,$1.04,$1.11,0.07,0.0,0.02,0.03,0.00%
,,"3,778",Book Of The Full Moon,Aristocrat,Slot,"January, 2025",8,$1.32,$1.05,0.05,0.0,0.02,0.03,0.00%
,,"3,779",Gems Of Egypt Queen Of Alexandria,Bragg Gaming Group,Slot,"October, 2023",11,$1.09,$0.99,0.04,0.0,0.02,0.03,0.00%
,,"3,780",Wild Tales Jacks Beans,Aruze,Slot,"November, 2024",2,$0.89,$0.89,0.08,0.0,0.02,0.03,0.00%
,,"3,781",Heart Of Romance,Konami,Slot,"March, 2021",6,$1.32,$1.15,0.04,0.0,0.02,0.03,0.00%
,,"3,782",Odin Infinity Reels Megaways,Reel Play,Slot,"July, 2022",11,$1.04,$0.96,0.06,0.0,0.02,0.03,0.00%
,,"3,783",Rainforest Gold,Evolution,Slot,"August, 2024",18,$1.15,$0.85,0.05,0.0,0.02,0.03,0.00%
,,"3,784",Invading Vegas Revenge On Mars,Play N Go,Slot,"May, 2025",20,$0.98,$0.83,0.07,0.0,0.02,0.03,0.00%
,,"3,785",Zaidas Fortune,Evolution,Slot,"May, 2023",17,$1.03,$0.95,0.05,0.0,0.02,0.03,0.00%
,,"3,786",Lucky Potion,Oddsworks,Slot,"April, 2025",16,$1.31,$1.19,0.02,0.0,0.02,0.03,0.00%
,,"3,787",Medusa 2,Light & Wonder,Slot,"March, 2021",9,$1.23,$1.00,0.06,0.0,0.02,0.03,0.00%
,,"3,788",Sweet Chilli,Ainsworth,Slot,"March, 2021",7,$1.53,$1.24,0.05,0.0,0.02,0.03,0.00%
,,"3,789",Treasure Spirits Phoenix,Ainsworth,Slot,"March, 2023",9,$1.96,$1.97,0.03,0.0,0.02,0.03,0.00%
,,"3,790",3 Secret Cities,4theplayer,Slot,"November, 2022",17,$1.13,$0.97,0.05,0.0,0.02,0.03,0.00%
,,"3,791",Jumpin Jack First Strike,Hitsqwad,Slot,"November, 2024",3,$1.95,$2.11,0.02,0.0,0.02,0.03,0.00%
,,"3,792",Eggsponential,Octoplay,Slot,"November, 2024",5,$0.56,$0.52,0.14,0.0,0.02,0.03,0.00%
,,"3,793",Light Em Up,Ainsworth,Slot,"June, 2021",5,$1.60,$1.26,0.01,0.0,0.02,0.03,0.00%
,,"3,794",Hexbreaker 3,Igt,Slot,"March, 2021",20,$1.20,$1.11,0.03,0.0,0.02,0.03,0.00%
,,"3,795",Split Dragon Power Bet,High 5 Games,Slot,"June, 2025",22,$1.60,$1.31,0.03,0.0,0.02,0.03,0.00%
,,"3,796",Amun Ra King Of The Gods,Aristocrat,Slot,"March, 2023",15,$1.31,$1.23,0.03,0.0,0.02,0.03,0.00%
,,"3,797",Medusa Hunt,Red Rake Gaming,Slot,"December, 2024",6,$1.36,$1.11,0.04,0.0,0.02,0.03,0.00%
,,"3,798",Lucky 8 Golden Dragon,Pixiu Gaming,Slot,"February, 2024",8,$1.02,$0.92,0.05,0.0,0.02,0.03,0.00%
,,"3,799",Power Potz Ultranudge,Bang Bang Games,Slot,"May, 2025",6,$1.09,$0.85,0.04,0.0,0.02,0.03,0.00%
,,"3,800",Jane Jones Book Of Kings 2,Playtech,Slot,"June, 2023",5,$1.31,$0.94,0.06,0.0,0.02,0.03,0.00%
,,"3,801",Arthurs Gold,Games Global,Slot,"August, 2021",9,$1.45,$1.23,0.03,0.0,0.02,0.03,0.00%
,,"3,802",Polar Wilds,Igt,Slot,"October, 2023",15,$1.23,$0.77,0.04,0.0,0.02,0.03,0.00%
,,"3,803",Age Of Beasts Infinity Reels,Reel Play,Slot,"April, 2023",12,$1.13,$0.88,0.03,0.0,0.02,0.03,0.00%
,,"3,804",9 Races To Glory,Games Global,Slot,"March, 2025",17,$1.43,$1.16,0.03,0.0,0.02,0.03,0.00%
,,"3,805",Luchamigos,Play N Go,Slot,"May, 2025",14,$1.19,$1.05,0.04,0.0,0.02,0.03,0.00%
,,"3,806",Astros,Evolution,Slot,"September, 2024",24,$1.02,$0.78,0.04,0.0,0.02,0.03,0.00%
,,"3,807",Triple Jewels,Incredible Technologies,Slot,"May, 2022",15,$1.36,$1.25,0.04,0.0,0.02,0.03,0.00%
,,"3,808",Stick Em,Hacksaw Gaming,Slot,"January, 2024",7,$1.34,$1.02,0.06,0.0,0.02,0.03,0.00%
,,"3,809",Golden Scrolls,Slotmill,Slot,"June, 2024",6,$0.78,$0.63,0.10,0.0,0.02,0.03,0.00%
,,"3,810",Majestic Mysteries Power Reel,Evolution,Slot,"May, 2023",17,$0.97,$0.78,0.05,0.0,0.02,0.03,0.00%
,,"3,811",Breakout Bob,Playtech,Slot,"September, 2023",5,$0.93,$0.68,0.13,0.0,0.02,0.03,0.00%
,,"3,812",Venice Amore,Bragg Gaming Group,Slot,"March, 2021",14,$1.26,$1.36,0.03,0.0,0.02,0.03,0.00%
,,"3,813",Rage,Evolution,Slot,"August, 2024",12,$4.58,$1.86,0.02,0.0,0.02,0.03,0.00%
,,"3,814",Scratch Double Play Superbet,Light & Wonder,Lottery,"March, 2021",4,$0.12,$0.08,0.80,0.0,0.02,0.02,0.00%
,,"3,815",1 Drop,Spinberry,Slot,"September, 2024",6,$1.08,$0.79,0.05,0.0,0.02,0.03,0.00%
,,"3,816",Joker Flip,Play N Go,Slot,"December, 2024",4,$0.65,$0.65,0.06,0.0,0.02,0.03,0.00%
,,"3,817",Cat Wilde And The Incan Quest,Play N Go,Slot,"May, 2024",2,$0.77,$0.77,0.03,0.0,0.02,0.03,0.00%
,,"3,818",Great Wild Elk,Light & Wonder,Slot,"March, 2021",8,$1.14,$0.90,0.06,0.0,0.02,0.03,0.00%
,,"3,819",Magnificent Merlin,Greentube,Slot,"September, 2024",7,$2.15,$1.42,0.02,0.0,0.02,0.03,0.00%
,,"3,820",Timeless Rose,High 5 Games,Slot,"February, 2022",7,$5.68,$0.65,0.02,0.0,0.02,0.03,0.00%
,,"3,821",Bonnie And Clyde,Red Rake Gaming,Slot,"February, 2025",6,$1.15,$1.15,0.05,0.0,0.02,0.03,0.00%
,,"3,822",Million Vegas,Red Rake Gaming,Slot,"March, 2025",5,$2.00,$1.65,0.03,0.0,0.02,0.03,0.00%
,,"3,823",Gypsy,High 5 Games,Slot,"March, 2021",4,$1.80,$1.30,0.03,0.0,0.02,0.03,0.00%
,,"3,824",Gold Cash,Inspired,Slot,"March, 2021",10,$1.05,$0.92,0.10,0.0,0.02,0.03,0.00%
,,"3,825",Epic Riches,Aristocrat,Slot,"July, 2022",6,$3.00,$1.63,0.03,0.0,0.02,0.03,0.00%
,,"3,826",Savannah Drums,Light & Wonder,Slot,"January, 2023",7,$3.97,$1.09,0.02,0.0,0.02,0.03,0.00%
,,"3,827",Hot Slot Magic Pearls,Wazdan,Slot,"June, 2023",7,$0.86,$0.82,0.09,0.0,0.02,0.02,0.00%
,,"3,828",Lucha Loot,High 5 Games,Slot,"September, 2022",7,$1.75,$1.10,0.03,0.0,0.02,0.02,0.00%
,,"3,829",Big Shots,Playtech,Slot,"August, 2021",4,$2.64,$2.32,0.04,0.0,0.02,0.02,0.00%
,,"3,830",Da Vinci Creations,High 5 Games,Slot,"August, 2021",6,$0.68,$0.51,0.05,0.0,0.02,0.02,0.00%
,,"3,831",Apollo God Of The Sun 10 Win Ways,Greentube,Slot,"September, 2022",3,$1.96,$1.88,0.02,0.0,0.02,0.02,0.00%
,,"3,832",Desert Treasure,Playtech,Slot,"August, 2021",8,$6.63,$4.00,0.04,0.0,0.02,0.02,0.00%
,,"3,833",Crystal Gardens,High 5 Games,Slot,"April, 2024",16,$1.05,$0.80,0.04,0.0,0.02,0.02,0.00%
,,"3,834",Zappit Blackjack,Light & Wonder,Table Game,"March, 2021",8,$7.18,$5.12,0.02,0.1,0.02,0.01,0.00%
,,"3,835",Diamond Multiplier Respin,Pixiu Gaming,Slot,"October, 2023",12,$0.97,$0.98,0.06,0.0,0.02,0.02,0.00%
,,"3,836",Candy Bam Bam,Boom Entertainment,Slot,"June, 2023",12,$1.04,$0.67,0.05,0.0,0.02,0.02,0.00%
,,"3,837",Dwarfs Fortune,Wazdan,Slot,"June, 2023",7,$1.23,$1.00,0.06,0.0,0.02,0.02,0.00%
,,"3,838",Boat Bonanza Down Under,Play N Go,Slot,"June, 2024",16,$0.94,$0.82,0.04,0.0,0.02,0.02,0.00%
,,"3,839",Awww So Cute,Aristocrat,Slot,"May, 2024",9,$1.21,$0.98,0.03,0.0,0.02,0.02,0.00%
,,"3,840",Old Money Deluxe,High 5 Games,Slot,"March, 2021",3,$3.63,$1.84,0.02,0.0,0.02,0.02,0.00%
,,"3,841",Outlaw,Evolution,Slot,"September, 2023",8,$4.62,$1.56,0.02,0.0,0.02,0.02,0.00%
,,"3,842",Shan Cai Dragons,Design Works Gaming,Instant Win,"January, 2025",20,$1.18,$1.04,0.03,0.0,0.02,0.04,0.00%
,,"3,843",Cursed Treasure,Evolution,Slot,"September, 2024",17,$1.92,$1.19,0.03,0.0,0.02,0.02,0.00%
,,"3,844",Pandoras Box Of Evil,Play N Go,Slot,"October, 2023",8,$1.01,$0.60,0.03,0.0,0.02,0.02,0.00%
,,"3,845",Lightning Lion,Greentube,Slot,"May, 2024",11,$1.71,$1.32,0.02,0.0,0.02,0.02,0.00%
,,"3,846",Druids Dream,Evolution,Slot,"March, 2021",10,$2.16,$1.35,0.03,0.0,0.02,0.02,0.00%
,,"3,847",Its Time,Relax Gaming,Slot,"January, 2024",11,$0.96,$0.74,0.09,0.0,0.02,0.02,0.00%
,,"3,848",First Person Lightning Blackjack,Evolution,Table Game,"May, 2022",18,$13.65,$12.92,0.03,0.1,0.02,0.01,0.00%
,,"3,849",Golden Avalanche,Bragg Gaming Group,Slot,"August, 2024",15,$2.30,$1.69,0.02,0.0,0.02,0.02,0.00%
,,"3,850",Rapid Feature Dragon Money,Ainsworth,Slot,"June, 2024",7,$1.59,$1.60,0.02,0.0,0.02,0.02,0.00%
,,"3,851",Bison Valley Bonus Buy,Igt,Slot,"August, 2024",6,$1.37,$1.48,0.04,0.0,0.02,0.02,0.00%
,,"3,852",Bounty Hunt Reloaded,Reel Play,Slot,"July, 2024",18,$1.20,$0.99,0.02,0.0,0.02,0.02,0.00%
,,"3,853",Animals Of Africa,Games Global,Slot,"August, 2021",11,$1.40,$1.39,0.03,0.0,0.02,0.02,0.00%
,,"3,854",Fruit Case,Evolution,Slot,"March, 2021",15,$1.36,$0.97,0.03,0.0,0.02,0.02,0.00%
,,"3,855",Medusas Golden Gaze,Oddsworks,Slot,"August, 2022",10,$0.89,$0.96,0.04,0.0,0.02,0.02,0.00%
,,"3,856",Viking Runecraft Bingo,Play N Go,Bingo/Keno,"November, 2022",4,$0.88,$1.03,0.05,0.0,0.02,0.02,0.00%
,,"3,857",Crazy Coin,Aruze,Slot,"June, 2024",7,$1.41,$1.38,0.05,0.0,0.02,0.02,0.00%
,,"3,858",The Secret Order,Aristocrat,Slot,"October, 2022",3,$1.60,$1.19,0.04,0.0,0.02,0.02,0.00%
,,"3,859",Riches Of Midgard Land And Expand,Evolution,Slot,"March, 2021",11,$2.42,$1.48,0.04,0.0,0.02,0.02,0.00%
,,"3,860",Thunder Power,Oddsworks,Slot,"March, 2025",14,$1.93,$1.28,0.02,0.0,0.02,0.02,0.00%
,,"3,861",Princess Celina And The Frog,Aristocrat,Slot,"February, 2024",7,$0.93,$0.47,0.02,0.0,0.02,0.02,0.00%
,,"3,862",Bound For Riches Spanish Matador,Aruze,Slot,"November, 2024",2,$0.96,$0.96,0.11,0.0,0.02,0.02,0.00%
,,"3,863",Hit Me Baby,Greentube,Slot,"December, 2024",10,$1.30,$1.22,0.02,0.0,0.02,0.02,0.00%
,,"3,864",Imperial Riches,Evolution,Slot,"March, 2021",15,$1.20,$1.18,0.07,0.0,0.02,0.02,0.00%
,,"3,865",Charlies Angels,Light & Wonder,Slot,"October, 2023",9,$2.31,$1.05,0.02,0.0,0.02,0.02,0.00%
,,"3,866",Magic Stars 5,Wazdan,Slot,"June, 2023",6,$1.52,$0.61,0.13,0.0,0.02,0.02,0.00%
,,"3,867",Super Triple 7s Classic,Ainsworth,Slot,"July, 2024",4,$1.63,$1.20,0.02,0.0,0.02,0.02,0.00%
,,"3,868",King Of Cats,Evolution,Slot,"November, 2021",20,$2.50,$1.20,0.04,0.0,0.02,0.02,0.00%
,,"3,869",The Wish Master,Evolution,Slot,"March, 2021",4,$2.24,$1.12,0.02,0.0,0.02,0.02,0.00%
,,"3,870",Respin 7s,Inspired,Slot,"January, 2023",3,$0.95,$1.07,0.02,0.0,0.02,0.02,0.00%
,,"3,871",Treasure Tracks,Games Global,Slot,"October, 2021",10,$2.14,$1.21,0.03,0.0,0.02,0.02,0.00%
,,"3,872",Wild Willys Gold Rush,Spearhead Studios,Slot,"August, 2023",7,$1.19,$0.88,0.06,0.0,0.02,0.02,0.00%
,,"3,873",Top Strike Championship,Light & Wonder,Slot,"March, 2021",2,$0.61,$0.61,0.05,0.0,0.02,0.02,0.00%
,,"3,874",Incan Treasures,Aristocrat,Slot,"August, 2024",7,$1.18,$1.00,0.03,0.0,0.02,0.02,0.00%
,,"3,875",Buccaneers Bay,Light & Wonder,Slot,"March, 2021",4,$0.65,$0.58,0.06,0.0,0.02,0.02,0.00%
,,"3,876",2 Fortunate Pirates,Games Global,Slot,"November, 2022",10,$2.12,$1.20,0.02,0.0,0.02,0.02,0.00%
,,"3,877",Ragnar First Strike,Light & Wonder,Slot,"August, 2024",3,$1.06,$1.01,0.04,0.0,0.02,0.02,0.00%
,,"3,878",Euphoria,Igt,Slot,"September, 2023",14,$6.02,$1.38,0.04,0.0,0.02,0.02,0.00%
,,"3,879",Cloud Corsairs,Fantasma Games,Slot,"September, 2022",6,$1.16,$0.93,0.04,0.0,0.02,0.02,0.00%
,,"3,880",Fantastic Fireworks,Igt,Slot,"March, 2021",20,$0.87,$0.76,0.03,0.0,0.02,0.02,0.00%
,,"3,881",Dwarf Riches,Aristocrat,Slot,"March, 2023",14,$1.17,$0.98,0.02,0.0,0.02,0.02,0.00%
,,"3,882",Duck Of The Draw,Aristocrat,Slot,"March, 2025",4,$1.93,$1.95,0.02,0.0,0.02,0.02,0.00%
,,"3,883",Treasures Of The Count,Aristocrat,Slot,"September, 2024",5,$1.72,$1.05,0.03,0.0,0.02,0.02,0.00%
,,"3,884",Championship Fortunes,Spinberry,Slot,"November, 2024",4,$1.57,$1.59,0.03,0.0,0.02,0.02,0.00%
,,"3,885",The Great Albini 2,Games Global,Slot,"June, 2023",13,$1.18,$1.13,0.03,0.0,0.02,0.02,0.00%
,,"3,886",Pilgrim Of Dead,Play N Go,Slot,"October, 2023",8,$1.48,$1.36,0.02,0.0,0.02,0.02,0.00%
,,"3,887",Super Lantern 8s,Ainsworth,Slot,"June, 2021",8,$3.36,$1.79,0.01,0.0,0.02,0.02,0.00%
,,"3,888",Dr Wildshock Mad Loot Lab,Games Global,Slot,"March, 2022",8,$2.71,$2.55,0.01,0.0,0.02,0.02,0.00%
,,"3,889",Road To Riches Gold Pots Mega Drop,Light & Wonder,Slot,"September, 2021",14,$1.27,$0.96,0.05,0.0,0.02,0.02,0.00%
,,"3,890",Temujin Treasures,Bragg Gaming Group,Slot,"October, 2024",16,$2.32,$1.89,0.02,0.0,0.02,0.02,0.00%
,,"3,891",Ultra Blitz Chilli El Toro,Greentube,Slot,"June, 2025",8,$1.07,$1.11,0.04,0.0,0.02,0.02,0.00%
,,"3,892",Usa Flip,Play N Go,Slot,"April, 2023",20,$1.14,$0.98,0.04,0.0,0.02,0.02,0.00%
,,"3,893",Invading Vegas,Play N Go,Slot,"April, 2023",19,$1.00,$0.77,0.07,0.0,0.02,0.02,0.00%
,,"3,894",Frog Of Riches,Aristocrat,Slot,"November, 2023",4,$1.09,$1.00,0.03,0.0,0.02,0.02,0.00%
,,"3,895",Age Of The Gods,Playtech,Slot,"June, 2024",9,$0.88,$0.69,0.03,0.0,0.02,0.02,0.00%
,,"3,896",Wild Survivor,Play N Go,Slot,"August, 2024",18,$0.90,$0.74,0.04,0.0,0.02,0.02,0.00%
,,"3,897",Star Supreme,Greentube,Slot,"December, 2021",6,$1.26,$1.21,0.02,0.0,0.02,0.02,0.00%
,,"3,898",Knights Of The Secret Sword,Internal,Slot,"April, 2021",4,$1.52,$1.53,0.06,0.0,0.02,0.02,0.00%
,,"3,899",Ultra Stack Lion,Aruze,Slot,"June, 2021",6,$1.86,$1.29,0.04,0.0,0.02,0.02,0.00%
,,"3,900",Stumpy Mcdoodles,Games Global,Slot,"March, 2023",6,$1.40,$1.08,0.01,0.0,0.02,0.02,0.00%
,,"3,901",Hades Lost Treasures,Games Global,Slot,"May, 2024",7,$0.93,$1.00,0.03,0.0,0.02,0.02,0.00%
,,"3,902",Bee Frenzy Thundershots,Playtech,Slot,"August, 2023",3,$0.97,$0.93,0.05,0.0,0.02,0.02,0.00%
,,"3,903",Orca Magic,Ainsworth,Slot,"August, 2021",5,$2.66,$2.01,0.01,0.0,0.02,0.02,0.00%
,,"3,904",Color Cubes,Igt,Instant Win,"March, 2021",5,$2.25,$2.54,0.01,0.0,0.02,0.04,0.00%
,,"3,905",Mei Fortunes,Design Works Gaming,Slot,"April, 2025",19,$1.29,$0.90,0.02,0.0,0.02,0.02,0.00%
,,"3,906",American Roulette With Rachael,Games Global,Table Game,"June, 2025",2,$4.89,$4.89,0.01,0.0,0.02,0.01,0.00%
,,"3,907",Wrigleys World,Evolution,Slot,"November, 2023",21,$0.88,$0.66,0.04,0.0,0.02,0.02,0.00%
,,"3,908",Stellar Joker,Greentube,Slot,"April, 2024",5,$0.76,$0.61,0.05,0.0,0.02,0.02,0.00%
,,"3,909",Lotto Madness,Playtech,Slot,"January, 2022",6,$4.99,$1.72,0.02,0.0,0.02,0.02,0.00%
,,"3,910",Legend Of Fortune,Light & Wonder,Slot,"March, 2021",6,$1.41,$1.37,0.03,0.0,0.02,0.02,0.00%
,,"3,911",The Ankh Protector,Spinomenal,Slot,"April, 2025",2,$40.24,$40.24,0.01,0.0,0.02,0.02,0.00%
,,"3,912",William Tell And The Wild Arrows Hold And Win,Igt,Slot,"January, 2024",9,$0.94,$0.60,0.04,0.0,0.02,0.02,0.00%
,,"3,913",Extreme Kylin,Aruze,Slot,"January, 2023",4,$0.64,$0.65,0.19,0.0,0.02,0.02,0.00%
,,"3,914",Rome The Golden Age,Evolution,Slot,"June, 2021",5,$0.49,$0.47,0.10,0.0,0.02,0.02,0.00%
,,"3,915",Riddle Of Riches Mystery Cruise,High 5 Games,Slot,"July, 2024",18,$1.60,$1.21,0.02,0.0,0.02,0.02,0.00%
,,"3,916",Reel Linking,Inspired,Slot,"April, 2022",10,$0.85,$0.81,0.06,0.0,0.02,0.02,0.00%
,,"3,917",Stunt Stars,Light & Wonder,Slot,"June, 2023",11,$0.85,$0.73,0.05,0.0,0.02,0.02,0.00%
,,"3,918",Ferris Wheel Fortunes,High 5 Games,Slot,"October, 2023",13,$1.56,$1.24,0.03,0.0,0.02,0.02,0.00%
,,"3,919",Thief Of Lightnings,Oddsworks,Slot,"June, 2025",17,$1.25,$1.18,0.03,0.0,0.02,0.02,0.00%
,,"3,920",Mystery Jack Deluxe,Wazdan,Slot,"June, 2023",7,$0.77,$0.79,0.08,0.0,0.02,0.02,0.00%
,,"3,921",Gladiator Clash,Evolution,Slot,"January, 2025",19,$1.60,$1.42,0.03,0.0,0.02,0.02,0.00%
,,"3,922",Marias Marigolds,Igt,Slot,"September, 2023",16,$0.99,$0.92,0.03,0.0,0.02,0.02,0.00%
,,"3,923",Happy Apples,Evolution,Slot,"January, 2024",12,$1.03,$0.71,0.11,0.0,0.02,0.02,0.00%
,,"3,924",Rockets Red Glare,Light & Wonder,Slot,"June, 2025",29,$1.08,$0.89,0.03,0.0,0.02,0.02,0.00%
,,"3,925",Top 3 21 + 3 Classic,Bragg Gaming Group,Table Game,"May, 2022",4,$38.19,$15.21,0.01,0.1,0.02,0.01,0.00%
,,"3,926",Fruit Combinator,Reel Play,Slot,"April, 2024",25,$0.93,$0.80,0.03,0.0,0.02,0.02,0.00%
,,"3,927",Golden Knight Ii,High 5 Games,Slot,"March, 2021",5,$1.86,$1.25,0.05,0.0,0.02,0.02,0.00%
,,"3,928",Around The Reels In 80 Wilds,Aristocrat,Slot,"May, 2024",5,$1.90,$1.43,0.03,0.0,0.02,0.02,0.00%
,,"3,929",Secrets Of The Gods Hold And Gold,Aristocrat,Slot,"August, 2024",2,$1.21,$1.21,0.04,0.0,0.02,0.02,0.00%
,,"3,930",Sirens Cove,High 5 Games,Slot,"February, 2022",8,$0.70,$0.65,0.11,0.0,0.02,0.02,0.00%
,,"3,931",Wonders Of Africa,Design Works Gaming,Slot,"November, 2021",4,$0.76,$0.84,0.07,0.0,0.02,0.02,0.00%
,,"3,932",Fruit Flash,Evolution,Slot,"August, 2024",23,$0.91,$0.77,0.03,0.0,0.02,0.02,0.00%
,,"3,933",Crystal Hall,Play N Go,Slot,"January, 2025",21,$1.10,$0.88,0.04,0.0,0.02,0.02,0.00%
,,"3,934",Maximus Payus,Inspired,Slot,"March, 2021",7,$1.36,$0.94,0.05,0.0,0.02,0.02,0.00%
,,"3,935",Yukon Gold,Crucible Gaming,Slot,"December, 2024",12,$2.02,$1.77,0.02,0.0,0.02,0.02,0.00%
,,"3,936",Surtrs Fury,Aristocrat,Slot,"April, 2025",2,$0.74,$0.74,0.05,0.0,0.02,0.02,0.00%
,,"3,937",Myth Of Dead,Play N Go,Slot,"December, 2024",19,$1.08,$0.85,0.04,0.0,0.02,0.02,0.00%
,,"3,938",Casino Win Spin,Evolution,Slot,"October, 2024",18,$0.82,$0.78,0.03,0.0,0.02,0.02,0.00%
,,"3,939",The Enforcer,Ainsworth,Slot,"June, 2021",3,$2.19,$1.89,0.02,0.0,0.02,0.02,0.00%
,,"3,940",Seven And Suns,Bragg Gaming Group,Slot,"January, 2025",5,$1.15,$1.10,0.02,0.0,0.02,0.02,0.00%
,,"3,941",Mighty Marlin Super Reel,Bragg Gaming Group,Instant Win,"June, 2024",5,$2.88,$1.22,0.01,0.0,0.02,0.03,0.00%
,,"3,942",Spin Again 7s,High 5 Games,Slot,"January, 2023",15,$1.09,$0.86,0.04,0.0,0.02,0.02,0.00%
,,"3,943",Agent Blitz Mission Moneymaker,Games Global,Slot,"April, 2023",12,$1.24,$1.01,0.02,0.0,0.02,0.02,0.00%
,,"3,944",Shimmering 7s Revolution,Light & Wonder,Slot,"April, 2024",8,$0.97,$1.08,0.04,0.0,0.02,0.02,0.00%
,,"3,945",First Person Super Sic Bo,Evolution,Table Game,"January, 2024",12,$9.57,$4.55,0.01,0.0,0.02,0.01,0.00%
,,"3,946",Jinse Dao Tiger,Light & Wonder,Slot,"February, 2023",18,$0.69,$0.46,0.12,0.0,0.02,0.02,0.00%
,,"3,947",Super Sake,Bragg Gaming Group,Slot,"February, 2025",8,$3.06,$2.24,0.02,0.0,0.02,0.02,0.00%
,,"3,948",Magic Lab,Evolution,Slot,"September, 2024",12,$1.70,$1.08,0.02,0.0,0.02,0.02,0.00%
,,"3,949",Top Of The Money Pots Of Wealth,Greentube,Slot,"March, 2022",14,$1.04,$0.78,0.03,0.0,0.02,0.02,0.00%
,,"3,950",Dragons Blessings,High 5 Games,Slot,"January, 2023",12,$1.40,$1.12,0.04,0.0,0.02,0.02,0.00%
,,"3,951",Fire Chariot,King Show Games,Slot,"February, 2025",8,$1.01,$0.97,0.04,0.0,0.02,0.02,0.00%
,,"3,952",Scratch Card Pots O Luck,Oddsworks,Lottery,"June, 2023",2,$3.41,$3.41,0.01,0.0,0.02,0.01,0.00%
,,"3,953",King Of Babylon Action Spins,Light & Wonder,Slot,"March, 2021",7,$2.10,$1.26,0.02,0.0,0.02,0.02,0.00%
,,"3,954",Humpty Dumpty Wild Riches,Oddsworks,Slot,"August, 2022",16,$1.19,$1.07,0.02,0.0,0.02,0.02,0.00%
,,"3,955",King Of Babylon,Light & Wonder,Slot,"March, 2021",8,$1.61,$1.39,0.03,0.0,0.02,0.02,0.00%
,,"3,956",Mustang Dreaming,Greentube,Slot,"July, 2024",10,$1.42,$1.08,0.03,0.0,0.02,0.02,0.00%
,,"3,957",Ultimate Heist,High 5 Games,Slot,"February, 2023",10,$1.11,$1.10,0.03,0.0,0.02,0.02,0.00%
,,"3,958",King Of The Pharaohs,King Show Games,Slot,"March, 2024",11,$1.04,$0.98,0.03,0.0,0.02,0.02,0.00%
,,"3,959",Lucky Bill,Skillzz Gaming,Slot,"March, 2023",3,$2.21,$1.03,0.02,0.0,0.02,0.02,0.00%
,,"3,960",The Fun Hell,Spearhead Studios,Slot,"August, 2024",6,$1.93,$1.73,0.02,0.0,0.02,0.02,0.00%
,,"3,961",Himalayas Roof Of The World,Light & Wonder,Slot,"March, 2021",7,$6.60,$2.58,0.01,0.0,0.02,0.02,0.00%
,,"3,962",Boat Bonanza Christmas,Play N Go,Slot,"July, 2025",3,$0.83,$0.79,0.05,0.0,0.02,0.02,0.00%
,,"3,963",Telly Reels,Wazdan,Slot,"June, 2023",6,$0.80,$0.82,0.07,0.0,0.02,0.02,0.00%
,,"3,964",Immortal Pyramid,Boom Entertainment,Instant Win,"June, 2023",12,$1.26,$0.85,0.03,0.0,0.02,0.03,0.00%
,,"3,965",Cash Up,Oddsworks,Slot,"June, 2024",11,$1.29,$0.75,0.05,0.0,0.02,0.02,0.00%
,,"3,966",1st Down Slot,Inspired,Slot,"March, 2021",6,$2.16,$2.45,0.04,0.0,0.02,0.02,0.00%
,,"3,967",8 Wealthy Lions,Aruze,Slot,"March, 2022",7,$0.91,$0.84,0.05,0.0,0.02,0.02,0.00%
,,"3,968",Lady Of Fortune,Play N Go,Slot,"February, 2023",7,$6.14,$1.65,0.02,0.0,0.02,0.02,0.00%
,,"3,969",Win A Beest,Play N Go,Slot,"November, 2022",12,$1.01,$0.73,0.04,0.0,0.02,0.02,0.00%
,,"3,970",Bookie Of Odds,Games Global,Slot,"August, 2021",7,$0.80,$0.89,0.08,0.0,0.02,0.02,0.00%
,,"3,971",Sky Dragons,Incredible Technologies,Slot,"June, 2021",13,$1.58,$1.58,0.02,0.0,0.02,0.02,0.00%
,,"3,972",Ticket To Riches,Games Global,Slot,"June, 2023",6,$2.49,$1.39,0.01,0.0,0.02,0.02,0.00%
,,"3,973",Ice Ice Hockey,Aristocrat,Slot,"February, 2023",14,$2.24,$1.25,0.02,0.0,0.02,0.02,0.00%
,,"3,974",Mystery Mine,Bragg Gaming Group,Slot,"August, 2023",13,$1.62,$1.44,0.02,0.0,0.02,0.02,0.00%
,,"3,975",Tomb Of Nefertiti,Evolution,Slot,"August, 2024",22,$1.05,$0.91,0.04,0.0,0.02,0.02,0.00%
,,"3,976",King Maker Megaways,Evolution,Slot,"March, 2021",3,$0.79,$0.41,0.03,0.0,0.02,0.02,0.00%
,,"3,977",Shields Of The Wild,Light & Wonder,Slot,"March, 2021",8,$2.44,$1.20,0.02,0.0,0.02,0.02,0.00%
,,"3,978",Beach Invaders,Evolution,Slot,"January, 2024",17,$1.20,$0.96,0.04,0.0,0.02,0.02,0.00%
,,"3,979",Twice The Money,Ainsworth,Slot,"March, 2021",8,$1.20,$1.23,0.02,0.0,0.02,0.02,0.00%
,,"3,980",Scudamore Super Stakes,Evolution,Slot,"March, 2021",4,$0.78,$0.62,0.11,0.0,0.02,0.02,0.00%
,,"3,981",Get Hot,Bragg Gaming Group,Slot,"September, 2021",13,$1.37,$1.21,0.02,0.0,0.02,0.02,0.00%
,,"3,982",Wings Of The Phoenix,Konami,Slot,"March, 2021",5,$1.60,$1.61,0.03,0.0,0.02,0.02,0.00%
,,"3,983",Silver Trails,Greentube,Slot,"January, 2022",10,$1.26,$1.32,0.03,0.0,0.02,0.02,0.00%
,,"3,984",Coins Of Fortune,Evolution,Slot,"January, 2025",18,$1.40,$1.00,0.03,0.0,0.02,0.02,0.00%
,,"3,985",Wild Ranger,Greentube,Slot,"March, 2023",8,$1.13,$1.10,0.02,0.0,0.02,0.02,0.00%
,,"3,986",Gonzos Gold,Evolution,Slot,"March, 2023",10,$1.14,$0.85,0.03,0.0,0.02,0.02,0.00%
,,"3,987",Legacy Of The Nile,High 5 Games,Slot,"June, 2023",3,$2.66,$0.80,0.02,0.0,0.02,0.02,0.00%
,,"3,988",3 Clown Monty 2,Play N Go,Slot,"May, 2024",3,$0.87,$0.78,0.03,0.0,0.02,0.02,0.00%
,,"3,989",Whos The Bride,Evolution,Slot,"June, 2024",16,$1.63,$0.58,0.04,0.0,0.02,0.02,0.00%
,,"3,990",Ark Of Ra,Games Global,Slot,"September, 2022",5,$1.14,$0.70,0.04,0.0,0.02,0.02,0.00%
,,"3,991",Sapphire Tiger,High 5 Games,Slot,"August, 2021",2,$1.44,$1.44,0.04,0.0,0.02,0.02,0.00%
,,"3,992",Wilds Of Wall Street 2,Spearhead Studios,Slot,"December, 2022",5,$4.53,$1.38,0.01,0.0,0.02,0.02,0.00%
,,"3,993",The Sword And The Grail Excalibur,Play N Go,Slot,"July, 2024",12,$1.75,$0.71,0.02,0.0,0.02,0.02,0.00%
,,"3,994",Rampaging Bull,Ainsworth,Slot,"November, 2022",3,$1.33,$1.47,0.03,0.0,0.02,0.02,0.00%
,,"3,995",Queen Of Egypt Exotic Wilds,Spearhead Studios,Slot,"February, 2023",11,$2.33,$0.97,0.02,0.0,0.02,0.02,0.00%
,,"3,996",Cosmic Jewels,High 5 Games,Slot,"March, 2021",3,$1.08,$1.05,0.04,0.0,0.02,0.02,0.00%
,,"3,997",Zombies Payday,Betixon,Slot,"June, 2025",2,$1.43,$1.43,0.02,0.0,0.02,0.02,0.00%
,,"3,998",Monopoly Grand Hotel,Light & Wonder,Slot,"March, 2021",4,$1.54,$1.69,0.02,0.0,0.02,0.02,0.00%
,,"3,999",Fortune Rush,Games Global,Slot,"January, 2022",8,$1.15,$0.99,0.01,0.0,0.02,0.02,0.00%
,,"4,000",5 Wild Reindeers,Spinberry,Slot,"December, 2023",7,$1.47,$1.31,0.02,0.0,0.02,0.02,0.00%
,,"4,001",Colossal Splash Ink And Win,Light & Wonder,Slot,"February, 2025",17,$1.24,$0.87,0.03,0.0,0.02,0.02,0.00%
,,"4,002",Road To Riches Twilight Dream,Light & Wonder,Slot,"May, 2021",3,$1.48,$1.64,0.01,0.0,0.02,0.02,0.00%
,,"4,003",Lucky Streak,Evolution,Slot,"May, 2021",21,$1.62,$1.05,0.02,0.0,0.02,0.02,0.00%
,,"4,004",Ocean Kings,Spinberry,Slot,"June, 2025",8,$1.20,$1.06,0.03,0.0,0.02,0.02,0.00%
,,"4,005",Waikiki Hold And Win,1x2 Network,Slot,"November, 2024",5,$0.80,$0.68,0.04,0.0,0.02,0.02,0.00%
,,"4,006",Midnight In Tokyo,Wazdan,Slot,"June, 2023",8,$1.44,$1.51,0.03,0.0,0.02,0.02,0.00%
,,"4,007",Count Jokula,Play N Go,Slot,"July, 2023",8,$1.48,$0.90,0.02,0.0,0.02,0.02,0.00%
,,"4,008",Foxin Wins Football Fever,Light & Wonder,Slot,"March, 2021",4,$1.10,$0.82,0.05,0.0,0.02,0.02,0.00%
,,"4,009",Wilderland,Evolution,Slot,"March, 2021",6,$3.23,$1.15,0.03,0.0,0.02,0.02,0.00%
,,"4,010",Cakes Of Fortune,Aristocrat,Slot,"September, 2024",7,$1.67,$0.89,0.02,0.0,0.02,0.02,0.00%
,,"4,011",Robin Hoods Wild Forest,Evolution,Slot,"December, 2021",11,$0.63,$0.65,0.04,0.0,0.02,0.02,0.00%
,,"4,012",Spell Of Odin,Oddsworks,Slot,"September, 2022",14,$0.80,$0.51,0.07,0.0,0.02,0.02,0.00%
,,"4,013",Wild Storm Legionnaire,Oddsworks,Slot,"October, 2024",17,$1.02,$0.81,0.02,0.0,0.02,0.02,0.00%
,,"4,014",Panda Money,Evolution,Slot,"September, 2024",17,$1.85,$1.09,0.02,0.0,0.02,0.02,0.00%
,,"4,015",Midnight Romance,Evolution,Slot,"January, 2025",27,$1.21,$1.02,0.02,0.0,0.02,0.02,0.00%
,,"4,016",1 2 3 Bingo,Greentube,Bingo/Keno,"March, 2023",4,$1.24,$0.84,0.05,0.0,0.02,0.02,0.00%
,,"4,017",Fishermans Bounty,Aristocrat,Slot,"April, 2024",9,$0.86,$1.00,0.04,0.0,0.02,0.02,0.00%
,,"4,018",Founding Fortunes Wins,High 5 Games,Slot,"June, 2023",12,$2.44,$0.84,0.02,0.0,0.02,0.02,0.00%
,,"4,019",Gates Of Babylon,Kalamba Games,Slot,"June, 2023",6,$2.51,$1.16,0.02,0.0,0.02,0.02,0.00%
,,"4,020",Quarterback Fields Of Glory,Crucible Gaming,Slot,"September, 2024",14,$2.35,$1.06,0.02,0.0,0.02,0.02,0.00%
,,"4,021",Leprechaun Goes Wild,Play N Go,Slot,"November, 2022",11,$0.95,$0.77,0.03,0.0,0.02,0.02,0.00%
,,"4,022",Great Guardians,Konami,Slot,"March, 2021",11,$1.83,$1.58,0.02,0.0,0.02,0.02,0.00%
,,"4,023",Blazing Planets,Spinberry,Slot,"August, 2023",7,$0.92,$0.85,0.03,0.0,0.02,0.02,0.00%
,,"4,024",Story Of Odin,Spinomenal,Slot,"April, 2025",2,$1.55,$1.55,0.02,0.0,0.02,0.02,0.00%
,,"4,025",Torros Gold,Aristocrat,Slot,"June, 2022",6,$0.71,$0.74,0.06,0.0,0.02,0.02,0.00%
,,"4,026",Gems Up,Konami,Slot,"September, 2022",5,$1.68,$1.51,0.02,0.0,0.02,0.02,0.00%
,,"4,027",Ben Hur,Ainsworth,Slot,"July, 2022",6,$2.25,$1.00,0.01,0.0,0.02,0.02,0.00%
,,"4,028",Prospector Wilds Hold And Win,1x2 Network,Slot,"February, 2025",5,$2.25,$1.76,0.01,0.0,0.02,0.02,0.00%
,,"4,029",Ice Heist,Igt,Slot,"August, 2023",18,$1.87,$0.93,0.02,0.0,0.02,0.02,0.00%
,,"4,030",Bingo Staxx Amazon Fury,Greentube,Bingo/Keno,"July, 2023",9,$1.24,$1.24,0.03,0.0,0.02,0.01,0.00%
,,"4,031",Gerards Gambit,Play N Go,Slot,"April, 2024",18,$0.73,$0.57,0.04,0.0,0.02,0.02,0.00%
,,"4,032",Pimped,Play N Go,Slot,"November, 2022",3,$1.38,$1.65,0.01,0.0,0.02,0.02,0.00%
,,"4,033",Great American Wilds,Greentube,Slot,"September, 2021",16,$1.38,$1.22,0.02,0.0,0.02,0.02,0.00%
,,"4,034",Merlin Realm Of Charm,Play N Go,Slot,"September, 2024",6,$1.92,$1.15,0.02,0.0,0.02,0.02,0.00%
,,"4,035",Wild Honoluloot,Design Works Gaming,Slot,"March, 2023",7,$0.87,$0.96,0.04,0.0,0.02,0.02,0.00%
,,"4,036",Sky Ball Winning Wall,Incredible Technologies,Slot,"January, 2024",12,$1.55,$1.32,0.02,0.0,0.02,0.02,0.00%
,,"4,037",Jade King,Aristocrat,Slot,"March, 2023",7,$1.31,$1.19,0.03,0.0,0.02,0.02,0.00%
,,"4,038",X Wild X,Bragg Gaming Group,Slot,"February, 2022",15,$1.11,$1.03,0.02,0.0,0.02,0.02,0.00%
,,"4,039",Great Book Of Magic Deluxe,Wazdan,Slot,"June, 2023",9,$0.99,$0.85,0.06,0.0,0.02,0.02,0.00%
,,"4,040",King Of The Trident Deluxe,Aristocrat,Slot,"July, 2022",7,$1.24,$0.97,0.03,0.0,0.02,0.02,0.00%
,,"4,041",Smooth Sailing,Games Global,Slot,"November, 2021",10,$1.29,$1.29,0.02,0.0,0.02,0.02,0.00%
,,"4,042",Upshot Prosperity Rising,Incredible Technologies,Slot,"January, 2025",17,$1.41,$1.29,0.02,0.0,0.02,0.02,0.00%
,,"4,043",Space Spins,Wazdan,Slot,"June, 2023",6,$1.50,$1.24,0.04,0.0,0.02,0.02,0.00%
,,"4,044",Temple Of Medusa,Games Global,Slot,"December, 2021",10,$1.11,$0.92,0.03,0.0,0.02,0.02,0.00%
,,"4,045",Defenders Of Asgard,High 5 Games,Slot,"February, 2022",8,$3.40,$0.87,0.04,0.0,0.02,0.02,0.00%
,,"4,046",Into The Storm,Light & Wonder,Slot,"August, 2022",11,$1.96,$1.14,0.02,0.0,0.02,0.02,0.00%
,,"4,047",Rise Of The Tiger,Ainsworth,Slot,"June, 2023",5,$2.58,$2.14,0.01,0.0,0.02,0.02,0.00%
,,"4,048",Good Old 7s,Evolution,Slot,"December, 2024",16,$0.62,$0.52,0.05,0.0,0.02,0.02,0.00%
,,"4,049",Cossacks The Wild Hunt,Games Global,Slot,"January, 2022",10,$5.57,$1.78,0.01,0.0,0.02,0.02,0.00%
,,"4,050",Multi Rise Video Poker Bonus Deluxe,Oddsworks,Video Poker,"October, 2023",2,$2.83,$2.83,0.02,0.0,0.02,0.01,0.00%
,,"4,051",Hot Joker 4 Ways,Inspired,Slot,"November, 2021",7,$1.60,$0.89,0.02,0.0,0.02,0.02,0.00%
,,"4,052",Castle Of Terror,Evolution,Slot,"March, 2023",20,$4.77,$1.81,0.01,0.0,0.02,0.02,0.00%
,,"4,053",West Journey Treasure Hunt,High 5 Games,Slot,"March, 2021",7,$1.34,$1.19,0.03,0.0,0.02,0.02,0.00%
,,"4,054",Arena Of Gold,Games Global,Slot,"August, 2021",15,$1.26,$0.97,0.05,0.0,0.02,0.02,0.00%
,,"4,055",Noble 7s,Games Global,Slot,"August, 2024",8,$0.83,$0.74,0.01,0.0,0.02,0.02,0.00%
,,"4,056",Pot O Gold,Aristocrat,Slot,"June, 2022",10,$1.06,$0.86,0.06,0.0,0.02,0.02,0.00%
,,"4,057",Ave Caesar,Oddsworks,Slot,"August, 2022",13,$1.52,$0.91,0.02,0.0,0.02,0.02,0.00%
,,"4,058",Mega Multi Diamonds,High 5 Games,Slot,"November, 2022",12,$1.12,$1.12,0.03,0.0,0.02,0.02,0.00%
,,"4,059",Tiki Mania,Games Global,Slot,"August, 2021",11,$0.71,$0.52,0.05,0.0,0.02,0.02,0.00%
,,"4,060",Mysteries Of Egypt,Red Rake Gaming,Slot,"July, 2025",3,$1.51,$1.78,0.04,0.0,0.02,0.02,0.00%
,,"4,061",Soldier Of Rome,Light & Wonder,Slot,"March, 2021",6,$1.63,$0.87,0.03,0.0,0.02,0.02,0.00%
,,"4,062",Neon Pyramid,Inspired,Slot,"March, 2021",8,$1.84,$0.53,0.06,0.0,0.02,0.02,0.00%
,,"4,063",Smash Nudge Skillstar,Light & Wonder,Slot,"December, 2023",24,$1.37,$1.07,0.02,0.0,0.01,0.02,0.00%
,,"4,064",House Of Doom,Play N Go,Slot,"July, 2023",2,$0.69,$0.69,0.04,0.0,0.01,0.02,0.00%
,,"4,065",Infinity Hero,Wazdan,Slot,"June, 2023",8,$2.08,$1.65,0.04,0.0,0.01,0.02,0.00%
,,"4,066",Dragon Drum,Ainsworth,Slot,"January, 2023",8,$4.10,$1.76,0.02,0.0,0.01,0.02,0.00%
,,"4,067",From Dusk Till Dawn,Greentube,Slot,"January, 2022",7,$1.15,$1.00,0.03,0.0,0.01,0.02,0.00%
,,"4,068",The Race Megaways,Evolution,Slot,"June, 2023",8,$1.86,$1.69,0.02,0.0,0.01,0.02,0.00%
,,"4,069",Hot Hot Balloons,Spearhead Studios,Slot,"September, 2024",3,$5.78,$1.86,0.02,0.0,0.01,0.02,0.00%
,,"4,070",20 Celestial Fruits,Bragg Gaming Group,Slot,"March, 2025",14,$1.21,$1.22,0.02,0.0,0.01,0.02,0.00%
,,"4,071",Gem Heat,Playtech,Slot,"August, 2021",4,$1.42,$0.94,0.04,0.0,0.01,0.02,0.00%
,,"4,072",Legends Of Troy Achilles Glory,High 5 Games,Slot,"May, 2025",3,$2.40,$1.19,0.01,0.0,0.01,0.02,0.00%
,,"4,073",Robin Hoods Heroes,Games Global,Slot,"August, 2023",7,$1.11,$0.85,0.03,0.0,0.01,0.02,0.00%
,,"4,074",Happy Riches,Evolution,Slot,"September, 2024",20,$1.35,$0.99,0.02,0.0,0.01,0.02,0.00%
,,"4,075",Tesla Jolt,Evolution,Slot,"April, 2025",15,$1.11,$0.83,0.02,0.0,0.01,0.02,0.00%
,,"4,076",King Of Alexandria Mega Moolah,Games Global,Slot,"January, 2025",12,$0.88,$0.68,0.03,0.0,0.01,0.02,0.00%
,,"4,077",Mad Moose Megaways,Pixiu Gaming,Slot,"January, 2025",2,$0.64,$0.64,0.05,0.0,0.01,0.02,0.00%
,,"4,078",Dragons Legacy,Bragg Gaming Group,Slot,"March, 2023",12,$1.77,$1.36,0.02,0.0,0.01,0.02,0.00%
,,"4,079",Wildfire,Slotmill,Slot,"June, 2024",4,$0.97,$0.79,0.04,0.0,0.01,0.02,0.00%
,,"4,080",Wicked Tales Dark Red,Games Global,Slot,"August, 2021",11,$1.66,$1.21,0.03,0.0,0.01,0.02,0.00%
,,"4,081",Jewelling Diamonds,1x2 Network,Slot,"June, 2025",4,$1.08,$1.04,0.02,0.0,0.01,0.02,0.00%
,,"4,082",Derby Wheel,Play N Go,Slot,"February, 2023",2,$0.72,$0.72,0.03,0.0,0.01,0.02,0.00%
,,"4,083",Prince Of The Night,High 5 Games,Slot,"October, 2021",2,$2.87,$2.87,0.01,0.0,0.01,0.02,0.00%
,,"4,084",The Wild 3,Light & Wonder,Slot,"March, 2021",8,$0.91,$0.95,0.04,0.0,0.01,0.02,0.00%
,,"4,085",Great Blue,Playtech,Slot,"August, 2021",6,$1.07,$0.61,0.08,0.0,0.01,0.02,0.00%
,,"4,086",Santa Vs Rudolf,Evolution,Slot,"November, 2024",26,$0.89,$0.75,0.04,0.0,0.01,0.02,0.00%
,,"4,087",Super Lucky Frog,White Hat Studios,Slot,"August, 2022",4,$1.37,$1.07,0.02,0.0,0.01,0.02,0.00%
,,"4,088",Treasure Spirits Dragon,Ainsworth,Slot,"March, 2023",4,$1.81,$1.84,0.02,0.0,0.01,0.02,0.00%
,,"4,089",Lucky Lamp,Aristocrat,Slot,"September, 2024",10,$2.30,$1.01,0.03,0.0,0.01,0.02,0.00%
,,"4,090",Feather Of The Nile,High 5 Games,Slot,"November, 2021",12,$3.01,$0.81,0.03,0.0,0.01,0.02,0.00%
,,"4,091",Wild Fruit Super Wheel,Aristocrat,Slot,"July, 2022",9,$2.34,$0.77,0.01,0.0,0.01,0.02,0.00%
,,"4,092",Champions Of Olympus,Games Global,Slot,"October, 2023",13,$1.31,$1.21,0.01,0.0,0.01,0.02,0.00%
,,"4,093",Ultra Rush Dance De Los Toros,Incredible Technologies,Slot,"November, 2023",14,$1.61,$1.40,0.02,0.0,0.01,0.02,0.00%
,,"4,094",Dio Killing The Dragon,Play N Go,Slot,"January, 2025",3,$0.74,$0.71,0.03,0.0,0.01,0.02,0.00%
,,"4,095",Rays Of Egypt Power Wheel,Incredible Technologies,Slot,"December, 2021",11,$1.40,$1.33,0.02,0.0,0.01,0.02,0.00%
,,"4,096",Sparky And Shortz Hidden Joules,Play N Go,Slot,"November, 2023",4,$0.86,$0.98,0.03,0.0,0.01,0.02,0.00%
,,"4,097",Golden Wild,Oddsworks,Slot,"September, 2022",9,$1.22,$1.10,0.02,0.0,0.01,0.02,0.00%
,,"4,098",Rise To Power,High 5 Games,Slot,"August, 2022",6,$0.79,$0.64,0.05,0.0,0.01,0.02,0.00%
,,"4,099",Wild Wild Pistols,Aristocrat,Slot,"February, 2023",11,$1.76,$1.15,0.01,0.0,0.01,0.02,0.00%
,,"4,100",Ankh Of Anubis Awakening,Play N Go,Slot,"January, 2025",19,$1.40,$1.11,0.02,0.0,0.01,0.02,0.00%
,,"4,101",Outlaw Saloon,Games Global,Slot,"November, 2022",10,$1.43,$1.40,0.02,0.0,0.01,0.01,0.00%
,,"4,102",Royal Flush Trophy Spins,Greentube,Slot,"February, 2025",9,$1.13,$0.97,0.03,0.0,0.01,0.01,0.00%
,,"4,103",Stackin Kracken 7s,High 5 Games,Slot,"March, 2021",4,$1.14,$0.75,0.01,0.0,0.01,0.01,0.00%
,,"4,104",Om Nom,Hacksaw Gaming,Slot,"January, 2024",6,$1.41,$1.10,0.02,0.0,0.01,0.01,0.00%
,,"4,105",Upshot Brilliant 7s,Incredible Technologies,Slot,"November, 2024",17,$1.61,$1.21,0.02,0.0,0.01,0.01,0.00%
,,"4,106",Battle Mania,Oddsworks,Slot,"May, 2025",12,$1.28,$1.22,0.02,0.0,0.01,0.01,0.00%
,,"4,107",Pinocchios Fortune,Oddsworks,Slot,"August, 2022",18,$0.99,$0.71,0.04,0.0,0.01,0.01,0.00%
,,"4,108",Temple Of Treasures Megaways,Internal,Slot,"June, 2023",8,$1.97,$2.18,0.01,0.0,0.01,0.01,0.00%
,,"4,109",Murphys Pots,Light & Wonder,Slot,"May, 2022",15,$0.93,$0.67,0.02,0.0,0.01,0.01,0.00%
,,"4,110",Nordic Kings,High 5 Games,Slot,"March, 2024",18,$2.53,$1.30,0.01,0.0,0.01,0.01,0.00%
,,"4,111",Power Strike Super Spin,Aristocrat,Slot,"August, 2023",9,$2.23,$1.18,0.02,0.0,0.01,0.01,0.00%
,,"4,112",Wild Falls,Play N Go,Slot,"February, 2023",5,$1.32,$1.05,0.03,0.0,0.01,0.01,0.00%
,,"4,113",Scarab Kingdom,Games Global,Slot,"August, 2023",3,$0.84,$0.73,0.02,0.0,0.01,0.01,0.00%
,,"4,114",Wildest Gambit,Play N Go,Slot,"March, 2025",12,$1.19,$1.04,0.01,0.0,0.01,0.01,0.00%
,,"4,115",Crystal Vault,Light & Wonder,Slot,"February, 2023",11,$0.84,$0.76,0.02,0.0,0.01,0.01,0.00%
,,"4,116",Ninja Gold,Bragg Gaming Group,Slot,"March, 2021",13,$1.26,$1.20,0.01,0.0,0.01,0.01,0.00%
,,"4,117",Wild Tales Magical Nights,Aruze,Slot,"November, 2024",4,$0.93,$0.93,0.03,0.0,0.01,0.01,0.00%
,,"4,118",Mammoth Mayhem,Aristocrat,Slot,"July, 2024",4,$3.43,$2.87,0.01,0.0,0.01,0.01,0.00%
,,"4,119",Strike It Gold Win Ways,Greentube,Slot,"June, 2022",6,$2.29,$1.43,0.02,0.0,0.01,0.01,0.00%
,,"4,120",Shrimp On The Barbie,Greentube,Slot,"January, 2025",11,$1.19,$0.70,0.03,0.0,0.01,0.01,0.00%
,,"4,121",Hot 777 Deluxe,Wazdan,Slot,"June, 2023",6,$0.71,$0.74,0.06,0.0,0.01,0.01,0.00%
,,"4,122",Rainin Money,1x2 Network,Slot,"February, 2025",5,$0.90,$0.79,0.01,0.0,0.01,0.01,0.00%
,,"4,123",Fortune Dragon Queen,Spearhead Studios,Slot,"February, 2023",6,$0.89,$0.81,0.02,0.0,0.01,0.01,0.00%
,,"4,124",Run Amuck,High 5 Games,Slot,"April, 2021",5,$0.70,$0.47,0.03,0.0,0.01,0.01,0.00%
,,"4,125",Neon Staxx,Evolution,Slot,"May, 2021",5,$1.32,$0.87,0.04,0.0,0.01,0.01,0.00%
,,"4,126",Tokens Of Fortune,High 5 Games,Slot,"January, 2023",13,$3.03,$1.15,0.02,0.0,0.01,0.01,0.00%
,,"4,127",Gems Of Giza,Greentube,Slot,"November, 2023",5,$1.57,$0.90,0.02,0.0,0.01,0.01,0.00%
,,"4,128",Texas Oil Riches,Spinberry,Slot,"June, 2025",7,$2.17,$1.07,0.01,0.0,0.01,0.01,0.00%
,,"4,129",7 Hot 7,Aristocrat,Slot,"July, 2024",4,$0.98,$0.89,0.03,0.0,0.01,0.01,0.00%
,,"4,130",Redroo,Light & Wonder,Slot,"March, 2021",3,$0.72,$0.82,0.04,0.0,0.01,0.01,0.00%
,,"4,131",Chaoji Caishen,Eibic,Slot,"September, 2024",14,$1.12,$1.04,0.02,0.0,0.01,0.01,0.00%
,,"4,132",Fishing For Cash,High 5 Games,Slot,"June, 2023",9,$1.37,$1.27,0.01,0.0,0.01,0.01,0.00%
,,"4,133",Dragon Guard Jackpot Dash,High 5 Games,Slot,"August, 2023",12,$0.79,$0.71,0.04,0.0,0.01,0.01,0.00%
,,"4,134",Midnight Gold,Play N Go,Slot,"April, 2025",18,$1.01,$0.86,0.02,0.0,0.01,0.01,0.00%
,,"4,135",El Dorado Infinity Reels,Reel Play,Slot,"March, 2021",13,$1.22,$1.00,0.03,0.0,0.01,0.01,0.00%
,,"4,136",Fox Mayhem,Play N Go,Slot,"September, 2023",10,$1.16,$1.06,0.02,0.0,0.01,0.01,0.00%
,,"4,137",Glorious Diamonds,Everymatrix,Slot,"July, 2025",5,$1.22,$1.08,0.02,0.0,0.01,0.01,0.00%
,,"4,138",Huolong Valley,Light & Wonder,Slot,"March, 2021",5,$0.77,$0.61,0.05,0.0,0.01,0.01,0.00%
,,"4,139",Wild O Tron 3000,Evolution,Slot,"March, 2021",5,$1.12,$0.82,0.02,0.0,0.01,0.01,0.00%
,,"4,140",Wild Fire Riches,Ainsworth,Slot,"April, 2021",7,$1.17,$1.09,0.02,0.0,0.01,0.01,0.00%
,,"4,141",Tomb Of Mirrors,Oddsworks,Slot,"September, 2022",11,$1.25,$0.88,0.01,0.0,0.01,0.01,0.00%
,,"4,142",Mayan Gold,Ainsworth,Slot,"March, 2021",5,$1.56,$1.30,0.01,0.0,0.01,0.01,0.00%
,,"4,143",El Gran Chiguiro,Spinberry,Slot,"December, 2023",7,$1.35,$0.91,0.03,0.0,0.01,0.01,0.00%
,,"4,144",Tomb Of Gold,Play N Go,Slot,"June, 2024",15,$0.70,$0.67,0.03,0.0,0.01,0.01,0.00%
,,"4,145",Forgotten Treasures,Oddsworks,Slot,"March, 2025",15,$1.36,$1.15,0.01,0.0,0.01,0.01,0.00%
,,"4,146",Ultra Stack Showgirls,Aruze,Slot,"June, 2021",6,$1.78,$1.78,0.02,0.0,0.01,0.01,0.00%
,,"4,147",Mystic Manor,Aristocrat,Slot,"December, 2024",5,$3.59,$1.61,0.01,0.0,0.01,0.01,0.00%
,,"4,148",Love Joker,Play N Go,Slot,"January, 2023",3,$0.77,$0.76,0.02,0.0,0.01,0.01,0.00%
,,"4,149",Kringle Cash,Spearhead Studios,Slot,"December, 2024",4,$1.35,$1.30,0.01,0.0,0.01,0.01,0.00%
,,"4,150",Robin Hood Shifting Riches,Evolution,Slot,"March, 2021",5,$1.55,$0.55,0.03,0.0,0.01,0.01,0.00%
,,"4,151",Lara Jones Treasure Of Egypt 2,Spearhead Studios,Slot,"November, 2022",5,$1.86,$2.33,0.01,0.0,0.01,0.01,0.00%
,,"4,152",Fairy Gathering Thundershots,Playtech,Slot,"October, 2023",5,$1.08,$0.88,0.03,0.0,0.01,0.01,0.00%
,,"4,153",Million 777,Red Rake Gaming,Slot,"December, 2024",5,$2.25,$1.28,0.03,0.0,0.01,0.01,0.00%
,,"4,154",Arcane Reel Chaos,Evolution,Slot,"March, 2021",11,$0.97,$0.97,0.03,0.0,0.01,0.01,0.00%
,,"4,155",King Kokos Quest,Aristocrat,Slot,"November, 2022",5,$1.56,$1.04,0.04,0.0,0.01,0.01,0.00%
,,"4,156",Starlite Fruits,Games Global,Slot,"August, 2022",11,$0.41,$0.46,0.04,0.0,0.01,0.01,0.00%
,,"4,157",Trial By Fire,High 5 Games,Slot,"June, 2021",3,$0.94,$0.97,0.03,0.0,0.01,0.01,0.00%
,,"4,158",Bonanza Town Sheriff Sherry,Aruze,Slot,"February, 2023",7,$1.23,$1.10,0.03,0.0,0.01,0.01,0.00%
,,"4,159",Ways Of The Labyrinth,Oddsworks,Slot,"September, 2022",8,$1.46,$0.87,0.00,0.0,0.01,0.01,0.00%
,,"4,160",Wild West Bandits,Aristocrat,Slot,"January, 2025",6,$1.85,$1.80,0.02,0.0,0.01,0.01,0.00%
,,"4,161",Vikings Creed,Slotmill,Slot,"May, 2024",4,$0.78,$0.76,0.02,0.0,0.01,0.01,0.00%
,,"4,162",Kings Mask,Play N Go,Slot,"February, 2023",9,$1.23,$1.03,0.02,0.0,0.01,0.01,0.00%
,,"4,163",Lady Of The Dead Deluxe,Incredible Technologies,Slot,"October, 2021",12,$1.67,$1.18,0.01,0.0,0.01,0.01,0.00%
,,"4,164",Alices Mad Fortune,Spearhead Studios,Slot,"April, 2024",4,$1.54,$1.20,0.02,0.0,0.01,0.01,0.00%
,,"4,165",Mega Drop The Wilds,Aristocrat,Slot,"December, 2024",7,$1.10,$0.85,0.02,0.0,0.01,0.01,0.00%
,,"4,166",Genies Palace,High 5 Games,Slot,"March, 2021",7,$0.99,$0.89,0.02,0.0,0.01,0.01,0.00%
,,"4,167",Magic Wheel 7s,Ainsworth,Slot,"November, 2022",4,$2.95,$2.93,0.01,0.0,0.01,0.01,0.00%
,,"4,168",Rise Of Gods Reckoning,Play N Go,Slot,"February, 2023",4,$1.83,$0.88,0.04,0.0,0.01,0.01,0.00%
,,"4,169",Aztec Blox,Oddsworks,Slot,"October, 2022",12,$1.00,$0.87,0.03,0.0,0.01,0.01,0.00%
,,"4,170",Frozen Inferno,Light & Wonder,Slot,"March, 2021",4,$3.24,$2.12,0.02,0.0,0.01,0.01,0.00%
,,"4,171",Liyu Tiao Long Men,Boom Entertainment,Slot,"June, 2023",12,$1.11,$0.98,0.02,0.0,0.01,0.01,0.00%
,,"4,172",Bet The Set 21,Light & Wonder,Table Game,"September, 2021",7,$9.59,$4.57,0.02,0.0,0.01,0.00,0.00%
,,"4,173",Wonder Rose,Konami,Slot,"March, 2021",7,$1.28,$1.04,0.02,0.0,0.01,0.01,0.00%
,,"4,174",Pinata Blast Tapper,Greentube,Instant Win,"November, 2024",11,$1.10,$0.76,0.02,0.0,0.01,0.02,0.00%
,,"4,175",Makin Money,Bragg Gaming Group,Slot,"March, 2021",13,$1.13,$0.89,0.02,0.0,0.01,0.01,0.00%
,,"4,176",Rio Fever,Aristocrat,Slot,"April, 2022",7,$0.94,$0.92,0.03,0.0,0.01,0.01,0.00%
,,"4,177",Diamond Mystery Fruitilicious Deluxe,Greentube,Slot,"March, 2024",3,$1.36,$1.06,0.02,0.0,0.01,0.01,0.00%
,,"4,178",Arabian Rose,Ainsworth,Slot,"September, 2021",7,$1.89,$2.00,0.01,0.0,0.01,0.01,0.00%
,,"4,179",Legends Of Lucha Libre Superstars,Everi,Slot,"May, 2025",19,$1.27,$1.12,0.01,0.0,0.01,0.01,0.00%
,,"4,180",Prometheus Titan Of Fire,Fantasma Games,Slot,"January, 2023",5,$1.49,$1.15,0.02,0.0,0.01,0.01,0.00%
,,"4,181",Bee Frenzy,Playtech,Slot,"May, 2024",3,$0.67,$0.54,0.06,0.0,0.01,0.01,0.00%
,,"4,182",Monkey God,Kalamba Games,Slot,"June, 2023",3,$1.47,$1.20,0.01,0.0,0.01,0.01,0.00%
,,"4,183",Emeralds Of Oz,Aristocrat,Slot,"November, 2022",2,$0.86,$0.86,0.03,0.0,0.01,0.01,0.00%
,,"4,184",Wealth Inn,Oddsworks,Slot,"January, 2025",15,$0.93,$0.86,0.03,0.0,0.01,0.01,0.00%
,,"4,185",Rich Wilde And The Wandering City,Play N Go,Slot,"February, 2023",5,$1.48,$1.47,0.01,0.0,0.01,0.01,0.00%
,,"4,186",Ultra Stack Feature Tiki,Aruze,Slot,"June, 2025",5,$1.11,$1.24,0.05,0.0,0.01,0.01,0.00%
,,"4,187",Polar Wilds Arctic Circles,Igt,Slot,"February, 2024",4,$0.43,$0.36,0.03,0.0,0.01,0.01,0.00%
,,"4,188",Iron Bank,Relax Gaming,Slot,"June, 2024",3,$1.37,$1.36,0.03,0.0,0.01,0.01,0.00%
,,"4,189",Sovereign Lion,Konami,Slot,"August, 2022",4,$2.37,$1.96,0.02,0.0,0.01,0.01,0.00%
,,"4,190",Long Pao,Evolution,Slot,"July, 2024",12,$1.23,$1.26,0.03,0.0,0.01,0.01,0.00%
,,"4,191",Harlequin Wins,High 5 Games,Slot,"August, 2022",9,$0.72,$0.54,0.02,0.0,0.01,0.01,0.00%
,,"4,192",Renegades,Light & Wonder,Slot,"March, 2021",4,$2.66,$2.80,0.01,0.0,0.01,0.01,0.00%
,,"4,193",Age Of The Gods God Of Storms,Playtech,Slot,"June, 2024",8,$1.56,$0.92,0.02,0.0,0.01,0.01,0.00%
,,"4,194",Panda Gong,Ainsworth,Slot,"January, 2023",6,$3.50,$2.71,0.01,0.0,0.01,0.01,0.00%
,,"4,195",Legends Of The Tomb,High 5 Games,Slot,"September, 2021",4,$1.54,$1.25,0.02,0.0,0.01,0.01,0.00%
,,"4,196",Love And Rage Olympus,Greentube,Slot,"December, 2024",11,$2.88,$2.53,0.01,0.0,0.01,0.01,0.00%
,,"4,197",Wolf 500g,Aruze,Slot,"March, 2022",7,$0.84,$0.83,0.08,0.0,0.01,0.01,0.00%
,,"4,198",Secrets Of The Temple,Red Rake Gaming,Slot,"December, 2024",11,$1.29,$0.90,0.02,0.0,0.01,0.01,0.00%
,,"4,199",Fortuna Carnivale,Skillzz Gaming,Slot,"January, 2025",3,$1.94,$1.46,0.01,0.0,0.01,0.01,0.00%
,,"4,200",Merlin And The Ice Queen Morgana,Play N Go,Slot,"February, 2023",3,$0.89,$0.80,0.02,0.0,0.01,0.01,0.00%
,,"4,201",Viking Raid Zone,Oddsworks,Slot,"July, 2024",8,$1.06,$1.07,0.02,0.0,0.01,0.01,0.00%
,,"4,202",Djinn Of Storms,Playtech,Slot,"June, 2024",6,$0.58,$0.35,0.01,0.0,0.01,0.01,0.00%
,,"4,203",Mystery Fox,Aristocrat,Slot,"March, 2022",9,$3.66,$2.58,0.01,0.0,0.01,0.01,0.00%
,,"4,204",Safari Spirit,Ainsworth,Slot,"March, 2021",6,$1.54,$1.48,0.01,0.0,0.01,0.01,0.00%
,,"4,205",Galactic Invaders Swift Hits,Games Global,Slot,"October, 2024",7,$1.48,$0.55,0.02,0.0,0.01,0.01,0.00%
,,"4,206",Tales Of Camelot,Spinomenal,Slot,"May, 2025",2,$1.35,$1.35,0.03,0.0,0.01,0.01,0.00%
,,"4,207",Treasure Temple,Aristocrat,Slot,"September, 2023",6,$1.92,$0.73,0.01,0.0,0.01,0.01,0.00%
,,"4,208",Legacy Of Inca,Play N Go,Slot,"May, 2024",10,$2.23,$0.60,0.02,0.0,0.01,0.01,0.00%
,,"4,209",Dragons Keeper,High 5 Games,Slot,"April, 2022",4,$1.64,$1.25,0.01,0.0,0.01,0.01,0.00%
,,"4,210",Rock Paper Scissors Draw,1x2 Network,Instant Win,"August, 2024",14,$1.61,$1.29,0.02,0.0,0.01,0.02,0.00%
,,"4,211",Samurai Fury,Playtech,Slot,"May, 2025",16,$0.81,$0.74,0.02,0.0,0.01,0.01,0.00%
,,"4,212",Slashimi,Play N Go,Slot,"April, 2025",10,$1.00,$0.80,0.03,0.0,0.01,0.01,0.00%
,,"4,213",Alice In Vegasland,Aristocrat,Slot,"November, 2023",10,$0.77,$0.82,0.04,0.0,0.01,0.01,0.00%
,,"4,214",Grand Loot,Aristocrat,Slot,"August, 2022",5,$1.78,$1.97,0.02,0.0,0.01,0.01,0.00%
,,"4,215",Monopoly Utility Trails,Light & Wonder,Slot,"May, 2021",7,$0.95,$0.76,0.02,0.0,0.01,0.01,0.00%
,,"4,216",Shamaria,Betixon,Slot,"May, 2025",2,$2.20,$2.20,0.01,0.0,0.01,0.01,0.00%
,,"4,217",Wild Nights,Ainsworth,Slot,"March, 2021",2,$5.83,$5.83,0.00,0.0,0.01,0.01,0.00%
,,"4,218",Magic Stars 3,Wazdan,Slot,"February, 2023",9,$0.73,$0.45,0.07,0.0,0.01,0.01,0.00%
,,"4,219",11 Champions,Games Global,Slot,"August, 2021",13,$0.83,$0.75,0.02,0.0,0.01,0.01,0.00%
,,"4,220",Whispering Winds,Play N Go,Slot,"October, 2024",4,$1.26,$1.00,0.02,0.0,0.01,0.01,0.00%
,,"4,221",Treasure Of The Oracle,Oddsworks,Slot,"July, 2024",13,$1.04,$1.17,0.02,0.0,0.01,0.01,0.00%
,,"4,222",Gems Infinity Reels,Reel Play,Slot,"March, 2023",14,$1.58,$1.03,0.03,0.0,0.01,0.01,0.00%
,,"4,223",Titan Storm,Light & Wonder,Slot,"March, 2021",3,$1.59,$1.30,0.01,0.0,0.01,0.01,0.00%
,,"4,224",Flaming Chilies,Aruze,Slot,"March, 2022",3,$1.21,$1.31,0.05,0.0,0.01,0.01,0.00%
,,"4,225",Howling Treasures,Aristocrat,Slot,"July, 2024",3,$5.82,$7.25,0.00,0.0,0.01,0.01,0.00%
,,"4,226",Empress Of The Nile,High 5 Games,Slot,"March, 2021",3,$0.78,$0.67,0.03,0.0,0.01,0.01,0.00%
,,"4,227",Wild Portals,Evolution,Slot,"August, 2022",8,$2.82,$1.28,0.01,0.0,0.01,0.01,0.00%
,,"4,228",Three Graces,High 5 Games,Slot,"March, 2021",4,$1.58,$1.49,0.01,0.0,0.01,0.01,0.00%
,,"4,229",Spartan Fire,Light & Wonder,Slot,"July, 2021",7,$1.28,$1.45,0.01,0.0,0.01,0.01,0.00%
,,"4,230",Potion Payday,High 5 Games,Slot,"January, 2022",6,$0.78,$0.82,0.02,0.0,0.01,0.01,0.00%
,,"4,231",You Are The One,Spinberry,Slot,"February, 2025",8,$1.43,$1.02,0.01,0.0,0.01,0.01,0.00%
,,"4,232",Raging Storms,Igt,Slot,"March, 2021",10,$1.12,$0.87,0.02,0.0,0.01,0.01,0.00%
,,"4,233",Sanctuary,Evolution,Slot,"February, 2024",13,$1.77,$0.87,0.01,0.0,0.01,0.01,0.00%
,,"4,234",Poseidons Rising,Spinomenal,Slot,"April, 2025",2,$4.50,$4.50,0.01,0.0,0.01,0.01,0.00%
,,"4,235",Ultra Rush Divine Protector,Incredible Technologies,Slot,"December, 2023",12,$1.84,$1.53,0.01,0.0,0.01,0.01,0.00%
,,"4,236",Royal Legacy,Ainsworth,Slot,"December, 2023",5,$2.73,$2.05,0.01,0.0,0.01,0.01,0.00%
,,"4,237",Monkeys Journey,Oddsworks,Slot,"November, 2024",11,$1.26,$1.19,0.00,0.0,0.01,0.01,0.00%
,,"4,238",Cougar Cash,Ainsworth,Slot,"February, 2022",7,$1.55,$1.08,0.02,0.0,0.01,0.01,0.00%
,,"4,239",Jacks Beanstalk,Light & Wonder,Slot,"March, 2021",9,$2.86,$1.01,0.01,0.0,0.01,0.01,0.00%
,,"4,240",East Sea Dragon King,Evolution,Slot,"August, 2024",18,$0.92,$0.76,0.03,0.0,0.01,0.01,0.00%
,,"4,241",Wolfheart,Oddsworks,Slot,"December, 2022",11,$1.83,$1.35,0.01,0.0,0.01,0.01,0.00%
,,"4,242",Silver Enchantress Extreme,High 5 Games,Slot,"March, 2021",3,$0.38,$0.20,0.04,0.0,0.01,0.01,0.00%
,,"4,243",Fortunium,Games Global,Slot,"August, 2021",10,$1.32,$1.41,0.02,0.0,0.01,0.01,0.00%
,,"4,244",Treasure Hunt,Igt,Slot,"September, 2022",19,$0.84,$0.79,0.02,0.0,0.01,0.01,0.00%
,,"4,245",Blazing X Asia,Light & Wonder,Slot,"March, 2021",5,$2.34,$1.39,0.01,0.0,0.01,0.01,0.00%
,,"4,246",Mayan Eagle,Games Global,Slot,"August, 2021",12,$0.94,$0.87,0.04,0.0,0.01,0.01,0.00%
,,"4,247",Dragons Disciple,Oddsworks,Slot,"October, 2024",16,$1.98,$1.53,0.01,0.0,0.01,0.01,0.00%
,,"4,248",Kraken Conquest,Oddsworks,Slot,"August, 2022",16,$1.19,$1.00,0.01,0.0,0.01,0.01,0.00%
,,"4,249",Shamrock Surprise,Spearhead Studios,Slot,"March, 2024",6,$1.45,$1.30,0.01,0.0,0.01,0.01,0.00%
,,"4,250",Fiery Kirin,Oddsworks,Slot,"August, 2022",10,$1.11,$0.97,0.02,0.0,0.01,0.01,0.00%
,,"4,251",Multi Rise Video Poker Deuces Wild,Oddsworks,Video Poker,"October, 2023",2,$1.33,$1.33,0.03,0.0,0.01,0.01,0.00%
,,"4,252",Stumpy Mcdoodles 2,Games Global,Slot,"March, 2023",11,$1.55,$1.24,0.01,0.0,0.01,0.01,0.00%
,,"4,253",Spin N Hit,Aristocrat,Slot,"July, 2022",5,$0.83,$0.87,0.03,0.0,0.01,0.01,0.00%
,,"4,254",Hotel Yeti Way,Play N Go,Slot,"July, 2023",2,$0.83,$0.83,0.02,0.0,0.01,0.01,0.00%
,,"4,255",Stallion Strike,Playtech,Slot,"May, 2023",6,$1.01,$0.92,0.03,0.0,0.01,0.01,0.00%
,,"4,256",Frankie Dettoris Magic Seven,Playtech,Slot,"December, 2021",3,$0.80,$0.94,0.03,0.0,0.01,0.01,0.00%
,,"4,257",Reel Hot 7s Fruit,Ainsworth,Slot,"August, 2021",4,$1.74,$1.41,0.01,0.0,0.01,0.01,0.00%
,,"4,258",Jade Shuriken,Games Global,Slot,"March, 2023",10,$1.06,$0.71,0.01,0.0,0.01,0.01,0.00%
,,"4,259",Pyramids Of Luxor,Crucible Gaming,Slot,"May, 2025",12,$1.57,$1.35,0.01,0.0,0.01,0.01,0.00%
,,"4,260",Cash Squares Instant Tap,Light & Wonder,Instant Win,"January, 2023",4,$0.76,$0.73,0.03,0.0,0.01,0.02,0.00%
,,"4,261",Balls Of Fire,Spinberry,Slot,"June, 2024",7,$0.98,$0.82,0.03,0.0,0.01,0.01,0.00%
,,"4,262",Candy Blasted,High 5 Games,Slot,"February, 2022",2,$0.59,$0.59,0.05,0.0,0.01,0.01,0.00%
,,"4,263",Joker Diamond,Aristocrat,Slot,"November, 2023",7,$1.30,$1.23,0.02,0.0,0.01,0.01,0.00%
,,"4,264",Jaguar Princess Ways,High 5 Games,Slot,"January, 2022",7,$2.75,$2.01,0.01,0.0,0.01,0.01,0.00%
,,"4,265",Ultra Stack Feature Africa,Aruze,Slot,"January, 2022",9,$1.62,$1.31,0.02,0.0,0.01,0.01,0.00%
,,"4,266",Split To Double Blackjack,Oddsworks,Table Game,"August, 2024",6,$20.33,$16.29,0.01,0.0,0.01,0.00,0.00%
,,"4,267",Smoking Hot Fortunes,1x2 Network,Slot,"March, 2025",5,$0.71,$0.63,0.02,0.0,0.01,0.01,0.00%
,,"4,268",Arabian Deserts,Oddsworks,Slot,"April, 2025",13,$1.31,$1.12,0.01,0.0,0.01,0.01,0.00%
,,"4,269",Wonder Hounds,Light & Wonder,Slot,"March, 2021",7,$1.74,$1.13,0.03,0.0,0.01,0.01,0.00%
,,"4,270",Great Western Express 3,Relax Gaming,Slot,"December, 2024",9,$1.19,$0.95,0.02,0.0,0.01,0.01,0.00%
,,"4,271",Bonanza Town Sheriff Sam,Aruze,Slot,"February, 2023",7,$1.07,$0.88,0.02,0.0,0.01,0.01,0.00%
,,"4,272",Safari Of Wealth,Play N Go,Slot,"February, 2023",10,$1.39,$0.81,0.02,0.0,0.01,0.01,0.00%
,,"4,273",Legacy Of Dynasties,Play N Go,Slot,"January, 2024",5,$1.29,$1.00,0.01,0.0,0.01,0.01,0.00%
,,"4,274",Tales Of Mithrune Syns Fortune,Play N Go,Slot,"April, 2024",8,$1.25,$1.12,0.02,0.0,0.01,0.01,0.00%
,,"4,275",Dave Lame Bad Magician,Light & Wonder,Slot,"April, 2022",5,$1.16,$1.12,0.02,0.0,0.01,0.01,0.00%
,,"4,276",Attack On Retro,Games Global,Slot,"August, 2021",10,$1.15,$1.23,0.02,0.0,0.01,0.01,0.00%
,,"4,277",Wildtastic Beasts,Oddsworks,Slot,"April, 2025",9,$2.26,$2.53,0.01,0.0,0.01,0.01,0.00%
,,"4,278",Eagle Strike,1x2 Network,Slot,"April, 2024",5,$1.62,$0.99,0.01,0.0,0.01,0.01,0.00%
,,"4,279",Canine Carnage,Play N Go,Slot,"May, 2024",6,$1.09,$1.12,0.02,0.0,0.01,0.01,0.00%
,,"4,280",Heavy Metal Wilds,Spinberry,Slot,"October, 2023",5,$1.42,$1.53,0.01,0.0,0.01,0.01,0.00%
,,"4,281",Power Of Gods Egypt,Wazdan,Slot,"June, 2023",6,$1.23,$0.70,0.06,0.0,0.01,0.01,0.00%
,,"4,282",King Of The Trident,Aristocrat,Slot,"October, 2021",8,$1.56,$1.09,0.01,0.0,0.01,0.01,0.00%
,,"4,283",Griffins Quest,Kalamba Games,Slot,"June, 2023",5,$1.14,$1.34,0.01,0.0,0.01,0.01,0.00%
,,"4,284",Reel Joke,Wazdan,Slot,"June, 2023",6,$1.20,$0.75,0.02,0.0,0.01,0.01,0.00%
,,"4,285",Spirit Of The River,Light & Wonder,Slot,"March, 2022",4,$2.68,$2.51,0.01,0.0,0.01,0.01,0.00%
,,"4,286",Kalahari Safari,Light & Wonder,Slot,"August, 2021",8,$1.14,$1.04,0.02,0.0,0.01,0.01,0.00%
,,"4,287",Crab Attack,Betixon,Slot,"July, 2025",2,$1.41,$1.41,0.01,0.0,0.01,0.01,0.00%
,,"4,288",Beer Stein Bears,Spearhead Studios,Slot,"November, 2024",5,$1.94,$2.09,0.01,0.0,0.01,0.01,0.00%
,,"4,289",Faith,Aristocrat,Slot,"August, 2022",4,$2.43,$1.29,0.01,0.0,0.01,0.01,0.00%
,,"4,290",Hot Hot Fruit,Oddsworks,Slot,"January, 2025",13,$0.90,$0.79,0.01,0.0,0.01,0.01,0.00%
,,"4,291",Safari Heat,Playtech,Slot,"August, 2021",4,$1.08,$1.05,0.03,0.0,0.01,0.01,0.00%
,,"4,292",Paradise Ticket,Bragg Gaming Group,Slot,"April, 2023",10,$1.40,$1.06,0.02,0.0,0.01,0.01,0.00%
,,"4,293",Fire Vs Ice,Aristocrat,Slot,"August, 2024",4,$1.14,$1.24,0.01,0.0,0.01,0.01,0.00%
,,"4,294",Royal Fortunes,Bragg Gaming Group,Slot,"February, 2023",11,$2.05,$0.95,0.01,0.0,0.01,0.01,0.00%
,,"4,295",Piranha Pays,Play N Go,Slot,"June, 2024",4,$0.60,$0.65,0.02,0.0,0.01,0.01,0.00%
,,"4,296",Wild Force Frosty Win,Oddsworks,Slot,"July, 2024",13,$1.02,$0.69,0.02,0.0,0.01,0.01,0.00%
,,"4,297",Desert Hawk,Ainsworth,Slot,"February, 2022",6,$1.58,$1.56,0.02,0.0,0.01,0.01,0.00%
,,"4,298",The Great Tiki,Aruze,Slot,"June, 2024",3,$1.64,$1.39,0.01,0.0,0.01,0.01,0.00%
,,"4,299",Dinero Loco Deluxe,Incredible Technologies,Slot,"August, 2023",13,$1.17,$1.15,0.01,0.0,0.01,0.01,0.00%
,,"4,300",Highway Legends,Play N Go,Slot,"June, 2025",6,$1.29,$1.27,0.02,0.0,0.01,0.01,0.00%
,,"4,301",Trinity Impact,Play N Go,Slot,"February, 2025",13,$0.84,$0.61,0.02,0.0,0.01,0.01,0.00%
,,"4,302",Gold Of Thora,Oddsworks,Slot,"July, 2024",16,$1.14,$0.98,0.02,0.0,0.01,0.01,0.00%
,,"4,303",Dyn A Miners,Igt,Slot,"July, 2023",16,$0.91,$0.73,0.02,0.0,0.01,0.01,0.00%
,,"4,304",Aesir Treasures,Aristocrat,Slot,"September, 2024",2,$1.23,$1.23,0.01,0.0,0.01,0.01,0.00%
,,"4,305",Fox Fire,High 5 Games,Slot,"March, 2021",4,$0.72,$0.84,0.02,0.0,0.01,0.01,0.00%
,,"4,306",Red Panda Rising,Spearhead Studios,Slot,"May, 2024",8,$1.86,$1.84,0.01,0.0,0.01,0.01,0.00%
,,"4,307",Xi You Ji,Aristocrat,Slot,"July, 2022",6,$1.82,$1.72,0.01,0.0,0.01,0.01,0.00%
,,"4,308",Oceans Opulence,High 5 Games,Slot,"November, 2021",11,$0.94,$0.93,0.01,0.0,0.01,0.01,0.00%
,,"4,309",Lawless Love,High 5 Games,Slot,"March, 2021",3,$0.81,$0.80,0.02,0.0,0.01,0.01,0.00%
,,"4,310",Secrets Of The Festival,High 5 Games,Slot,"January, 2022",9,$1.25,$1.00,0.02,0.0,0.01,0.01,0.00%
,,"4,311",Wild West Wilds,Playtech,Slot,"May, 2023",5,$1.08,$1.10,0.02,0.0,0.01,0.01,0.00%
,,"4,312",Sky Ball King Of Bling,Incredible Technologies,Slot,"January, 2024",12,$1.34,$1.31,0.01,0.0,0.01,0.01,0.00%
,,"4,313",Alpha Gold,Bragg Gaming Group,Slot,"July, 2024",12,$1.26,$1.26,0.01,0.0,0.01,0.01,0.00%
,,"4,314",Emperors Lucky Stars,Ainsworth,Slot,"February, 2023",6,$2.13,$1.52,0.01,0.0,0.01,0.01,0.00%
,,"4,315",Eagle Dollar,Ainsworth,Slot,"September, 2022",6,$2.48,$1.86,0.01,0.0,0.01,0.01,0.00%
,,"4,316",Cyber Wildz,Greentube,Slot,"August, 2023",5,$1.14,$1.22,0.01,0.0,0.01,0.01,0.00%
,,"4,317",Candy Mine,Light & Wonder,Slot,"August, 2024",3,$2.29,$1.53,0.01,0.0,0.01,0.01,0.00%
,,"4,318",Giant Riches,Oddsworks,Slot,"December, 2022",12,$1.20,$1.07,0.01,0.0,0.01,0.01,0.00%
,,"4,319",Howdy Cupid,Greentube,Slot,"April, 2025",11,$1.17,$1.10,0.00,0.0,0.01,0.01,0.00%
,,"4,320",Three Samurai,Slotmill,Slot,"March, 2024",6,$1.16,$0.90,0.03,0.0,0.01,0.01,0.00%
,,"4,321",Magic Fruits Deluxe,Wazdan,Slot,"June, 2023",5,$1.21,$1.16,0.07,0.0,0.01,0.01,0.00%
,,"4,322",King Of 3 Kingdoms,Evolution,Slot,"September, 2024",18,$1.08,$0.92,0.03,0.0,0.01,0.01,0.00%
,,"4,323",Olympus Fury,Skillzz Gaming,Slot,"October, 2024",3,$0.86,$0.79,0.02,0.0,0.01,0.01,0.00%
,,"4,324",The Legend Of Ching Shih,Oddsworks,Slot,"July, 2023",13,$2.12,$1.09,0.01,0.0,0.01,0.01,0.00%
,,"4,325",Road To Riches Free Spins,Light & Wonder,Slot,"March, 2021",6,$0.92,$0.72,0.03,0.0,0.01,0.01,0.00%
,,"4,326",Milky Ways,Evolution,Slot,"October, 2024",17,$1.26,$0.76,0.01,0.0,0.01,0.01,0.00%
,,"4,327",Action Bank Plus,Light & Wonder,Slot,"June, 2021",10,$0.61,$0.49,0.06,0.0,0.01,0.01,0.00%
,,"4,328",Flaming Fuse Zodiac,Incredible Technologies,Slot,"December, 2021",14,$1.49,$1.19,0.01,0.0,0.01,0.01,0.00%
,,"4,329",Jack In The Box,Aristocrat,Slot,"June, 2022",5,$2.70,$1.43,0.01,0.0,0.01,0.01,0.00%
,,"4,330",Druidess Gold,Light & Wonder,Slot,"March, 2021",7,$1.57,$1.01,0.01,0.0,0.01,0.01,0.00%
,,"4,331",15 Armadillos,Spearhead Studios,Slot,"November, 2022",5,$0.99,$1.00,0.01,0.0,0.01,0.01,0.00%
,,"4,332",Secrets Of The Queen,Aristocrat,Slot,"October, 2024",6,$0.80,$0.70,0.01,0.0,0.01,0.01,0.00%
,,"4,333",Puebla Parade,Play N Go,Slot,"August, 2023",5,$0.48,$0.15,0.08,0.0,0.01,0.01,0.00%
,,"4,334",Foxin Wins Again,Light & Wonder,Instant Win,"March, 2021",3,$1.29,$0.97,0.03,0.0,0.01,0.01,0.00%
,,"4,335",Nemos Voyage,Light & Wonder,Slot,"March, 2021",2,$0.64,$0.64,0.03,0.0,0.01,0.01,0.00%
,,"4,336",Woolly Wilds Max,Games Global,Slot,"March, 2024",5,$1.26,$1.08,0.02,0.0,0.01,0.01,0.00%
,,"4,337",Hit N Miss,Light & Wonder,Instant Win,"October, 2022",20,$1.62,$0.61,0.02,0.0,0.01,0.01,0.00%
,,"4,338",The Thunderer,Aristocrat,Slot,"September, 2023",6,$1.77,$1.13,0.02,0.0,0.01,0.01,0.00%
,,"4,339",Vivaldis Seasons,High 5 Games,Slot,"March, 2021",3,$0.79,$0.41,0.01,0.0,0.01,0.01,0.00%
,,"4,340",Joker Classic,Spearhead Studios,Slot,"November, 2023",10,$1.05,$0.62,0.02,0.0,0.01,0.01,0.00%
,,"4,341",Wishwood,Igt,Slot,"March, 2021",7,$0.86,$0.73,0.02,0.0,0.01,0.01,0.00%
,,"4,342",Crystal Sun,Play N Go,Slot,"July, 2022",8,$1.01,$0.95,0.02,0.0,0.01,0.01,0.00%
,,"4,343",Sharkys Choices Win Ways,Greentube,Slot,"March, 2024",8,$0.95,$0.82,0.01,0.0,0.01,0.01,0.00%
,,"4,344",Scratch Medusa,Light & Wonder,Lottery,"March, 2021",4,$0.10,$0.09,0.21,0.0,0.01,0.00,0.00%
,,"4,345",Rich Wilde And The Shield Of Athena,Play N Go,Slot,"February, 2023",5,$1.14,$0.96,0.01,0.0,0.01,0.01,0.00%
,,"4,346",Franksylvania,Spearhead Studios,Slot,"December, 2023",6,$1.39,$1.43,0.01,0.0,0.01,0.01,0.00%
,,"4,347",Lots Of Likes,Igt,Slot,"September, 2023",11,$0.71,$0.56,0.02,0.0,0.01,0.01,0.00%
,,"4,348",Phoenix Gold,Aristocrat,Slot,"June, 2022",9,$1.69,$1.00,0.02,0.0,0.01,0.01,0.00%
,,"4,349",Derby Dash,High 5 Games,Slot,"May, 2023",11,$0.76,$0.76,0.01,0.0,0.01,0.01,0.00%
,,"4,350",Legion Gold Unleashed,Play N Go,Slot,"June, 2024",4,$2.05,$0.62,0.01,0.0,0.01,0.01,0.00%
,,"4,351",Fruits Fantasy,Aruze,Slot,"February, 2023",4,$2.01,$2.03,0.02,0.0,0.01,0.01,0.00%
,,"4,352",Stellar Bounties,Everi,Arcade,"November, 2024",23,$7.53,$6.40,0.00,0.0,0.01,0.00,0.00%
,,"4,353",Gameshow Glory,High 5 Games,Slot,"November, 2022",10,$1.41,$0.85,0.01,0.0,0.01,0.01,0.00%
,,"4,354",Sultans Palace Fortune,Aristocrat,Slot,"March, 2024",10,$1.13,$0.72,0.01,0.0,0.01,0.01,0.00%
,,"4,355",Classic Fortunes,King Show Games,Slot,"March, 2023",14,$1.09,$0.89,0.01,0.0,0.01,0.01,0.00%
,,"4,356",Jungle Jim El Dorado,Games Global,Slot,"August, 2021",11,$1.02,$0.81,0.01,0.0,0.01,0.01,0.00%
,,"4,357",Graveyard Gang,Spearhead Studios,Slot,"October, 2024",6,$1.93,$1.20,0.00,0.0,0.01,0.01,0.00%
,,"4,358",Thunderstruck Ii,Games Global,Slot,"August, 2021",3,$1.02,$1.08,0.02,0.0,0.01,0.01,0.00%
,,"4,359",Hot Wild 7s,Aristocrat,Slot,"July, 2022",8,$1.02,$0.93,0.01,0.0,0.01,0.01,0.00%
,,"4,360",Cyber Attack,Evolution,Slot,"February, 2024",9,$1.15,$0.75,0.01,0.0,0.01,0.01,0.00%
,,"4,361",Celinderella,Spearhead Studios,Slot,"October, 2024",4,$1.10,$1.02,0.01,0.0,0.01,0.01,0.00%
,,"4,362",Wild Fortunes,Aristocrat,Slot,"October, 2022",5,$0.83,$0.75,0.02,0.0,0.01,0.01,0.00%
,,"4,363",Rio Riches,Ainsworth,Slot,"March, 2021",2,$0.91,$0.91,0.01,0.0,0.01,0.01,0.00%
,,"4,364",The Great Albini,Games Global,Slot,"November, 2022",11,$1.25,$0.84,0.02,0.0,0.01,0.01,0.00%
,,"4,365",Majestic North,Aristocrat,Slot,"February, 2024",7,$2.50,$2.71,0.01,0.0,0.01,0.01,0.00%
,,"4,366",Hot 4 Cash,Evolution,Slot,"January, 2025",12,$1.37,$0.64,0.01,0.0,0.01,0.01,0.00%
,,"4,367",Carnival Of Calacas,Aristocrat,Slot,"February, 2025",6,$1.01,$1.17,0.02,0.0,0.01,0.01,0.00%
,,"4,368",Aztec Temple Treasures,Oddsworks,Slot,"August, 2022",14,$1.17,$0.89,0.01,0.0,0.01,0.01,0.00%
,,"4,369",Magic Stars 9,Wazdan,Slot,"June, 2023",5,$1.60,$0.75,0.01,0.0,0.01,0.01,0.00%
,,"4,370",Aladdins Rollover Respins,Spearhead Studios,Slot,"October, 2023",8,$1.16,$1.03,0.01,0.0,0.01,0.01,0.00%
,,"4,371",Kitsunes Scrolls,Spinomenal,Slot,"April, 2025",2,$2.03,$2.03,0.01,0.0,0.01,0.01,0.00%
,,"4,372",Fortune Dragons,Aristocrat,Slot,"June, 2022",6,$1.23,$1.08,0.02,0.0,0.01,0.01,0.00%
,,"4,373",Enchanting Spells,Oddsworks,Slot,"October, 2022",13,$1.55,$1.04,0.01,0.0,0.01,0.01,0.00%
,,"4,374",Charmstones,High 5 Games,Slot,"May, 2022",14,$1.15,$0.91,0.01,0.0,0.01,0.01,0.00%
,,"4,375",Wild Showdown,Light & Wonder,Slot,"November, 2022",16,$2.19,$1.21,0.01,0.0,0.01,0.01,0.00%
,,"4,376",Hansel And Gretel Treasure Trail,Oddsworks,Slot,"June, 2023",10,$1.46,$1.08,0.01,0.0,0.01,0.01,0.00%
,,"4,377",Winner Of The West Deluxe,Incredible Technologies,Slot,"August, 2023",12,$1.67,$1.33,0.01,0.0,0.01,0.01,0.00%
,,"4,378",Bravo Mission First Strike,Light & Wonder,Slot,"July, 2024",3,$1.09,$0.95,0.01,0.0,0.01,0.01,0.00%
,,"4,379",Rome The Conquerors,Peter & Sons,Slot,"March, 2023",6,$1.01,$1.10,0.01,0.0,0.01,0.01,0.00%
,,"4,380",Book Of Itza,Aristocrat,Slot,"January, 2025",2,$1.15,$1.15,0.01,0.0,0.01,0.01,0.00%
,,"4,381",Wings Of Riches,Evolution,Slot,"March, 2021",4,$0.54,$0.51,0.04,0.0,0.01,0.01,0.00%
,,"4,382",Knights Of Avalon,Evolution,Slot,"December, 2023",13,$1.08,$0.63,0.01,0.0,0.01,0.01,0.00%
,,"4,383",Reign Of The Mountain King,Light & Wonder,Slot,"May, 2022",20,$1.26,$0.75,0.01,0.0,0.01,0.01,0.00%
,,"4,384",Lady Helsing,High 5 Games,Slot,"March, 2021",3,$0.85,$0.66,0.02,0.0,0.01,0.01,0.00%
,,"4,385",King Of The Jungle,Ainsworth,Slot,"March, 2021",3,$1.06,$1.00,0.01,0.0,0.01,0.01,0.00%
,,"4,386",Old Mac Dollars,High 5 Games,Slot,"December, 2023",16,$0.79,$0.59,0.02,0.0,0.01,0.01,0.00%
,,"4,387",China Gold,Ainsworth,Slot,"January, 2023",3,$0.97,$0.90,0.01,0.0,0.01,0.01,0.00%
,,"4,388",Great Western Express 2,Relax Gaming,Slot,"May, 2024",6,$0.80,$0.72,0.04,0.0,0.01,0.01,0.00%
,,"4,389",Olympus 4,Aristocrat,Slot,"May, 2024",4,$0.76,$0.73,0.02,0.0,0.01,0.01,0.00%
,,"4,390",Goddess Of Fortunes,Aristocrat,Slot,"July, 2022",5,$1.63,$1.47,0.01,0.0,0.01,0.01,0.00%
,,"4,391",Strolling Staxx Cubic Fruits,Evolution,Slot,"August, 2024",12,$1.85,$1.02,0.00,0.0,0.01,0.01,0.00%
,,"4,392",Astronaut,Evolution,Slot,"February, 2024",8,$0.96,$0.74,0.02,0.0,0.01,0.01,0.00%
,,"4,393",Shield Of Power,Konami,Slot,"August, 2022",6,$1.70,$1.36,0.01,0.0,0.01,0.01,0.00%
,,"4,394",Madame Voodoo,Aristocrat,Slot,"June, 2023",5,$0.75,$0.71,0.02,0.0,0.01,0.01,0.00%
,,"4,395",Ring Of Odin,Play N Go,Slot,"January, 2023",5,$1.27,$1.60,0.01,0.0,0.01,0.01,0.00%
,,"4,396",Hula Magic,Aristocrat,Slot,"April, 2023",5,$0.52,$0.45,0.02,0.0,0.01,0.01,0.00%
,,"4,397",Kyoto Warrior,Ainsworth,Slot,"July, 2023",5,$1.45,$1.15,0.00,0.0,0.01,0.01,0.00%
,,"4,398",Amber Sterlings Mystic Shrine,Games Global,Slot,"August, 2021",8,$0.80,$0.85,0.02,0.0,0.01,0.01,0.00%
,,"4,399",Trilux Blackjack,Light & Wonder,Table Game,"September, 2024",3,$13.39,$14.37,0.01,0.1,0.01,0.00,0.00%
,,"4,400",Rocket Man,High 5 Games,Slot,"March, 2021",3,$1.50,$0.99,0.01,0.0,0.01,0.01,0.00%
,,"4,401",Fortune Cookie Fortunes,Konquer,Instant Win,"July, 2024",16,$1.30,$1.27,0.01,0.0,0.01,0.01,0.00%
,,"4,402",Sword Of Destiny,Light & Wonder,Slot,"March, 2021",5,$1.52,$1.44,0.01,0.0,0.01,0.01,0.00%
,,"4,403",Ultra Stack Egypt,Aruze,Slot,"March, 2022",6,$1.11,$1.09,0.02,0.0,0.01,0.01,0.00%
,,"4,404",Sheik Yer Money,Light & Wonder,Slot,"March, 2021",6,$1.62,$1.68,0.01,0.0,0.01,0.01,0.00%
,,"4,405",Iron County Outlaw,Games Global,Slot,"January, 2024",11,$0.88,$0.69,0.01,0.0,0.01,0.01,0.00%
,,"4,406",Kingdoms Edge,Light & Wonder,Slot,"March, 2021",5,$0.92,$1.18,0.03,0.0,0.01,0.01,0.00%
,,"4,407",Hao Yun Treasures,Ainsworth,Slot,"December, 2023",7,$1.42,$1.41,0.01,0.0,0.01,0.01,0.00%
,,"4,408",Hot Hot Honey Rollover Respins,Everymatrix,Slot,"June, 2024",4,$1.05,$0.83,0.01,0.0,0.01,0.01,0.00%
,,"4,409",Wild Krakatoa,Oddsworks,Slot,"June, 2023",8,$1.18,$1.13,0.01,0.0,0.01,0.01,0.00%
,,"4,410",Juicy Riches,Greentube,Slot,"March, 2023",8,$0.73,$0.68,0.01,0.0,0.01,0.01,0.00%
,,"4,411",Western Champions,High 5 Games,Slot,"March, 2021",3,$1.97,$0.86,0.01,0.0,0.01,0.01,0.00%
,,"4,412",Tritons Fortune,Games Global,Slot,"October, 2022",9,$1.41,$1.27,0.00,0.0,0.01,0.01,0.00%
,,"4,413",Tractor Beam,Evolution,Slot,"April, 2025",16,$0.91,$0.64,0.02,0.0,0.01,0.01,0.00%
,,"4,414",Space Wars,Evolution,Slot,"March, 2021",5,$2.08,$1.83,0.01,0.0,0.01,0.01,0.00%
,,"4,415",Holiday Spirits,Play N Go,Slot,"December, 2022",6,$0.74,$0.55,0.02,0.0,0.01,0.01,0.00%
,,"4,416",Great Emperor,Greentube,Slot,"October, 2021",10,$1.23,$1.29,0.01,0.0,0.01,0.01,0.00%
,,"4,417",Grand Pepper Party,Aristocrat,Slot,"November, 2024",2,$1.63,$1.63,0.01,0.0,0.01,0.01,0.00%
,,"4,418",Ghostbusters Spectral Search,Igt,Instant Win,"March, 2021",3,$3.77,$3.68,0.00,0.0,0.01,0.01,0.00%
,,"4,419",Book Of Souls Ii El Dorado,Spearhead Studios,Slot,"March, 2022",8,$0.84,$0.53,0.02,0.0,0.01,0.01,0.00%
,,"4,420",Pearls Of India,Play N Go,Slot,"July, 2023",4,$1.05,$0.98,0.01,0.0,0.01,0.01,0.00%
,,"4,421",Undefeated Xerxes,Play N Go,Slot,"May, 2024",8,$1.46,$1.04,0.01,0.0,0.01,0.01,0.00%
,,"4,422",Jesters Wilds,1x2 Network,Slot,"June, 2024",5,$0.93,$0.72,0.01,0.0,0.01,0.01,0.00%
,,"4,423",Super Striker,Evolution,Slot,"March, 2021",6,$0.96,$0.60,0.02,0.0,0.01,0.01,0.00%
,,"4,424",Defenders Of The Realm,High 5 Games,Slot,"March, 2021",3,$1.90,$0.22,0.05,0.0,0.01,0.01,0.00%
,,"4,425",Scroll Of Seth,Play N Go,Slot,"October, 2023",4,$0.92,$0.98,0.02,0.0,0.01,0.01,0.00%
,,"4,426",Fruit Hot Bonanza,Spearhead Studios,Slot,"June, 2024",5,$0.91,$1.05,0.01,0.0,0.01,0.01,0.00%
,,"4,427",Mythical Riches,Spinberry,Slot,"November, 2023",8,$1.08,$0.77,0.01,0.0,0.01,0.01,0.00%
,,"4,428",The Funky Boombox,Aristocrat,Slot,"January, 2024",4,$1.13,$1.08,0.01,0.0,0.01,0.01,0.00%
,,"4,429",Icy Fruits 10,Spinberry,Slot,"July, 2023",6,$0.63,$0.45,0.01,0.0,0.01,0.01,0.00%
,,"4,430",Scrolls Of Aphrodite,Aristocrat,Slot,"November, 2022",2,$1.77,$1.77,0.01,0.0,0.01,0.01,0.00%
,,"4,431",Lucid Fruits,Betixon,Slot,"May, 2024",2,$0.76,$0.76,0.01,0.0,0.01,0.01,0.00%
,,"4,432",Cherry 8,Crucible Gaming,Slot,"November, 2024",13,$0.84,$0.96,0.01,0.0,0.01,0.01,0.00%
,,"4,433",Jade Tiger,Ainsworth,Slot,"April, 2021",6,$1.07,$1.02,0.01,0.0,0.01,0.01,0.00%
,,"4,434",Baker Street Detectives,Oddsworks,Slot,"December, 2023",8,$1.15,$0.86,0.01,0.0,0.01,0.01,0.00%
,,"4,435",Viking Reign,Ainsworth,Slot,"March, 2021",4,$1.29,$1.22,0.01,0.0,0.01,0.01,0.00%
,,"4,436",Hooties Fortune,High 5 Games,Slot,"March, 2022",11,$0.69,$0.54,0.01,0.0,0.01,0.01,0.00%
,,"4,437",Crack The Code  Instant Tap,Light & Wonder,Instant Win,"January, 2023",5,$0.90,$0.34,0.01,0.0,0.01,0.01,0.00%
,,"4,438",Chain Beat,Eibic,Slot,"March, 2021",4,$1.75,$1.63,0.00,0.0,0.01,0.01,0.00%
,,"4,439",Its Lit,Ainsworth,Slot,"July, 2023",5,$2.36,$2.29,0.01,0.0,0.00,0.01,0.00%
,,"4,440",Reel Holidays,Oddsworks,Slot,"December, 2022",5,$0.76,$0.52,0.01,0.0,0.00,0.01,0.00%
,,"4,441",Sugar Frenzy Cherry Wheel,Ainsworth,Slot,"August, 2024",5,$1.22,$1.52,0.01,0.0,0.00,0.01,0.00%
,,"4,442",Acorn Pixie,Light & Wonder,Slot,"March, 2021",4,$2.00,$1.98,0.01,0.0,0.00,0.01,0.00%
,,"4,443",Hot Blox,High 5 Games,Slot,"March, 2021",2,$0.29,$0.29,0.05,0.0,0.00,0.01,0.00%
,,"4,444",Star Candy,Greentube,Slot,"December, 2022",2,$0.98,$0.98,0.01,0.0,0.00,0.01,0.00%
,,"4,445",Vegas Fiesta Grand,Ainsworth,Slot,"August, 2022",4,$2.05,$2.23,0.01,0.0,0.00,0.01,0.00%
,,"4,446",Revved Wilds,Spinberry,Slot,"September, 2023",7,$1.68,$1.06,0.01,0.0,0.00,0.01,0.00%
,,"4,447",King Of The Catch Splash,Aristocrat,Slot,"September, 2024",4,$1.23,$0.99,0.01,0.0,0.00,0.01,0.00%
,,"4,448",Giza Infinity Reels,Reel Play,Slot,"June, 2021",7,$1.05,$0.85,0.01,0.0,0.00,0.01,0.00%
,,"4,449",Lady Of Egypt,Light & Wonder,Slot,"March, 2021",6,$1.69,$1.08,0.01,0.0,0.00,0.01,0.00%
,,"4,450",Reel Hot 7s Classic,Ainsworth,Slot,"November, 2022",6,$1.49,$1.39,0.01,0.0,0.00,0.01,0.00%
,,"4,451",Annihilator,Play N Go,Slot,"November, 2022",5,$0.88,$0.97,0.01,0.0,0.00,0.01,0.00%
,,"4,452",Power Of Gods The Pantheon,Wazdan,Slot,"June, 2023",7,$1.18,$0.93,0.02,0.0,0.00,0.01,0.00%
,,"4,453",Armadillo Does Christmas,Spearhead Studios,Slot,"November, 2023",7,$0.61,$0.74,0.01,0.0,0.00,0.01,0.00%
,,"4,454",Sugar Surge,Incredible Technologies,Slot,"August, 2021",10,$1.80,$1.34,0.00,0.0,0.00,0.01,0.00%
,,"4,455",Fu Friends,Spearhead Studios,Slot,"November, 2024",5,$1.38,$1.10,0.01,0.0,0.00,0.01,0.00%
,,"4,456",Pharaohs Dream,Light & Wonder,Slot,"March, 2021",7,$1.34,$1.20,0.01,0.0,0.00,0.01,0.00%
,,"4,457",Reel Star,Relax Gaming,Slot,"May, 2025",2,$0.88,$0.88,0.01,0.0,0.00,0.01,0.00%
,,"4,458",Kodiak Kingdom,Games Global,Slot,"December, 2023",7,$0.90,$1.00,0.01,0.0,0.00,0.01,0.00%
,,"4,459",Wild West Zone,Oddsworks,Slot,"October, 2022",5,$1.88,$0.98,0.00,0.0,0.00,0.00,0.00%
,,"4,460",All About The Wilds,Spinberry,Slot,"September, 2023",5,$1.92,$1.84,0.01,0.0,0.00,0.00,0.00%
,,"4,461",Treasures Of Kilauea,Games Global,Slot,"October, 2022",5,$1.67,$1.18,0.01,0.0,0.00,0.00,0.00%
,,"4,462",Outback Riches,Spinberry,Slot,"November, 2023",7,$1.20,$1.47,0.01,0.0,0.00,0.00,0.00%
,,"4,463",The Good The Bad And The Wild,Aristocrat,Slot,"June, 2022",3,$0.90,$0.49,0.01,0.0,0.00,0.00,0.00%
,,"4,464",Scratch Merlins Millions,Light & Wonder,Lottery,"March, 2021",5,$0.12,$0.07,0.09,0.0,0.00,0.00,0.00%
,,"4,465",Pegasus Power,High 5 Games,Slot,"March, 2022",3,$0.96,$0.27,0.03,0.0,0.00,0.00,0.00%
,,"4,466",Coin Burst,Aristocrat,Slot,"August, 2024",2,$0.85,$0.85,0.02,0.0,0.00,0.00,0.00%
,,"4,467",Road To Riches,Light & Wonder,Slot,"March, 2021",3,$1.54,$1.00,0.01,0.0,0.00,0.00,0.00%
,,"4,468",Enchanted Crystals,Play N Go,Slot,"December, 2022",7,$1.05,$1.01,0.01,0.0,0.00,0.00,0.00%
,,"4,469",Magic Target Deluxe,Wazdan,Slot,"June, 2023",7,$1.00,$0.52,0.02,0.0,0.00,0.00,0.00%
,,"4,470",Glorious Empire,Light & Wonder,Slot,"March, 2021",2,$1.15,$1.15,0.01,0.0,0.00,0.00,0.00%
,,"4,471",Empire Of Dead,Greentube,Slot,"April, 2024",8,$0.96,$0.78,0.01,0.0,0.00,0.00,0.00%
,,"4,472",Dragons Heat,Ainsworth,Slot,"June, 2023",4,$1.24,$0.95,0.01,0.0,0.00,0.00,0.00%
,,"4,473",Madame Ink,Play N Go,Slot,"December, 2022",3,$2.00,$1.39,0.01,0.0,0.00,0.00,0.00%
,,"4,474",Trojan Treasure,Ainsworth,Slot,"March, 2021",3,$0.81,$0.73,0.01,0.0,0.00,0.00,0.00%
,,"4,475",Royal Crown 2 Respins Of Spearhead,Spearhead Studios,Slot,"June, 2024",4,$0.77,$0.37,0.03,0.0,0.00,0.00,0.00%
,,"4,476",Chocolates,Evolution,Slot,"June, 2021",6,$0.77,$0.82,0.02,0.0,0.00,0.00,0.00%
,,"4,477",Wixx,Evolution,Slot,"January, 2025",13,$1.04,$0.87,0.01,0.0,0.00,0.00,0.00%
,,"4,478",Relic Hunters And The Book Of Faith,Wazdan,Slot,"June, 2023",7,$0.70,$0.55,0.02,0.0,0.00,0.00,0.00%
,,"4,479",Shuang Long Fu,Spearhead Studios,Slot,"February, 2024",4,$2.60,$2.73,0.00,0.0,0.00,0.00,0.00%
,,"4,480",Bayou Queen,Greentube,Lottery,"March, 2024",3,$0.87,$0.92,0.01,0.0,0.00,0.00,0.00%
,,"4,481",Alchemy Blast,Skillzz Gaming,Lottery,"October, 2024",4,$2.36,$2.46,0.00,0.0,0.00,0.00,0.00%
,,"4,482",Towers Of Olympus,Aristocrat,Slot,"June, 2023",6,$1.44,$0.67,0.01,0.0,0.00,0.00,0.00%
,,"4,483",Surging 7s,Spearhead Studios,Slot,"December, 2023",5,$2.33,$1.26,0.00,0.0,0.00,0.00,0.00%
,,"4,484",Testament,Play N Go,Slot,"July, 2023",4,$0.93,$1.00,0.01,0.0,0.00,0.00,0.00%
,,"4,485",Queens Guard,High 5 Games,Slot,"May, 2021",4,$0.56,$0.53,0.02,0.0,0.00,0.00,0.00%
,,"4,486",Gate Of The Pharaohs,High 5 Games,Slot,"February, 2024",13,$0.86,$0.89,0.01,0.0,0.00,0.00,0.00%
,,"4,487",Rise Of Tut Magic,Greentube,Slot,"November, 2023",7,$1.57,$0.80,0.01,0.0,0.00,0.00,0.00%
,,"4,488",Cabaret Royale,Oddsworks,Slot,"August, 2022",11,$0.98,$1.12,0.00,0.0,0.00,0.00,0.00%
,,"4,489",Diamond Vortex,Play N Go,Slot,"November, 2022",4,$0.94,$0.61,0.01,0.0,0.00,0.00,0.00%
,,"4,490",Winifreds Chronicles,Betixon,Slot,"June, 2024",2,$0.95,$0.95,0.01,0.0,0.00,0.00,0.00%
,,"4,491",Silk Road Riches,Oddsworks,Slot,"June, 2024",10,$0.72,$0.70,0.01,0.0,0.00,0.00,0.00%
,,"4,492",Cosmic Convoy,High 5 Games,Slot,"May, 2021",3,$0.53,$0.57,0.02,0.0,0.00,0.00,0.00%
,,"4,493",Joker Joker,Aristocrat,Slot,"June, 2022",4,$1.34,$1.55,0.01,0.0,0.00,0.00,0.00%
,,"4,494",Super Volcano 7s,Ainsworth,Slot,"June, 2023",4,$1.44,$1.36,0.01,0.0,0.00,0.00,0.00%
,,"4,495",The Prancing Pony,Aristocrat,Slot,"October, 2024",2,$1.41,$1.41,0.01,0.0,0.00,0.00,0.00%
,,"4,496",Wild Quad Squad,Spearhead Studios,Slot,"May, 2024",8,$1.78,$1.28,0.00,0.0,0.00,0.00,0.00%
,,"4,497",Juicy Bell Bonanza,Betixon,Slot,"December, 2024",2,$0.57,$0.57,0.01,0.0,0.00,0.00,0.00%
,,"4,498",Sherwood Gold,Play N Go,Slot,"February, 2024",2,$1.10,$1.10,0.01,0.0,0.00,0.00,0.00%
,,"4,499",Thors Hammer Time,Evolution,Slot,"January, 2025",12,$0.77,$0.76,0.01,0.0,0.00,0.00,0.00%
,,"4,500",Wild Scarabs,Games Global,Slot,"August, 2021",12,$1.11,$1.15,0.01,0.0,0.00,0.00,0.00%
,,"4,501",Totem Thunder,Inspired,Slot,"November, 2022",8,$2.04,$1.18,0.00,0.0,0.00,0.00,0.00%
,,"4,502",Arthur And The Round Table,Light & Wonder,Slot,"September, 2021",16,$1.48,$1.06,0.01,0.0,0.00,0.00,0.00%
,,"4,503",The Sand Princess,Oddsworks,Slot,"September, 2022",10,$1.31,$0.97,0.00,0.0,0.00,0.00,0.00%
,,"4,504",Spin Party,Play N Go,Slot,"February, 2024",3,$0.88,$1.02,0.01,0.0,0.00,0.00,0.00%
,,"4,505",Gold Power,Aristocrat,Slot,"January, 2025",5,$1.42,$1.25,0.00,0.0,0.00,0.00,0.00%
,,"4,506",Football Champions Cup,Evolution,Slot,"March, 2021",4,$1.23,$1.18,0.01,0.0,0.00,0.00,0.00%
,,"4,507",Fiesta De Musica,Ainsworth,Slot,"February, 2024",5,$0.97,$1.22,0.01,0.0,0.00,0.00,0.00%
,,"4,508",Legend Of 9 Suns,Oddsworks,Slot,"October, 2022",14,$0.94,$0.99,0.00,0.0,0.00,0.00,0.00%
,,"4,509",The Lioness,Spearhead Studios,Slot,"December, 2022",7,$1.46,$1.48,0.00,0.0,0.00,0.00,0.00%
,,"4,510",Goat Rush,Fantasma Games,Slot,"April, 2023",4,$1.14,$1.06,0.01,0.0,0.00,0.00,0.00%
,,"4,511",Spark Of Genius,Play N Go,Slot,"August, 2024",8,$1.18,$0.81,0.01,0.0,0.00,0.00,0.00%
,,"4,512",Hawaii Surf,Spinberry,Slot,"March, 2024",6,$0.71,$0.64,0.01,0.0,0.00,0.00,0.00%
,,"4,513",Scratch Volcano Eruption,Light & Wonder,Lottery,"March, 2021",4,$0.07,$0.04,0.09,0.0,0.00,0.00,0.00%
,,"4,514",Gems And Riches,Aristocrat,Slot,"April, 2025",5,$2.28,$0.76,0.01,0.0,0.00,0.00,0.00%
,,"4,515",Spartacus Call To Arms,Light & Wonder,Slot,"March, 2021",3,$1.39,$1.10,0.00,0.0,0.00,0.00,0.00%
,,"4,516",Zhong Kui,Ainsworth,Slot,"May, 2024",7,$2.09,$2.21,0.00,0.0,0.00,0.00,0.00%
,,"4,517",Agent Valkyrie,Oddsworks,Slot,"June, 2023",13,$1.27,$1.16,0.01,0.0,0.00,0.00,0.00%
,,"4,518",Bubbly Wild Super 7 Scratchcard,Aristocrat,Instant Win,"July, 2025",2,$2.00,$2.00,0.01,0.0,0.00,0.01,0.00%
,,"4,519",Xing Xing,Betixon,Slot,"February, 2025",2,$1.11,$1.11,0.00,0.0,0.00,0.00,0.00%
,,"4,520",Monopoly Electric Win,Light & Wonder,Slot,"March, 2021",11,$0.89,$0.74,0.01,0.0,0.00,0.00,0.00%
,,"4,521",Shocking Fruits,Spinberry,Slot,"August, 2024",6,$0.56,$0.60,0.01,0.0,0.00,0.00,0.00%
,,"4,522",Spinberry Wilds,Spinberry,Slot,"October, 2023",8,$1.68,$0.61,0.01,0.0,0.00,0.00,0.00%
,,"4,523",Fruit Lightning,1x2 Network,Slot,"May, 2025",4,$0.77,$0.39,0.00,0.0,0.00,0.00,0.00%
,,"4,524",Lucky Stars Scatter Reactors,Pixiu Gaming,Slot,"March, 2024",4,$0.63,$0.65,0.01,0.0,0.00,0.00,0.00%
,,"4,525",Fugitive Gold,High 5 Games,Slot,"April, 2023",10,$1.08,$0.51,0.01,0.0,0.00,0.00,0.00%
,,"4,526",Celtic Goddess,Oddsworks,Slot,"October, 2022",12,$1.07,$0.90,0.01,0.0,0.00,0.00,0.00%
,,"4,527",Tiki Reward,Games Global,Slot,"August, 2021",10,$1.01,$0.93,0.01,0.0,0.00,0.00,0.00%
,,"4,528",Cash Pump,Play N Go,Slot,"July, 2022",5,$1.17,$1.05,0.01,0.0,0.00,0.00,0.00%
,,"4,529",Immortails Of Egypt,Play N Go,Slot,"July, 2023",6,$1.09,$0.51,0.01,0.0,0.00,0.00,0.00%
,,"4,530",Twin Turbo,High 5 Games,Slot,"August, 2022",7,$0.86,$0.83,0.01,0.0,0.00,0.00,0.00%
,,"4,531",Golden Tides,Oddsworks,Slot,"December, 2022",8,$1.06,$0.62,0.00,0.0,0.00,0.00,0.00%
,,"4,532",Outback Walkabout,High 5 Games,Slot,"March, 2021",2,$2.01,$2.01,0.00,0.0,0.00,0.00,0.00%
,,"4,533",Luck Of The Dead,Greentube,Lottery,"May, 2024",4,$0.68,$0.70,0.01,0.0,0.00,0.00,0.00%
,,"4,534",Wild Catcher,Bragg Gaming Group,Slot,"March, 2021",4,$0.74,$0.69,0.01,0.0,0.00,0.00,0.00%
,,"4,535",Jingle Wins,Aristocrat,Slot,"December, 2023",3,$0.50,$0.52,0.02,0.0,0.00,0.00,0.00%
,,"4,536",Vegas Ways,High 5 Games,Slot,"July, 2022",3,$1.35,$0.75,0.01,0.0,0.00,0.00,0.00%
,,"4,537",Poison Eve,Evolution,Slot,"April, 2025",13,$0.69,$0.68,0.01,0.0,0.00,0.00,0.00%
,,"4,538",Pirates Of The Mediterranean Remastered,Spearhead Studios,Slot,"January, 2023",4,$0.68,$0.76,0.01,0.0,0.00,0.00,0.00%
,,"4,539",Lamp Of Magic,Betixon,Slot,"May, 2024",2,$0.80,$0.80,0.01,0.0,0.00,0.00,0.00%
,,"4,540",Golden Vault Of The Pharaohs Power Bet,High 5 Games,Slot,"March, 2021",3,$1.13,$0.63,0.01,0.0,0.00,0.00,0.00%
,,"4,541",Flame Queen,Greentube,Lottery,"January, 2024",4,$0.64,$0.63,0.01,0.0,0.00,0.00,0.00%
,,"4,542",Lucha Chilli,Light & Wonder,Slot,"July, 2024",3,$0.96,$0.74,0.00,0.0,0.00,0.00,0.00%
,,"4,543",Wild Rails,Play N Go,Slot,"September, 2023",2,$0.74,$0.74,0.01,0.0,0.00,0.00,0.00%
,,"4,544",Blazin Hot Lucky Stars,Ainsworth,Slot,"November, 2022",5,$1.69,$1.58,0.00,0.0,0.00,0.00,0.00%
,,"4,545",Bikers Bounty,Greentube,Lottery,"July, 2024",3,$0.71,$0.65,0.01,0.0,0.00,0.00,0.00%
,,"4,546",Kings Relics,1x2 Network,Slot,"May, 2025",4,$1.72,$0.70,0.01,0.0,0.00,0.00,0.00%
,,"4,547",Crowning Glory,Light & Wonder,Slot,"March, 2021",5,$1.95,$1.04,0.00,0.0,0.00,0.00,0.00%
,,"4,548",Jacks Treasures,Aristocrat,Slot,"February, 2024",2,$0.88,$0.88,0.00,0.0,0.00,0.00,0.00%
,,"4,549",The Spanish Life,Spearhead Studios,Slot,"June, 2024",4,$0.74,$0.59,0.01,0.0,0.00,0.00,0.00%
,,"4,550",Jonny Ventura And The Eye Of Ra,Aristocrat,Slot,"June, 2022",6,$1.35,$1.00,0.01,0.0,0.00,0.00,0.00%
,,"4,551",Goldorado,Aristocrat,Slot,"April, 2024",3,$2.11,$0.83,0.00,0.0,0.00,0.00,0.00%
,,"4,552",Book Of Armadillo,Spearhead Studios,Slot,"December, 2023",6,$0.88,$0.60,0.00,0.0,0.00,0.00,0.00%
,,"4,553",Goldstruck,High 5 Games,Slot,"March, 2021",2,$0.87,$0.87,0.01,0.0,0.00,0.00,0.00%
,,"4,554",Inferno Joker,Play N Go,Slot,"November, 2022",5,$1.15,$0.67,0.01,0.0,0.00,0.00,0.00%
,,"4,555",Parrots Gold,Aristocrat,Slot,"June, 2024",4,$0.73,$0.76,0.01,0.0,0.00,0.00,0.00%
,,"4,556",Reel Clash,Light & Wonder,Slot,"May, 2021",2,$1.42,$1.42,0.00,0.0,0.00,0.00,0.00%
,,"4,557",Legends Of Kalahari,Oddsworks,Slot,"October, 2022",12,$1.28,$1.23,0.00,0.0,0.00,0.00,0.00%
,,"4,558",Reefpop,Light & Wonder,Slot,"October, 2024",2,$0.62,$0.62,0.01,0.0,0.00,0.00,0.00%
,,"4,559",Viking Glory,Aristocrat,Slot,"January, 2025",4,$1.97,$2.12,0.00,0.0,0.00,0.00,0.00%
,,"4,560",Spear Of Fire,Spinomenal,Slot,"April, 2025",2,$0.73,$0.73,0.01,0.0,0.00,0.00,0.00%
,,"4,561",Smoking Hot Fruits,1x2 Network,Slot,"June, 2024",5,$0.80,$0.63,0.00,0.0,0.00,0.00,0.00%
,,"4,562",The Race,Evolution,Slot,"June, 2023",6,$1.93,$1.26,0.00,0.0,0.00,0.00,0.00%
,,"4,563",Build Your Empire,High 5 Games,Slot,"September, 2021",3,$0.56,$0.57,0.01,0.0,0.00,0.00,0.00%
,,"4,564",Zombies Gone Wild,Aristocrat,Slot,"September, 2024",2,$1.66,$1.66,0.00,0.0,0.00,0.00,0.00%
,,"4,565",Gummy Galaxy,Spearhead Studios,Slot,"March, 2024",5,$1.53,$0.87,0.00,0.0,0.00,0.00,0.00%
,,"4,566",Bubble Bucks,Ainsworth,Slot,"November, 2022",3,$0.90,$0.90,0.00,0.0,0.00,0.00,0.00%
,,"4,567",Book Of Relics Megadrop,Light & Wonder,Slot,"August, 2023",3,$0.76,$0.61,0.01,0.0,0.00,0.00,0.00%
,,"4,568",Golds Guardian,Aristocrat,Slot,"July, 2023",4,$0.74,$0.64,0.01,0.0,0.00,0.00,0.00%
,,"4,569",Jewels And Gems,Greentube,Lottery,"February, 2024",3,$0.97,$0.65,0.00,0.0,0.00,0.00,0.00%
,,"4,570",Cosmic Gems,Oddsworks,Slot,"September, 2022",10,$1.09,$0.85,0.00,0.0,0.00,0.00,0.00%
,,"4,571",Four Guardians,Bragg Gaming Group,Slot,"March, 2021",3,$1.62,$1.23,0.00,0.0,0.00,0.00,0.00%
,,"4,572",Split Dragon,High 5 Games,Slot,"October, 2022",7,$0.78,$0.79,0.01,0.0,0.00,0.00,0.00%
,,"4,573",Fiesta De Toros,Ainsworth,Slot,"January, 2024",6,$0.74,$0.74,0.00,0.0,0.00,0.00,0.00%
,,"4,574",Roma Invicta,Ainsworth,Slot,"June, 2023",3,$1.74,$1.43,0.00,0.0,0.00,0.00,0.00%
,,"4,575",Lara Jones Treasure Of Egypt,Spearhead Studios,Slot,"November, 2022",4,$1.57,$0.31,0.00,0.0,0.00,0.00,0.00%
,,"4,576",Blackjack In For 6,Light & Wonder,Table Game,"September, 2024",6,$6.60,$7.15,0.01,0.0,0.00,0.00,0.00%
,,"4,577",Ultimate Ink Mega Drop Low,Light & Wonder,Slot,"December, 2021",3,$0.79,$0.58,0.01,0.0,0.00,0.00,0.00%
,,"4,578",Mirror Of Fortune,White Hat Studios,Slot,"August, 2022",4,$0.33,$0.30,0.01,0.0,0.00,0.00,0.00%
,,"4,579",Cirque Du Soleil Amaluna,Light & Wonder,Slot,"March, 2021",2,$1.20,$1.20,0.00,0.0,0.00,0.00,0.00%
,,"4,580",The Great Gambinis Night Magic,Greentube,Slot,"December, 2021",4,$0.99,$0.96,0.00,0.0,0.00,0.00,0.00%
,,"4,581",Multi Rise Video Poker Double Bonus,Oddsworks,Video Poker,"October, 2023",2,$0.86,$0.86,0.00,0.0,0.00,0.00,0.00%
,,"4,582",Lucky 8 Reactors,Light & Wonder,Slot,"April, 2024",3,$0.37,$0.30,0.00,0.0,0.00,0.00,0.00%
,,"4,583",Sabaton,Play N Go,Slot,"July, 2023",3,$0.49,$0.31,0.00,0.0,0.00,0.00,0.00%
,,"4,584",Ultimate Stars,Aristocrat,Slot,"April, 2024",2,$1.31,$1.31,0.00,0.0,0.00,0.00,0.00%
,,"4,585",Titans Riches,Aristocrat,Slot,"July, 2022",3,$0.78,$0.60,0.00,0.0,0.00,0.00,0.00%
,,"4,586",Valkyrie Returns,Oddsworks,Slot,"September, 2022",8,$0.85,$0.81,0.00,0.0,0.00,0.00,0.00%
,,"4,587",Tiki Time Exotic Wilds,Everymatrix,Slot,"July, 2024",3,$1.02,$0.20,0.00,0.0,0.00,0.00,0.00%
,,"4,588",Cup Glory,Aristocrat,Slot,"January, 2024",3,$0.96,$0.67,0.00,0.0,0.00,0.00,0.00%
,,"4,589",Digipays,Aristocrat,Slot,"September, 2024",6,$2.26,$1.08,0.00,0.0,0.00,0.00,0.00%
,,"4,590",Donkey Dash,Light & Wonder,Instant Win,"March, 2023",4,$0.59,$0.38,0.00,0.0,0.00,0.00,0.00%
,,"4,591",Foxpot,Games Global,Slot,"January, 2023",4,$0.33,$0.35,0.00,0.0,0.00,0.00,0.00%
,,"4,592",Silver Enchantress,High 5 Games,Slot,"March, 2021",2,$0.57,$0.57,0.00,0.0,0.00,0.00,0.00%
,,"4,593",Golden Safari,Greentube,Slot,"April, 2024",2,$4.21,$4.21,0.00,0.0,0.00,0.00,0.00%
,,"4,594",Honey Touch,Greentube,Lottery,"April, 2024",2,$1.11,$1.11,0.00,0.0,0.00,0.00,0.00%
,,"4,595",Holy Diver,Evolution,Slot,"March, 2021",2,$1.22,$1.22,0.00,0.0,0.00,0.00,0.00%
,,"4,596",Grim Muerto,Play N Go,Slot,"July, 2023",2,$0.41,$0.41,0.00,0.0,0.00,0.00,0.00%
,,"4,597",Raiden V,Bragg Gaming Group,Slot,"March, 2021",3,$1.23,$1.00,0.00,0.0,0.00,0.00,0.00%
,,"4,598",Da Vinci Muse,High 5 Games,Slot,"October, 2021",2,$0.35,$0.35,0.00,0.0,0.00,0.00,0.00%
,,"4,599",Fiesta De Bailarina,Ainsworth,Slot,"December, 2023",2,$0.30,$0.30,0.00,0.0,0.00,0.00,0.00%
Grand Total,Total,Total,Total,Total,Total,Total,33,$3.55,$1.36,0.92,0.9,0.93,0.92,83.98%